vote_choice,gender,race,age,ideology,pol_interest,church_attendance,race_text,gender_text,age_text,ideology_text,church_attendance_text,pol_interest_text,user_content,assistant_content
1,1,1,54,4,1,1,white,man,54,moderate,attend church,very,"Racially, I am white. I am a man. I am 54 years old. Ideologically, I am moderate. I attend church. I am very interested in politics. ",Kamala Harris
2,1,1,73,6,1,1,white,man,73,conservative,attend church,very,"Racially, I am white. I am a man. I am 73 years old. Ideologically, I am conservative. I attend church. I am very interested in politics. ",Donald Trump
2,1,1,28,6,3,1,white,man,28,conservative,attend church,not very,"Racially, I am white. I am a man. I am 28 years old. Ideologically, I am conservative. I attend church. I am not very interested in politics. ",Donald Trump
1,2,2,80,4,2,1,black,woman,80,moderate,attend church,somewhat,"Racially, I am black. I am a woman. I am 80 years old. Ideologically, I am moderate. I attend church. I am somewhat interested in politics. ",Kamala Harris
1,2,1,54,1,2,2,white,woman,54,extremely liberal,do not attend church,somewhat,"Racially, I am white. I am a woman. I am 54 years old. Ideologically, I am extremely liberal. I do not attend church. I am somewhat interested in politics. ",Kamala Harris
2,1,1,65,5,1,2,white,man,65,slightly conservative,do not attend church,very,"Racially, I am white. I am a man. I am 65 years old. Ideologically, I am slightly conservative. I do not attend church. I am very interested in politics. ",Donald Trump
1,2,1,34,2,2,1,white,woman,34,liberal,attend church,somewhat,"Racially, I am white. I am a woman. I am 34 years old. Ideologically, I am liberal. I attend church. I am somewhat interested in politics. ",Kamala Harris
2,2,1,38,6,3,1,white,woman,38,conservative,attend church,not very,"Racially, I am white. I am a woman. I am 38 years old. Ideologically, I am conservative. I attend church. I am not very interested in politics. ",Donald Trump
2,2,1,44,6,2,2,white,woman,44,conservative,do not attend church,somewhat,"Racially, I am white. I am a woman. I am 44 years old. Ideologically, I am conservative. I do not attend church. I am somewhat interested in politics. ",Donald Trump
1,2,1,72,4,2,1,white,woman,72,moderate,attend church,somewhat,"Racially, I am white. I am a woman. I am 72 years old. Ideologically, I am moderate. I attend church. I am somewhat interested in politics. ",Kamala Harris
1,2,2,26,4,2,1,black,woman,26,moderate,attend church,somewhat,"Racially, I am black. I am a woman. I am 26 years old. Ideologically, I am moderate. I attend church. I am somewhat interested in politics. ",Kamala Harris
1,2,1,65,2,3,2,white,woman,65,liberal,do not attend church,not very,"Racially, I am white. I am a woman. I am 65 years old. Ideologically, I am liberal. I do not attend church. I am not very interested in politics. ",Kamala Harris
1,2,1,61,4,2,1,white,woman,61,moderate,attend church,somewhat,"Racially, I am white. I am a woman. I am 61 years old. Ideologically, I am moderate. I attend church. I am somewhat interested in politics. ",Kamala Harris
2,1,1,68,6,2,2,white,man,68,conservative,do not attend church,somewhat,"Racially, I am white. I am a man. I am 68 years old. Ideologically, I am conservative. I do not attend church. I am somewhat interested in politics. ",Donald Trump
2,2,1,80,5,2,1,white,woman,80,slightly conservative,attend church,somewhat,"Racially, I am white. I am a woman. I am 80 years old. Ideologically, I am slightly conservative. I attend church. I am somewhat interested in politics. ",Donald Trump
2,1,1,32,6,1,1,white,man,32,conservative,attend church,very,"Racially, I am white. I am a man. I am 32 years old. Ideologically, I am conservative. I attend church. I am very interested in politics. ",Donald Trump
1,2,1,74,2,1,2,white,woman,74,liberal,do not attend church,very,"Racially, I am white. I am a woman. I am 74 years old. Ideologically, I am liberal. I do not attend church. I am very interested in politics. ",Kamala Harris
1,1,1,66,4,1,1,white,man,66,moderate,attend church,very,"Racially, I am white. I am a man. I am 66 years old. Ideologically, I am moderate. I attend church. I am very interested in politics. ",Kamala Harris
1,1,1,52,3,2,2,white,man,52,slightly liberal,do not attend church,somewhat,"Racially, I am white. I am a man. I am 52 years old. Ideologically, I am slightly liberal. I do not attend church. I am somewhat interested in politics. ",Kamala Harris
1,2,2,80,2,2,2,black,woman,80,liberal,do not attend church,somewhat,"Racially, I am black. I am a woman. I am 80 years old. Ideologically, I am liberal. I do not attend church. I am somewhat interested in politics. ",Kamala Harris
1,1,1,50,2,2,1,white,man,50,liberal,attend church,somewhat,"Racially, I am white. I am a man. I am 50 years old. Ideologically, I am liberal. I attend church. I am somewhat interested in politics. ",Kamala Harris
2,2,1,73,4,4,2,white,woman,73,moderate,do not attend church,not at all,"Racially, I am white. I am a woman. I am 73 years old. Ideologically, I am moderate. I do not attend church. I am not at all interested in politics. ",Donald Trump
1,1,1,75,2,1,1,white,man,75,liberal,attend church,very,"Racially, I am white. I am a man. I am 75 years old. Ideologically, I am liberal. I attend church. I am very interested in politics. ",Kamala Harris
2,1,1,56,4,1,2,white,man,56,moderate,do not attend church,very,"Racially, I am white. I am a man. I am 56 years old. Ideologically, I am moderate. I do not attend church. I am very interested in politics. ",Donald Trump
2,2,1,62,5,2,1,white,woman,62,slightly conservative,attend church,somewhat,"Racially, I am white. I am a woman. I am 62 years old. Ideologically, I am slightly conservative. I attend church. I am somewhat interested in politics. ",Donald Trump
1,1,3,32,2,1,2,hispanic,man,32,liberal,do not attend church,very,"Racially, I am hispanic. I am a man. I am 32 years old. Ideologically, I am liberal. I do not attend church. I am very interested in politics. ",Kamala Harris
2,2,1,55,7,1,1,white,woman,55,extremely conservative,attend church,very,"Racially, I am white. I am a woman. I am 55 years old. Ideologically, I am extremely conservative. I attend church. I am very interested in politics. ",Donald Trump
1,2,1,54,3,2,1,white,woman,54,slightly liberal,attend church,somewhat,"Racially, I am white. I am a woman. I am 54 years old. Ideologically, I am slightly liberal. I attend church. I am somewhat interested in politics. ",Kamala Harris
1,2,1,44,1,1,2,white,woman,44,extremely liberal,do not attend church,very,"Racially, I am white. I am a woman. I am 44 years old. Ideologically, I am extremely liberal. I do not attend church. I am very interested in politics. ",Kamala Harris
1,2,1,28,5,2,2,white,woman,28,slightly conservative,do not attend church,somewhat,"Racially, I am white. I am a woman. I am 28 years old. Ideologically, I am slightly conservative. I do not attend church. I am somewhat interested in politics. ",Kamala Harris
1,1,1,51,4,3,2,white,man,51,moderate,do not attend church,not very,"Racially, I am white. I am a man. I am 51 years old. Ideologically, I am moderate. I do not attend church. I am not very interested in politics. ",Kamala Harris
2,2,1,37,4,4,1,white,woman,37,moderate,attend church,not at all,"Racially, I am white. I am a woman. I am 37 years old. Ideologically, I am moderate. I attend church. I am not at all interested in politics. ",Donald Trump
2,2,1,35,3,2,1,white,woman,35,slightly liberal,attend church,somewhat,"Racially, I am white. I am a woman. I am 35 years old. Ideologically, I am slightly liberal. I attend church. I am somewhat interested in politics. ",Donald Trump
2,1,1,64,6,2,1,white,man,64,conservative,attend church,somewhat,"Racially, I am white. I am a man. I am 64 years old. Ideologically, I am conservative. I attend church. I am somewhat interested in politics. ",Donald Trump
1,2,1,70,2,1,2,white,woman,70,liberal,do not attend church,very,"Racially, I am white. I am a woman. I am 70 years old. Ideologically, I am liberal. I do not attend church. I am very interested in politics. ",Kamala Harris
1,1,2,36,5,2,1,black,man,36,slightly conservative,attend church,somewhat,"Racially, I am black. I am a man. I am 36 years old. Ideologically, I am slightly conservative. I attend church. I am somewhat interested in politics. ",Kamala Harris
2,1,1,40,6,2,1,white,man,40,conservative,attend church,somewhat,"Racially, I am white. I am a man. I am 40 years old. Ideologically, I am conservative. I attend church. I am somewhat interested in politics. ",Donald Trump
2,1,1,62,6,1,1,white,man,62,conservative,attend church,very,"Racially, I am white. I am a man. I am 62 years old. Ideologically, I am conservative. I attend church. I am very interested in politics. ",Donald Trump
1,1,1,76,3,2,1,white,man,76,slightly liberal,attend church,somewhat,"Racially, I am white. I am a man. I am 76 years old. Ideologically, I am slightly liberal. I attend church. I am somewhat interested in politics. ",Kamala Harris
2,1,1,60,5,1,1,white,man,60,slightly conservative,attend church,very,"Racially, I am white. I am a man. I am 60 years old. Ideologically, I am slightly conservative. I attend church. I am very interested in politics. ",Donald Trump
2,2,1,34,5,3,2,white,woman,34,slightly conservative,do not attend church,not very,"Racially, I am white. I am a woman. I am 34 years old. Ideologically, I am slightly conservative. I do not attend church. I am not very interested in politics. ",Donald Trump
1,1,3,65,3,1,2,hispanic,man,65,slightly liberal,do not attend church,very,"Racially, I am hispanic. I am a man. I am 65 years old. Ideologically, I am slightly liberal. I do not attend church. I am very interested in politics. ",Kamala Harris
1,2,1,62,1,1,2,white,woman,62,extremely liberal,do not attend church,very,"Racially, I am white. I am a woman. I am 62 years old. Ideologically, I am extremely liberal. I do not attend church. I am very interested in politics. ",Kamala Harris
1,1,1,35,1,1,2,white,man,35,extremely liberal,do not attend church,very,"Racially, I am white. I am a man. I am 35 years old. Ideologically, I am extremely liberal. I do not attend church. I am very interested in politics. ",Kamala Harris
1,2,1,30,2,2,2,white,woman,30,liberal,do not attend church,somewhat,"Racially, I am white. I am a woman. I am 30 years old. Ideologically, I am liberal. I do not attend church. I am somewhat interested in politics. ",Kamala Harris
1,1,1,77,3,1,2,white,man,77,slightly liberal,do not attend church,very,"Racially, I am white. I am a man. I am 77 years old. Ideologically, I am slightly liberal. I do not attend church. I am very interested in politics. ",Kamala Harris
1,2,1,44,2,1,2,white,woman,44,liberal,do not attend church,very,"Racially, I am white. I am a woman. I am 44 years old. Ideologically, I am liberal. I do not attend church. I am very interested in politics. ",Kamala Harris
1,2,1,69,2,2,1,white,woman,69,liberal,attend church,somewhat,"Racially, I am white. I am a woman. I am 69 years old. Ideologically, I am liberal. I attend church. I am somewhat interested in politics. ",Kamala Harris
1,2,4,47,2,2,2,asian,woman,47,liberal,do not attend church,somewhat,"Racially, I am asian. I am a woman. I am 47 years old. Ideologically, I am liberal. I do not attend church. I am somewhat interested in politics. ",Kamala Harris
2,1,3,50,6,2,1,hispanic,man,50,conservative,attend church,somewhat,"Racially, I am hispanic. I am a man. I am 50 years old. Ideologically, I am conservative. I attend church. I am somewhat interested in politics. ",Donald Trump
1,1,1,72,5,2,1,white,man,72,slightly conservative,attend church,somewhat,"Racially, I am white. I am a man. I am 72 years old. Ideologically, I am slightly conservative. I attend church. I am somewhat interested in politics. ",Kamala Harris
1,2,1,41,2,2,2,white,woman,41,liberal,do not attend church,somewhat,"Racially, I am white. I am a woman. I am 41 years old. Ideologically, I am liberal. I do not attend church. I am somewhat interested in politics. ",Kamala Harris
2,1,1,67,6,2,1,white,man,67,conservative,attend church,somewhat,"Racially, I am white. I am a man. I am 67 years old. Ideologically, I am conservative. I attend church. I am somewhat interested in politics. ",Donald Trump
1,2,1,76,4,2,1,white,woman,76,moderate,attend church,somewhat,"Racially, I am white. I am a woman. I am 76 years old. Ideologically, I am moderate. I attend church. I am somewhat interested in politics. ",Kamala Harris
2,2,1,47,6,2,2,white,woman,47,conservative,do not attend church,somewhat,"Racially, I am white. I am a woman. I am 47 years old. Ideologically, I am conservative. I do not attend church. I am somewhat interested in politics. ",Donald Trump
1,2,1,51,2,4,2,white,woman,51,liberal,do not attend church,not at all,"Racially, I am white. I am a woman. I am 51 years old. Ideologically, I am liberal. I do not attend church. I am not at all interested in politics. ",Kamala Harris
1,2,1,71,2,2,2,white,woman,71,liberal,do not attend church,somewhat,"Racially, I am white. I am a woman. I am 71 years old. Ideologically, I am liberal. I do not attend church. I am somewhat interested in politics. ",Kamala Harris
1,1,1,56,4,2,1,white,man,56,moderate,attend church,somewhat,"Racially, I am white. I am a man. I am 56 years old. Ideologically, I am moderate. I attend church. I am somewhat interested in politics. ",Kamala Harris
1,1,1,42,3,2,2,white,man,42,slightly liberal,do not attend church,somewhat,"Racially, I am white. I am a man. I am 42 years old. Ideologically, I am slightly liberal. I do not attend church. I am somewhat interested in politics. ",Kamala Harris
1,1,1,76,4,1,1,white,man,76,moderate,attend church,very,"Racially, I am white. I am a man. I am 76 years old. Ideologically, I am moderate. I attend church. I am very interested in politics. ",Kamala Harris
1,2,2,49,5,2,1,black,woman,49,slightly conservative,attend church,somewhat,"Racially, I am black. I am a woman. I am 49 years old. Ideologically, I am slightly conservative. I attend church. I am somewhat interested in politics. ",Kamala Harris
1,1,2,64,3,1,2,black,man,64,slightly liberal,do not attend church,very,"Racially, I am black. I am a man. I am 64 years old. Ideologically, I am slightly liberal. I do not attend church. I am very interested in politics. ",Kamala Harris
1,1,2,80,2,1,1,black,man,80,liberal,attend church,very,"Racially, I am black. I am a man. I am 80 years old. Ideologically, I am liberal. I attend church. I am very interested in politics. ",Kamala Harris
2,2,1,65,6,1,1,white,woman,65,conservative,attend church,very,"Racially, I am white. I am a woman. I am 65 years old. Ideologically, I am conservative. I attend church. I am very interested in politics. ",Donald Trump
2,1,1,69,4,2,1,white,man,69,moderate,attend church,somewhat,"Racially, I am white. I am a man. I am 69 years old. Ideologically, I am moderate. I attend church. I am somewhat interested in politics. ",Donald Trump
1,2,1,37,1,2,2,white,woman,37,extremely liberal,do not attend church,somewhat,"Racially, I am white. I am a woman. I am 37 years old. Ideologically, I am extremely liberal. I do not attend church. I am somewhat interested in politics. ",Kamala Harris
2,1,1,62,7,2,1,white,man,62,extremely conservative,attend church,somewhat,"Racially, I am white. I am a man. I am 62 years old. Ideologically, I am extremely conservative. I attend church. I am somewhat interested in politics. ",Donald Trump
2,2,1,80,6,2,1,white,woman,80,conservative,attend church,somewhat,"Racially, I am white. I am a woman. I am 80 years old. Ideologically, I am conservative. I attend church. I am somewhat interested in politics. ",Donald Trump
1,1,1,72,2,2,2,white,man,72,liberal,do not attend church,somewhat,"Racially, I am white. I am a man. I am 72 years old. Ideologically, I am liberal. I do not attend church. I am somewhat interested in politics. ",Kamala Harris
2,1,1,67,4,2,2,white,man,67,moderate,do not attend church,somewhat,"Racially, I am white. I am a man. I am 67 years old. Ideologically, I am moderate. I do not attend church. I am somewhat interested in politics. ",Donald Trump
1,2,2,43,6,2,1,black,woman,43,conservative,attend church,somewhat,"Racially, I am black. I am a woman. I am 43 years old. Ideologically, I am conservative. I attend church. I am somewhat interested in politics. ",Kamala Harris
2,2,1,42,6,1,1,white,woman,42,conservative,attend church,very,"Racially, I am white. I am a woman. I am 42 years old. Ideologically, I am conservative. I attend church. I am very interested in politics. ",Donald Trump
2,1,1,65,6,2,1,white,man,65,conservative,attend church,somewhat,"Racially, I am white. I am a man. I am 65 years old. Ideologically, I am conservative. I attend church. I am somewhat interested in politics. ",Donald Trump
1,2,1,41,2,1,2,white,woman,41,liberal,do not attend church,very,"Racially, I am white. I am a woman. I am 41 years old. Ideologically, I am liberal. I do not attend church. I am very interested in politics. ",Kamala Harris
1,2,1,33,2,2,2,white,woman,33,liberal,do not attend church,somewhat,"Racially, I am white. I am a woman. I am 33 years old. Ideologically, I am liberal. I do not attend church. I am somewhat interested in politics. ",Kamala Harris
1,2,1,62,3,1,2,white,woman,62,slightly liberal,do not attend church,very,"Racially, I am white. I am a woman. I am 62 years old. Ideologically, I am slightly liberal. I do not attend church. I am very interested in politics. ",Kamala Harris
1,1,1,63,4,1,1,white,man,63,moderate,attend church,very,"Racially, I am white. I am a man. I am 63 years old. Ideologically, I am moderate. I attend church. I am very interested in politics. ",Kamala Harris
1,2,1,77,2,2,1,white,woman,77,liberal,attend church,somewhat,"Racially, I am white. I am a woman. I am 77 years old. Ideologically, I am liberal. I attend church. I am somewhat interested in politics. ",Kamala Harris
1,1,1,80,2,1,2,white,man,80,liberal,do not attend church,very,"Racially, I am white. I am a man. I am 80 years old. Ideologically, I am liberal. I do not attend church. I am very interested in politics. ",Kamala Harris
1,2,1,52,2,2,1,white,woman,52,liberal,attend church,somewhat,"Racially, I am white. I am a woman. I am 52 years old. Ideologically, I am liberal. I attend church. I am somewhat interested in politics. ",Kamala Harris
1,2,1,26,2,2,2,white,woman,26,liberal,do not attend church,somewhat,"Racially, I am white. I am a woman. I am 26 years old. Ideologically, I am liberal. I do not attend church. I am somewhat interested in politics. ",Kamala Harris
1,1,1,80,3,1,1,white,man,80,slightly liberal,attend church,very,"Racially, I am white. I am a man. I am 80 years old. Ideologically, I am slightly liberal. I attend church. I am very interested in politics. ",Kamala Harris
2,1,1,35,5,2,2,white,man,35,slightly conservative,do not attend church,somewhat,"Racially, I am white. I am a man. I am 35 years old. Ideologically, I am slightly conservative. I do not attend church. I am somewhat interested in politics. ",Donald Trump
2,2,1,60,4,3,2,white,woman,60,moderate,do not attend church,not very,"Racially, I am white. I am a woman. I am 60 years old. Ideologically, I am moderate. I do not attend church. I am not very interested in politics. ",Donald Trump
1,1,1,61,2,2,2,white,man,61,liberal,do not attend church,somewhat,"Racially, I am white. I am a man. I am 61 years old. Ideologically, I am liberal. I do not attend church. I am somewhat interested in politics. ",Kamala Harris
2,1,1,48,4,3,2,white,man,48,moderate,do not attend church,not very,"Racially, I am white. I am a man. I am 48 years old. Ideologically, I am moderate. I do not attend church. I am not very interested in politics. ",Donald Trump
1,2,1,29,2,2,2,white,woman,29,liberal,do not attend church,somewhat,"Racially, I am white. I am a woman. I am 29 years old. Ideologically, I am liberal. I do not attend church. I am somewhat interested in politics. ",Kamala Harris
1,2,1,65,3,2,2,white,woman,65,slightly liberal,do not attend church,somewhat,"Racially, I am white. I am a woman. I am 65 years old. Ideologically, I am slightly liberal. I do not attend church. I am somewhat interested in politics. ",Kamala Harris
2,2,1,78,7,2,2,white,woman,78,extremely conservative,do not attend church,somewhat,"Racially, I am white. I am a woman. I am 78 years old. Ideologically, I am extremely conservative. I do not attend church. I am somewhat interested in politics. ",Donald Trump
2,1,1,76,5,2,1,white,man,76,slightly conservative,attend church,somewhat,"Racially, I am white. I am a man. I am 76 years old. Ideologically, I am slightly conservative. I attend church. I am somewhat interested in politics. ",Donald Trump
1,2,3,80,3,1,1,hispanic,woman,80,slightly liberal,attend church,very,"Racially, I am hispanic. I am a woman. I am 80 years old. Ideologically, I am slightly liberal. I attend church. I am very interested in politics. ",Kamala Harris
1,1,1,75,2,2,2,white,man,75,liberal,do not attend church,somewhat,"Racially, I am white. I am a man. I am 75 years old. Ideologically, I am liberal. I do not attend church. I am somewhat interested in politics. ",Kamala Harris
2,1,2,68,4,2,1,black,man,68,moderate,attend church,somewhat,"Racially, I am black. I am a man. I am 68 years old. Ideologically, I am moderate. I attend church. I am somewhat interested in politics. ",Donald Trump
2,2,1,76,4,3,1,white,woman,76,moderate,attend church,not very,"Racially, I am white. I am a woman. I am 76 years old. Ideologically, I am moderate. I attend church. I am not very interested in politics. ",Donald Trump
1,1,1,54,4,3,2,white,man,54,moderate,do not attend church,not very,"Racially, I am white. I am a man. I am 54 years old. Ideologically, I am moderate. I do not attend church. I am not very interested in politics. ",Kamala Harris
2,2,1,61,7,2,1,white,woman,61,extremely conservative,attend church,somewhat,"Racially, I am white. I am a woman. I am 61 years old. Ideologically, I am extremely conservative. I attend church. I am somewhat interested in politics. ",Donald Trump
2,1,1,74,4,2,2,white,man,74,moderate,do not attend church,somewhat,"Racially, I am white. I am a man. I am 74 years old. Ideologically, I am moderate. I do not attend church. I am somewhat interested in politics. ",Donald Trump
1,2,1,60,2,2,2,white,woman,60,liberal,do not attend church,somewhat,"Racially, I am white. I am a woman. I am 60 years old. Ideologically, I am liberal. I do not attend church. I am somewhat interested in politics. ",Kamala Harris
1,1,1,42,2,1,2,white,man,42,liberal,do not attend church,very,"Racially, I am white. I am a man. I am 42 years old. Ideologically, I am liberal. I do not attend church. I am very interested in politics. ",Kamala Harris
1,2,1,38,4,1,1,white,woman,38,moderate,attend church,very,"Racially, I am white. I am a woman. I am 38 years old. Ideologically, I am moderate. I attend church. I am very interested in politics. ",Kamala Harris
1,2,1,35,2,2,1,white,woman,35,liberal,attend church,somewhat,"Racially, I am white. I am a woman. I am 35 years old. Ideologically, I am liberal. I attend church. I am somewhat interested in politics. ",Kamala Harris
1,1,1,53,6,1,1,white,man,53,conservative,attend church,very,"Racially, I am white. I am a man. I am 53 years old. Ideologically, I am conservative. I attend church. I am very interested in politics. ",Kamala Harris
2,1,1,70,6,1,2,white,man,70,conservative,do not attend church,very,"Racially, I am white. I am a man. I am 70 years old. Ideologically, I am conservative. I do not attend church. I am very interested in politics. ",Donald Trump
1,1,1,73,4,4,1,white,man,73,moderate,attend church,not at all,"Racially, I am white. I am a man. I am 73 years old. Ideologically, I am moderate. I attend church. I am not at all interested in politics. ",Kamala Harris
1,2,1,43,5,4,1,white,woman,43,slightly conservative,attend church,not at all,"Racially, I am white. I am a woman. I am 43 years old. Ideologically, I am slightly conservative. I attend church. I am not at all interested in politics. ",Kamala Harris
1,1,1,76,2,1,2,white,man,76,liberal,do not attend church,very,"Racially, I am white. I am a man. I am 76 years old. Ideologically, I am liberal. I do not attend church. I am very interested in politics. ",Kamala Harris
2,1,3,48,5,1,1,hispanic,man,48,slightly conservative,attend church,very,"Racially, I am hispanic. I am a man. I am 48 years old. Ideologically, I am slightly conservative. I attend church. I am very interested in politics. ",Donald Trump
1,1,1,50,4,1,1,white,man,50,moderate,attend church,very,"Racially, I am white. I am a man. I am 50 years old. Ideologically, I am moderate. I attend church. I am very interested in politics. ",Kamala Harris
2,1,1,71,6,2,1,white,man,71,conservative,attend church,somewhat,"Racially, I am white. I am a man. I am 71 years old. Ideologically, I am conservative. I attend church. I am somewhat interested in politics. ",Donald Trump
1,2,1,71,4,2,2,white,woman,71,moderate,do not attend church,somewhat,"Racially, I am white. I am a woman. I am 71 years old. Ideologically, I am moderate. I do not attend church. I am somewhat interested in politics. ",Kamala Harris
1,2,2,40,3,1,2,black,woman,40,slightly liberal,do not attend church,very,"Racially, I am black. I am a woman. I am 40 years old. Ideologically, I am slightly liberal. I do not attend church. I am very interested in politics. ",Kamala Harris
1,2,1,40,2,1,1,white,woman,40,liberal,attend church,very,"Racially, I am white. I am a woman. I am 40 years old. Ideologically, I am liberal. I attend church. I am very interested in politics. ",Kamala Harris
2,1,1,20,5,2,1,white,man,20,slightly conservative,attend church,somewhat,"Racially, I am white. I am a man. I am 20 years old. Ideologically, I am slightly conservative. I attend church. I am somewhat interested in politics. ",Donald Trump
1,2,1,45,1,1,2,white,woman,45,extremely liberal,do not attend church,very,"Racially, I am white. I am a woman. I am 45 years old. Ideologically, I am extremely liberal. I do not attend church. I am very interested in politics. ",Kamala Harris
1,1,3,34,3,2,2,hispanic,man,34,slightly liberal,do not attend church,somewhat,"Racially, I am hispanic. I am a man. I am 34 years old. Ideologically, I am slightly liberal. I do not attend church. I am somewhat interested in politics. ",Kamala Harris
2,2,1,40,6,2,1,white,woman,40,conservative,attend church,somewhat,"Racially, I am white. I am a woman. I am 40 years old. Ideologically, I am conservative. I attend church. I am somewhat interested in politics. ",Donald Trump
1,2,1,29,3,3,1,white,woman,29,slightly liberal,attend church,not very,"Racially, I am white. I am a woman. I am 29 years old. Ideologically, I am slightly liberal. I attend church. I am not very interested in politics. ",Kamala Harris
1,2,1,80,1,1,2,white,woman,80,extremely liberal,do not attend church,very,"Racially, I am white. I am a woman. I am 80 years old. Ideologically, I am extremely liberal. I do not attend church. I am very interested in politics. ",Kamala Harris
2,1,1,59,6,2,1,white,man,59,conservative,attend church,somewhat,"Racially, I am white. I am a man. I am 59 years old. Ideologically, I am conservative. I attend church. I am somewhat interested in politics. ",Donald Trump
1,1,2,69,4,1,1,black,man,69,moderate,attend church,very,"Racially, I am black. I am a man. I am 69 years old. Ideologically, I am moderate. I attend church. I am very interested in politics. ",Kamala Harris
2,1,1,48,6,2,1,white,man,48,conservative,attend church,somewhat,"Racially, I am white. I am a man. I am 48 years old. Ideologically, I am conservative. I attend church. I am somewhat interested in politics. ",Donald Trump
1,2,1,80,5,2,1,white,woman,80,slightly conservative,attend church,somewhat,"Racially, I am white. I am a woman. I am 80 years old. Ideologically, I am slightly conservative. I attend church. I am somewhat interested in politics. ",Kamala Harris
2,2,1,38,3,2,1,white,woman,38,slightly liberal,attend church,somewhat,"Racially, I am white. I am a woman. I am 38 years old. Ideologically, I am slightly liberal. I attend church. I am somewhat interested in politics. ",Donald Trump
2,2,1,58,6,2,1,white,woman,58,conservative,attend church,somewhat,"Racially, I am white. I am a woman. I am 58 years old. Ideologically, I am conservative. I attend church. I am somewhat interested in politics. ",Donald Trump
1,1,1,61,1,1,2,white,man,61,extremely liberal,do not attend church,very,"Racially, I am white. I am a man. I am 61 years old. Ideologically, I am extremely liberal. I do not attend church. I am very interested in politics. ",Kamala Harris
1,2,2,56,2,1,1,black,woman,56,liberal,attend church,very,"Racially, I am black. I am a woman. I am 56 years old. Ideologically, I am liberal. I attend church. I am very interested in politics. ",Kamala Harris
2,2,1,47,4,2,2,white,woman,47,moderate,do not attend church,somewhat,"Racially, I am white. I am a woman. I am 47 years old. Ideologically, I am moderate. I do not attend church. I am somewhat interested in politics. ",Donald Trump
1,2,1,56,2,2,1,white,woman,56,liberal,attend church,somewhat,"Racially, I am white. I am a woman. I am 56 years old. Ideologically, I am liberal. I attend church. I am somewhat interested in politics. ",Kamala Harris
2,1,1,75,4,3,1,white,man,75,moderate,attend church,not very,"Racially, I am white. I am a man. I am 75 years old. Ideologically, I am moderate. I attend church. I am not very interested in politics. ",Donald Trump
1,2,3,65,2,2,2,hispanic,woman,65,liberal,do not attend church,somewhat,"Racially, I am hispanic. I am a woman. I am 65 years old. Ideologically, I am liberal. I do not attend church. I am somewhat interested in politics. ",Kamala Harris
1,2,3,68,2,1,2,hispanic,woman,68,liberal,do not attend church,very,"Racially, I am hispanic. I am a woman. I am 68 years old. Ideologically, I am liberal. I do not attend church. I am very interested in politics. ",Kamala Harris
1,1,1,72,4,2,2,white,man,72,moderate,do not attend church,somewhat,"Racially, I am white. I am a man. I am 72 years old. Ideologically, I am moderate. I do not attend church. I am somewhat interested in politics. ",Kamala Harris
2,2,1,45,3,2,1,white,woman,45,slightly liberal,attend church,somewhat,"Racially, I am white. I am a woman. I am 45 years old. Ideologically, I am slightly liberal. I attend church. I am somewhat interested in politics. ",Donald Trump
1,1,1,45,3,2,2,white,man,45,slightly liberal,do not attend church,somewhat,"Racially, I am white. I am a man. I am 45 years old. Ideologically, I am slightly liberal. I do not attend church. I am somewhat interested in politics. ",Kamala Harris
1,1,1,45,3,1,2,white,man,45,slightly liberal,do not attend church,very,"Racially, I am white. I am a man. I am 45 years old. Ideologically, I am slightly liberal. I do not attend church. I am very interested in politics. ",Kamala Harris
1,2,1,45,2,2,2,white,woman,45,liberal,do not attend church,somewhat,"Racially, I am white. I am a woman. I am 45 years old. Ideologically, I am liberal. I do not attend church. I am somewhat interested in politics. ",Kamala Harris
1,2,1,69,2,1,2,white,woman,69,liberal,do not attend church,very,"Racially, I am white. I am a woman. I am 69 years old. Ideologically, I am liberal. I do not attend church. I am very interested in politics. ",Kamala Harris
2,2,1,71,7,1,1,white,woman,71,extremely conservative,attend church,very,"Racially, I am white. I am a woman. I am 71 years old. Ideologically, I am extremely conservative. I attend church. I am very interested in politics. ",Donald Trump
1,1,2,24,4,4,1,black,man,24,moderate,attend church,not at all,"Racially, I am black. I am a man. I am 24 years old. Ideologically, I am moderate. I attend church. I am not at all interested in politics. ",Kamala Harris
1,1,1,46,1,2,2,white,man,46,extremely liberal,do not attend church,somewhat,"Racially, I am white. I am a man. I am 46 years old. Ideologically, I am extremely liberal. I do not attend church. I am somewhat interested in politics. ",Kamala Harris
2,1,1,31,3,3,2,white,man,31,slightly liberal,do not attend church,not very,"Racially, I am white. I am a man. I am 31 years old. Ideologically, I am slightly liberal. I do not attend church. I am not very interested in politics. ",Donald Trump
2,2,1,38,6,3,1,white,woman,38,conservative,attend church,not very,"Racially, I am white. I am a woman. I am 38 years old. Ideologically, I am conservative. I attend church. I am not very interested in politics. ",Donald Trump
1,1,1,76,5,3,2,white,man,76,slightly conservative,do not attend church,not very,"Racially, I am white. I am a man. I am 76 years old. Ideologically, I am slightly conservative. I do not attend church. I am not very interested in politics. ",Kamala Harris
2,1,4,22,6,2,1,asian,man,22,conservative,attend church,somewhat,"Racially, I am asian. I am a man. I am 22 years old. Ideologically, I am conservative. I attend church. I am somewhat interested in politics. ",Donald Trump
1,2,1,68,2,1,2,white,woman,68,liberal,do not attend church,very,"Racially, I am white. I am a woman. I am 68 years old. Ideologically, I am liberal. I do not attend church. I am very interested in politics. ",Kamala Harris
1,2,1,68,5,2,1,white,woman,68,slightly conservative,attend church,somewhat,"Racially, I am white. I am a woman. I am 68 years old. Ideologically, I am slightly conservative. I attend church. I am somewhat interested in politics. ",Kamala Harris
2,2,1,64,7,1,2,white,woman,64,extremely conservative,do not attend church,very,"Racially, I am white. I am a woman. I am 64 years old. Ideologically, I am extremely conservative. I do not attend church. I am very interested in politics. ",Donald Trump
1,2,1,65,4,2,1,white,woman,65,moderate,attend church,somewhat,"Racially, I am white. I am a woman. I am 65 years old. Ideologically, I am moderate. I attend church. I am somewhat interested in politics. ",Kamala Harris
2,1,1,67,6,2,2,white,man,67,conservative,do not attend church,somewhat,"Racially, I am white. I am a man. I am 67 years old. Ideologically, I am conservative. I do not attend church. I am somewhat interested in politics. ",Donald Trump
1,2,4,39,4,2,1,asian,woman,39,moderate,attend church,somewhat,"Racially, I am asian. I am a woman. I am 39 years old. Ideologically, I am moderate. I attend church. I am somewhat interested in politics. ",Kamala Harris
1,1,1,77,5,2,2,white,man,77,slightly conservative,do not attend church,somewhat,"Racially, I am white. I am a man. I am 77 years old. Ideologically, I am slightly conservative. I do not attend church. I am somewhat interested in politics. ",Kamala Harris
1,1,3,42,6,1,2,hispanic,man,42,conservative,do not attend church,very,"Racially, I am hispanic. I am a man. I am 42 years old. Ideologically, I am conservative. I do not attend church. I am very interested in politics. ",Kamala Harris
2,2,1,65,6,3,2,white,woman,65,conservative,do not attend church,not very,"Racially, I am white. I am a woman. I am 65 years old. Ideologically, I am conservative. I do not attend church. I am not very interested in politics. ",Donald Trump
1,2,1,48,4,3,2,white,woman,48,moderate,do not attend church,not very,"Racially, I am white. I am a woman. I am 48 years old. Ideologically, I am moderate. I do not attend church. I am not very interested in politics. ",Kamala Harris
1,1,1,33,4,1,1,white,man,33,moderate,attend church,very,"Racially, I am white. I am a man. I am 33 years old. Ideologically, I am moderate. I attend church. I am very interested in politics. ",Kamala Harris
1,2,2,37,4,2,1,black,woman,37,moderate,attend church,somewhat,"Racially, I am black. I am a woman. I am 37 years old. Ideologically, I am moderate. I attend church. I am somewhat interested in politics. ",Kamala Harris
2,1,1,80,7,1,1,white,man,80,extremely conservative,attend church,very,"Racially, I am white. I am a man. I am 80 years old. Ideologically, I am extremely conservative. I attend church. I am very interested in politics. ",Donald Trump
2,2,1,39,6,1,1,white,woman,39,conservative,attend church,very,"Racially, I am white. I am a woman. I am 39 years old. Ideologically, I am conservative. I attend church. I am very interested in politics. ",Donald Trump
1,1,1,44,4,2,1,white,man,44,moderate,attend church,somewhat,"Racially, I am white. I am a man. I am 44 years old. Ideologically, I am moderate. I attend church. I am somewhat interested in politics. ",Kamala Harris
1,1,1,66,3,1,2,white,man,66,slightly liberal,do not attend church,very,"Racially, I am white. I am a man. I am 66 years old. Ideologically, I am slightly liberal. I do not attend church. I am very interested in politics. ",Kamala Harris
2,1,1,75,6,3,1,white,man,75,conservative,attend church,not very,"Racially, I am white. I am a man. I am 75 years old. Ideologically, I am conservative. I attend church. I am not very interested in politics. ",Donald Trump
1,1,1,59,2,2,2,white,man,59,liberal,do not attend church,somewhat,"Racially, I am white. I am a man. I am 59 years old. Ideologically, I am liberal. I do not attend church. I am somewhat interested in politics. ",Kamala Harris
1,1,1,80,2,2,2,white,man,80,liberal,do not attend church,somewhat,"Racially, I am white. I am a man. I am 80 years old. Ideologically, I am liberal. I do not attend church. I am somewhat interested in politics. ",Kamala Harris
2,1,1,78,6,2,2,white,man,78,conservative,do not attend church,somewhat,"Racially, I am white. I am a man. I am 78 years old. Ideologically, I am conservative. I do not attend church. I am somewhat interested in politics. ",Donald Trump
1,2,1,61,6,2,1,white,woman,61,conservative,attend church,somewhat,"Racially, I am white. I am a woman. I am 61 years old. Ideologically, I am conservative. I attend church. I am somewhat interested in politics. ",Kamala Harris
2,1,1,74,5,2,2,white,man,74,slightly conservative,do not attend church,somewhat,"Racially, I am white. I am a man. I am 74 years old. Ideologically, I am slightly conservative. I do not attend church. I am somewhat interested in politics. ",Donald Trump
2,2,1,70,3,4,2,white,woman,70,slightly liberal,do not attend church,not at all,"Racially, I am white. I am a woman. I am 70 years old. Ideologically, I am slightly liberal. I do not attend church. I am not at all interested in politics. ",Donald Trump
1,2,2,68,2,2,2,black,woman,68,liberal,do not attend church,somewhat,"Racially, I am black. I am a woman. I am 68 years old. Ideologically, I am liberal. I do not attend church. I am somewhat interested in politics. ",Kamala Harris
2,2,1,70,6,2,2,white,woman,70,conservative,do not attend church,somewhat,"Racially, I am white. I am a woman. I am 70 years old. Ideologically, I am conservative. I do not attend church. I am somewhat interested in politics. ",Donald Trump
2,1,1,77,6,2,1,white,man,77,conservative,attend church,somewhat,"Racially, I am white. I am a man. I am 77 years old. Ideologically, I am conservative. I attend church. I am somewhat interested in politics. ",Donald Trump
2,2,3,25,5,2,1,hispanic,woman,25,slightly conservative,attend church,somewhat,"Racially, I am hispanic. I am a woman. I am 25 years old. Ideologically, I am slightly conservative. I attend church. I am somewhat interested in politics. ",Donald Trump
2,2,1,33,4,2,1,white,woman,33,moderate,attend church,somewhat,"Racially, I am white. I am a woman. I am 33 years old. Ideologically, I am moderate. I attend church. I am somewhat interested in politics. ",Donald Trump
1,2,1,73,2,3,2,white,woman,73,liberal,do not attend church,not very,"Racially, I am white. I am a woman. I am 73 years old. Ideologically, I am liberal. I do not attend church. I am not very interested in politics. ",Kamala Harris
1,2,4,74,4,3,1,asian,woman,74,moderate,attend church,not very,"Racially, I am asian. I am a woman. I am 74 years old. Ideologically, I am moderate. I attend church. I am not very interested in politics. ",Kamala Harris
1,1,1,35,4,2,2,white,man,35,moderate,do not attend church,somewhat,"Racially, I am white. I am a man. I am 35 years old. Ideologically, I am moderate. I do not attend church. I am somewhat interested in politics. ",Kamala Harris
2,1,1,76,7,1,1,white,man,76,extremely conservative,attend church,very,"Racially, I am white. I am a man. I am 76 years old. Ideologically, I am extremely conservative. I attend church. I am very interested in politics. ",Donald Trump
2,2,1,38,6,2,1,white,woman,38,conservative,attend church,somewhat,"Racially, I am white. I am a woman. I am 38 years old. Ideologically, I am conservative. I attend church. I am somewhat interested in politics. ",Donald Trump
1,2,3,54,2,1,1,hispanic,woman,54,liberal,attend church,very,"Racially, I am hispanic. I am a woman. I am 54 years old. Ideologically, I am liberal. I attend church. I am very interested in politics. ",Kamala Harris
1,2,6,55,4,2,2,mixed race,woman,55,moderate,do not attend church,somewhat,"Racially, I am mixed race. I am a woman. I am 55 years old. Ideologically, I am moderate. I do not attend church. I am somewhat interested in politics. ",Kamala Harris
1,1,6,32,1,2,2,mixed race,man,32,extremely liberal,do not attend church,somewhat,"Racially, I am mixed race. I am a man. I am 32 years old. Ideologically, I am extremely liberal. I do not attend church. I am somewhat interested in politics. ",Kamala Harris
1,1,1,70,2,1,1,white,man,70,liberal,attend church,very,"Racially, I am white. I am a man. I am 70 years old. Ideologically, I am liberal. I attend church. I am very interested in politics. ",Kamala Harris
1,1,1,53,3,1,2,white,man,53,slightly liberal,do not attend church,very,"Racially, I am white. I am a man. I am 53 years old. Ideologically, I am slightly liberal. I do not attend church. I am very interested in politics. ",Kamala Harris
2,1,1,59,4,3,2,white,man,59,moderate,do not attend church,not very,"Racially, I am white. I am a man. I am 59 years old. Ideologically, I am moderate. I do not attend church. I am not very interested in politics. ",Donald Trump
1,1,1,77,3,2,2,white,man,77,slightly liberal,do not attend church,somewhat,"Racially, I am white. I am a man. I am 77 years old. Ideologically, I am slightly liberal. I do not attend church. I am somewhat interested in politics. ",Kamala Harris
1,2,1,36,5,2,2,white,woman,36,slightly conservative,do not attend church,somewhat,"Racially, I am white. I am a woman. I am 36 years old. Ideologically, I am slightly conservative. I do not attend church. I am somewhat interested in politics. ",Kamala Harris
1,1,3,69,4,2,1,hispanic,man,69,moderate,attend church,somewhat,"Racially, I am hispanic. I am a man. I am 69 years old. Ideologically, I am moderate. I attend church. I am somewhat interested in politics. ",Kamala Harris
1,2,3,75,4,1,2,hispanic,woman,75,moderate,do not attend church,very,"Racially, I am hispanic. I am a woman. I am 75 years old. Ideologically, I am moderate. I do not attend church. I am very interested in politics. ",Kamala Harris
1,2,3,30,4,2,2,hispanic,woman,30,moderate,do not attend church,somewhat,"Racially, I am hispanic. I am a woman. I am 30 years old. Ideologically, I am moderate. I do not attend church. I am somewhat interested in politics. ",Kamala Harris
1,2,1,42,3,2,2,white,woman,42,slightly liberal,do not attend church,somewhat,"Racially, I am white. I am a woman. I am 42 years old. Ideologically, I am slightly liberal. I do not attend church. I am somewhat interested in politics. ",Kamala Harris
2,2,1,20,7,2,1,white,woman,20,extremely conservative,attend church,somewhat,"Racially, I am white. I am a woman. I am 20 years old. Ideologically, I am extremely conservative. I attend church. I am somewhat interested in politics. ",Donald Trump
2,1,1,59,6,1,1,white,man,59,conservative,attend church,very,"Racially, I am white. I am a man. I am 59 years old. Ideologically, I am conservative. I attend church. I am very interested in politics. ",Donald Trump
1,2,3,26,3,2,1,hispanic,woman,26,slightly liberal,attend church,somewhat,"Racially, I am hispanic. I am a woman. I am 26 years old. Ideologically, I am slightly liberal. I attend church. I am somewhat interested in politics. ",Kamala Harris
1,2,1,59,3,2,2,white,woman,59,slightly liberal,do not attend church,somewhat,"Racially, I am white. I am a woman. I am 59 years old. Ideologically, I am slightly liberal. I do not attend church. I am somewhat interested in politics. ",Kamala Harris
1,1,2,80,2,1,2,black,man,80,liberal,do not attend church,very,"Racially, I am black. I am a man. I am 80 years old. Ideologically, I am liberal. I do not attend church. I am very interested in politics. ",Kamala Harris
1,1,2,66,7,2,1,black,man,66,extremely conservative,attend church,somewhat,"Racially, I am black. I am a man. I am 66 years old. Ideologically, I am extremely conservative. I attend church. I am somewhat interested in politics. ",Kamala Harris
1,1,1,71,4,2,1,white,man,71,moderate,attend church,somewhat,"Racially, I am white. I am a man. I am 71 years old. Ideologically, I am moderate. I attend church. I am somewhat interested in politics. ",Kamala Harris
1,1,1,30,2,2,2,white,man,30,liberal,do not attend church,somewhat,"Racially, I am white. I am a man. I am 30 years old. Ideologically, I am liberal. I do not attend church. I am somewhat interested in politics. ",Kamala Harris
1,1,1,34,1,2,1,white,man,34,extremely liberal,attend church,somewhat,"Racially, I am white. I am a man. I am 34 years old. Ideologically, I am extremely liberal. I attend church. I am somewhat interested in politics. ",Kamala Harris
2,1,1,68,6,2,1,white,man,68,conservative,attend church,somewhat,"Racially, I am white. I am a man. I am 68 years old. Ideologically, I am conservative. I attend church. I am somewhat interested in politics. ",Donald Trump
1,2,6,34,4,2,2,mixed race,woman,34,moderate,do not attend church,somewhat,"Racially, I am mixed race. I am a woman. I am 34 years old. Ideologically, I am moderate. I do not attend church. I am somewhat interested in politics. ",Kamala Harris
1,1,3,63,4,1,2,hispanic,man,63,moderate,do not attend church,very,"Racially, I am hispanic. I am a man. I am 63 years old. Ideologically, I am moderate. I do not attend church. I am very interested in politics. ",Kamala Harris
1,1,1,43,4,2,1,white,man,43,moderate,attend church,somewhat,"Racially, I am white. I am a man. I am 43 years old. Ideologically, I am moderate. I attend church. I am somewhat interested in politics. ",Kamala Harris
2,2,1,47,6,4,1,white,woman,47,conservative,attend church,not at all,"Racially, I am white. I am a woman. I am 47 years old. Ideologically, I am conservative. I attend church. I am not at all interested in politics. ",Donald Trump
2,2,1,80,7,3,1,white,woman,80,extremely conservative,attend church,not very,"Racially, I am white. I am a woman. I am 80 years old. Ideologically, I am extremely conservative. I attend church. I am not very interested in politics. ",Donald Trump
1,1,1,49,5,4,1,white,man,49,slightly conservative,attend church,not at all,"Racially, I am white. I am a man. I am 49 years old. Ideologically, I am slightly conservative. I attend church. I am not at all interested in politics. ",Kamala Harris
1,1,1,70,4,2,2,white,man,70,moderate,do not attend church,somewhat,"Racially, I am white. I am a man. I am 70 years old. Ideologically, I am moderate. I do not attend church. I am somewhat interested in politics. ",Kamala Harris
1,1,1,67,2,2,2,white,man,67,liberal,do not attend church,somewhat,"Racially, I am white. I am a man. I am 67 years old. Ideologically, I am liberal. I do not attend church. I am somewhat interested in politics. ",Kamala Harris
1,2,1,76,2,1,1,white,woman,76,liberal,attend church,very,"Racially, I am white. I am a woman. I am 76 years old. Ideologically, I am liberal. I attend church. I am very interested in politics. ",Kamala Harris
1,2,1,75,2,1,1,white,woman,75,liberal,attend church,very,"Racially, I am white. I am a woman. I am 75 years old. Ideologically, I am liberal. I attend church. I am very interested in politics. ",Kamala Harris
1,2,1,67,1,1,2,white,woman,67,extremely liberal,do not attend church,very,"Racially, I am white. I am a woman. I am 67 years old. Ideologically, I am extremely liberal. I do not attend church. I am very interested in politics. ",Kamala Harris
2,2,1,34,6,3,2,white,woman,34,conservative,do not attend church,not very,"Racially, I am white. I am a woman. I am 34 years old. Ideologically, I am conservative. I do not attend church. I am not very interested in politics. ",Donald Trump
2,2,1,68,6,1,1,white,woman,68,conservative,attend church,very,"Racially, I am white. I am a woman. I am 68 years old. Ideologically, I am conservative. I attend church. I am very interested in politics. ",Donald Trump
2,2,1,79,5,2,1,white,woman,79,slightly conservative,attend church,somewhat,"Racially, I am white. I am a woman. I am 79 years old. Ideologically, I am slightly conservative. I attend church. I am somewhat interested in politics. ",Donald Trump
1,2,1,71,3,2,2,white,woman,71,slightly liberal,do not attend church,somewhat,"Racially, I am white. I am a woman. I am 71 years old. Ideologically, I am slightly liberal. I do not attend church. I am somewhat interested in politics. ",Kamala Harris
2,1,1,57,6,2,1,white,man,57,conservative,attend church,somewhat,"Racially, I am white. I am a man. I am 57 years old. Ideologically, I am conservative. I attend church. I am somewhat interested in politics. ",Donald Trump
2,1,1,69,6,3,1,white,man,69,conservative,attend church,not very,"Racially, I am white. I am a man. I am 69 years old. Ideologically, I am conservative. I attend church. I am not very interested in politics. ",Donald Trump
1,2,1,54,2,2,2,white,woman,54,liberal,do not attend church,somewhat,"Racially, I am white. I am a woman. I am 54 years old. Ideologically, I am liberal. I do not attend church. I am somewhat interested in politics. ",Kamala Harris
2,1,1,68,6,1,2,white,man,68,conservative,do not attend church,very,"Racially, I am white. I am a man. I am 68 years old. Ideologically, I am conservative. I do not attend church. I am very interested in politics. ",Donald Trump
2,1,1,78,6,1,1,white,man,78,conservative,attend church,very,"Racially, I am white. I am a man. I am 78 years old. Ideologically, I am conservative. I attend church. I am very interested in politics. ",Donald Trump
2,2,1,74,5,3,2,white,woman,74,slightly conservative,do not attend church,not very,"Racially, I am white. I am a woman. I am 74 years old. Ideologically, I am slightly conservative. I do not attend church. I am not very interested in politics. ",Donald Trump
1,2,1,40,1,1,2,white,woman,40,extremely liberal,do not attend church,very,"Racially, I am white. I am a woman. I am 40 years old. Ideologically, I am extremely liberal. I do not attend church. I am very interested in politics. ",Kamala Harris
1,1,4,37,1,1,2,asian,man,37,extremely liberal,do not attend church,very,"Racially, I am asian. I am a man. I am 37 years old. Ideologically, I am extremely liberal. I do not attend church. I am very interested in politics. ",Kamala Harris
2,2,1,73,6,2,1,white,woman,73,conservative,attend church,somewhat,"Racially, I am white. I am a woman. I am 73 years old. Ideologically, I am conservative. I attend church. I am somewhat interested in politics. ",Donald Trump
2,1,1,41,6,2,1,white,man,41,conservative,attend church,somewhat,"Racially, I am white. I am a man. I am 41 years old. Ideologically, I am conservative. I attend church. I am somewhat interested in politics. ",Donald Trump
1,1,1,46,4,3,2,white,man,46,moderate,do not attend church,not very,"Racially, I am white. I am a man. I am 46 years old. Ideologically, I am moderate. I do not attend church. I am not very interested in politics. ",Kamala Harris
1,2,1,33,5,2,1,white,woman,33,slightly conservative,attend church,somewhat,"Racially, I am white. I am a woman. I am 33 years old. Ideologically, I am slightly conservative. I attend church. I am somewhat interested in politics. ",Kamala Harris
2,1,3,46,6,2,1,hispanic,man,46,conservative,attend church,somewhat,"Racially, I am hispanic. I am a man. I am 46 years old. Ideologically, I am conservative. I attend church. I am somewhat interested in politics. ",Donald Trump
2,2,1,72,5,3,1,white,woman,72,slightly conservative,attend church,not very,"Racially, I am white. I am a woman. I am 72 years old. Ideologically, I am slightly conservative. I attend church. I am not very interested in politics. ",Donald Trump
2,2,1,66,6,1,2,white,woman,66,conservative,do not attend church,very,"Racially, I am white. I am a woman. I am 66 years old. Ideologically, I am conservative. I do not attend church. I am very interested in politics. ",Donald Trump
2,1,1,80,6,2,1,white,man,80,conservative,attend church,somewhat,"Racially, I am white. I am a man. I am 80 years old. Ideologically, I am conservative. I attend church. I am somewhat interested in politics. ",Donald Trump
2,2,1,79,7,2,1,white,woman,79,extremely conservative,attend church,somewhat,"Racially, I am white. I am a woman. I am 79 years old. Ideologically, I am extremely conservative. I attend church. I am somewhat interested in politics. ",Donald Trump
2,2,1,51,5,2,2,white,woman,51,slightly conservative,do not attend church,somewhat,"Racially, I am white. I am a woman. I am 51 years old. Ideologically, I am slightly conservative. I do not attend church. I am somewhat interested in politics. ",Donald Trump
1,2,1,75,2,2,2,white,woman,75,liberal,do not attend church,somewhat,"Racially, I am white. I am a woman. I am 75 years old. Ideologically, I am liberal. I do not attend church. I am somewhat interested in politics. ",Kamala Harris
1,2,1,74,2,1,2,white,woman,74,liberal,do not attend church,very,"Racially, I am white. I am a woman. I am 74 years old. Ideologically, I am liberal. I do not attend church. I am very interested in politics. ",Kamala Harris
1,2,1,80,4,1,1,white,woman,80,moderate,attend church,very,"Racially, I am white. I am a woman. I am 80 years old. Ideologically, I am moderate. I attend church. I am very interested in politics. ",Kamala Harris
2,2,1,69,2,1,2,white,woman,69,liberal,do not attend church,very,"Racially, I am white. I am a woman. I am 69 years old. Ideologically, I am liberal. I do not attend church. I am very interested in politics. ",Donald Trump
1,2,1,73,2,2,2,white,woman,73,liberal,do not attend church,somewhat,"Racially, I am white. I am a woman. I am 73 years old. Ideologically, I am liberal. I do not attend church. I am somewhat interested in politics. ",Kamala Harris
1,1,6,48,2,4,1,mixed race,man,48,liberal,attend church,not at all,"Racially, I am mixed race. I am a man. I am 48 years old. Ideologically, I am liberal. I attend church. I am not at all interested in politics. ",Kamala Harris
1,2,1,67,3,2,2,white,woman,67,slightly liberal,do not attend church,somewhat,"Racially, I am white. I am a woman. I am 67 years old. Ideologically, I am slightly liberal. I do not attend church. I am somewhat interested in politics. ",Kamala Harris
1,1,3,53,5,2,1,hispanic,man,53,slightly conservative,attend church,somewhat,"Racially, I am hispanic. I am a man. I am 53 years old. Ideologically, I am slightly conservative. I attend church. I am somewhat interested in politics. ",Kamala Harris
2,2,1,34,6,4,1,white,woman,34,conservative,attend church,not at all,"Racially, I am white. I am a woman. I am 34 years old. Ideologically, I am conservative. I attend church. I am not at all interested in politics. ",Donald Trump
2,1,1,45,4,3,2,white,man,45,moderate,do not attend church,not very,"Racially, I am white. I am a man. I am 45 years old. Ideologically, I am moderate. I do not attend church. I am not very interested in politics. ",Donald Trump
1,2,3,28,4,3,2,hispanic,woman,28,moderate,do not attend church,not very,"Racially, I am hispanic. I am a woman. I am 28 years old. Ideologically, I am moderate. I do not attend church. I am not very interested in politics. ",Kamala Harris
1,1,1,37,1,3,2,white,man,37,extremely liberal,do not attend church,not very,"Racially, I am white. I am a man. I am 37 years old. Ideologically, I am extremely liberal. I do not attend church. I am not very interested in politics. ",Kamala Harris
2,2,1,65,4,2,1,white,woman,65,moderate,attend church,somewhat,"Racially, I am white. I am a woman. I am 65 years old. Ideologically, I am moderate. I attend church. I am somewhat interested in politics. ",Donald Trump
1,2,2,27,5,3,1,black,woman,27,slightly conservative,attend church,not very,"Racially, I am black. I am a woman. I am 27 years old. Ideologically, I am slightly conservative. I attend church. I am not very interested in politics. ",Kamala Harris
2,2,1,73,7,1,1,white,woman,73,extremely conservative,attend church,very,"Racially, I am white. I am a woman. I am 73 years old. Ideologically, I am extremely conservative. I attend church. I am very interested in politics. ",Donald Trump
1,1,1,55,4,3,2,white,man,55,moderate,do not attend church,not very,"Racially, I am white. I am a man. I am 55 years old. Ideologically, I am moderate. I do not attend church. I am not very interested in politics. ",Kamala Harris
1,2,2,63,4,1,1,black,woman,63,moderate,attend church,very,"Racially, I am black. I am a woman. I am 63 years old. Ideologically, I am moderate. I attend church. I am very interested in politics. ",Kamala Harris
1,2,1,36,2,2,1,white,woman,36,liberal,attend church,somewhat,"Racially, I am white. I am a woman. I am 36 years old. Ideologically, I am liberal. I attend church. I am somewhat interested in politics. ",Kamala Harris
2,2,3,40,3,2,2,hispanic,woman,40,slightly liberal,do not attend church,somewhat,"Racially, I am hispanic. I am a woman. I am 40 years old. Ideologically, I am slightly liberal. I do not attend church. I am somewhat interested in politics. ",Donald Trump
2,2,1,62,6,2,1,white,woman,62,conservative,attend church,somewhat,"Racially, I am white. I am a woman. I am 62 years old. Ideologically, I am conservative. I attend church. I am somewhat interested in politics. ",Donald Trump
2,2,1,53,6,3,1,white,woman,53,conservative,attend church,not very,"Racially, I am white. I am a woman. I am 53 years old. Ideologically, I am conservative. I attend church. I am not very interested in politics. ",Donald Trump
2,2,1,76,6,1,1,white,woman,76,conservative,attend church,very,"Racially, I am white. I am a woman. I am 76 years old. Ideologically, I am conservative. I attend church. I am very interested in politics. ",Donald Trump
2,2,1,80,4,2,1,white,woman,80,moderate,attend church,somewhat,"Racially, I am white. I am a woman. I am 80 years old. Ideologically, I am moderate. I attend church. I am somewhat interested in politics. ",Donald Trump
1,2,1,70,3,2,2,white,woman,70,slightly liberal,do not attend church,somewhat,"Racially, I am white. I am a woman. I am 70 years old. Ideologically, I am slightly liberal. I do not attend church. I am somewhat interested in politics. ",Kamala Harris
2,1,1,66,7,3,1,white,man,66,extremely conservative,attend church,not very,"Racially, I am white. I am a man. I am 66 years old. Ideologically, I am extremely conservative. I attend church. I am not very interested in politics. ",Donald Trump
2,1,1,76,6,2,1,white,man,76,conservative,attend church,somewhat,"Racially, I am white. I am a man. I am 76 years old. Ideologically, I am conservative. I attend church. I am somewhat interested in politics. ",Donald Trump
2,2,1,57,6,2,2,white,woman,57,conservative,do not attend church,somewhat,"Racially, I am white. I am a woman. I am 57 years old. Ideologically, I am conservative. I do not attend church. I am somewhat interested in politics. ",Donald Trump
1,2,4,58,4,3,1,asian,woman,58,moderate,attend church,not very,"Racially, I am asian. I am a woman. I am 58 years old. Ideologically, I am moderate. I attend church. I am not very interested in politics. ",Kamala Harris
1,2,3,80,5,2,1,hispanic,woman,80,slightly conservative,attend church,somewhat,"Racially, I am hispanic. I am a woman. I am 80 years old. Ideologically, I am slightly conservative. I attend church. I am somewhat interested in politics. ",Kamala Harris
2,1,1,26,5,1,1,white,man,26,slightly conservative,attend church,very,"Racially, I am white. I am a man. I am 26 years old. Ideologically, I am slightly conservative. I attend church. I am very interested in politics. ",Donald Trump
2,1,1,66,6,1,2,white,man,66,conservative,do not attend church,very,"Racially, I am white. I am a man. I am 66 years old. Ideologically, I am conservative. I do not attend church. I am very interested in politics. ",Donald Trump
2,1,1,40,6,3,1,white,man,40,conservative,attend church,not very,"Racially, I am white. I am a man. I am 40 years old. Ideologically, I am conservative. I attend church. I am not very interested in politics. ",Donald Trump
1,1,1,78,2,1,2,white,man,78,liberal,do not attend church,very,"Racially, I am white. I am a man. I am 78 years old. Ideologically, I am liberal. I do not attend church. I am very interested in politics. ",Kamala Harris
1,2,1,61,2,1,2,white,woman,61,liberal,do not attend church,very,"Racially, I am white. I am a woman. I am 61 years old. Ideologically, I am liberal. I do not attend church. I am very interested in politics. ",Kamala Harris
1,2,3,63,2,2,1,hispanic,woman,63,liberal,attend church,somewhat,"Racially, I am hispanic. I am a woman. I am 63 years old. Ideologically, I am liberal. I attend church. I am somewhat interested in politics. ",Kamala Harris
1,2,2,48,4,2,1,black,woman,48,moderate,attend church,somewhat,"Racially, I am black. I am a woman. I am 48 years old. Ideologically, I am moderate. I attend church. I am somewhat interested in politics. ",Kamala Harris
2,2,1,78,4,2,1,white,woman,78,moderate,attend church,somewhat,"Racially, I am white. I am a woman. I am 78 years old. Ideologically, I am moderate. I attend church. I am somewhat interested in politics. ",Donald Trump
2,2,1,36,6,2,1,white,woman,36,conservative,attend church,somewhat,"Racially, I am white. I am a woman. I am 36 years old. Ideologically, I am conservative. I attend church. I am somewhat interested in politics. ",Donald Trump
2,1,1,47,6,2,1,white,man,47,conservative,attend church,somewhat,"Racially, I am white. I am a man. I am 47 years old. Ideologically, I am conservative. I attend church. I am somewhat interested in politics. ",Donald Trump
2,1,1,64,4,3,1,white,man,64,moderate,attend church,not very,"Racially, I am white. I am a man. I am 64 years old. Ideologically, I am moderate. I attend church. I am not very interested in politics. ",Donald Trump
1,1,2,69,5,2,1,black,man,69,slightly conservative,attend church,somewhat,"Racially, I am black. I am a man. I am 69 years old. Ideologically, I am slightly conservative. I attend church. I am somewhat interested in politics. ",Kamala Harris
1,1,2,61,2,2,1,black,man,61,liberal,attend church,somewhat,"Racially, I am black. I am a man. I am 61 years old. Ideologically, I am liberal. I attend church. I am somewhat interested in politics. ",Kamala Harris
1,1,1,58,3,2,1,white,man,58,slightly liberal,attend church,somewhat,"Racially, I am white. I am a man. I am 58 years old. Ideologically, I am slightly liberal. I attend church. I am somewhat interested in politics. ",Kamala Harris
1,1,1,80,6,2,1,white,man,80,conservative,attend church,somewhat,"Racially, I am white. I am a man. I am 80 years old. Ideologically, I am conservative. I attend church. I am somewhat interested in politics. ",Kamala Harris
2,2,1,80,4,2,1,white,woman,80,moderate,attend church,somewhat,"Racially, I am white. I am a woman. I am 80 years old. Ideologically, I am moderate. I attend church. I am somewhat interested in politics. ",Donald Trump
1,1,1,75,3,1,2,white,man,75,slightly liberal,do not attend church,very,"Racially, I am white. I am a man. I am 75 years old. Ideologically, I am slightly liberal. I do not attend church. I am very interested in politics. ",Kamala Harris
2,1,1,25,5,4,1,white,man,25,slightly conservative,attend church,not at all,"Racially, I am white. I am a man. I am 25 years old. Ideologically, I am slightly conservative. I attend church. I am not at all interested in politics. ",Donald Trump
1,2,1,45,1,3,2,white,woman,45,extremely liberal,do not attend church,not very,"Racially, I am white. I am a woman. I am 45 years old. Ideologically, I am extremely liberal. I do not attend church. I am not very interested in politics. ",Kamala Harris
2,2,1,49,6,2,1,white,woman,49,conservative,attend church,somewhat,"Racially, I am white. I am a woman. I am 49 years old. Ideologically, I am conservative. I attend church. I am somewhat interested in politics. ",Donald Trump
2,1,1,57,7,2,1,white,man,57,extremely conservative,attend church,somewhat,"Racially, I am white. I am a man. I am 57 years old. Ideologically, I am extremely conservative. I attend church. I am somewhat interested in politics. ",Donald Trump
1,1,1,42,3,2,2,white,man,42,slightly liberal,do not attend church,somewhat,"Racially, I am white. I am a man. I am 42 years old. Ideologically, I am slightly liberal. I do not attend church. I am somewhat interested in politics. ",Kamala Harris
2,2,1,53,6,2,2,white,woman,53,conservative,do not attend church,somewhat,"Racially, I am white. I am a woman. I am 53 years old. Ideologically, I am conservative. I do not attend church. I am somewhat interested in politics. ",Donald Trump
1,2,1,80,2,1,2,white,woman,80,liberal,do not attend church,very,"Racially, I am white. I am a woman. I am 80 years old. Ideologically, I am liberal. I do not attend church. I am very interested in politics. ",Kamala Harris
1,1,6,26,5,1,1,mixed race,man,26,slightly conservative,attend church,very,"Racially, I am mixed race. I am a man. I am 26 years old. Ideologically, I am slightly conservative. I attend church. I am very interested in politics. ",Kamala Harris
1,1,1,47,1,2,2,white,man,47,extremely liberal,do not attend church,somewhat,"Racially, I am white. I am a man. I am 47 years old. Ideologically, I am extremely liberal. I do not attend church. I am somewhat interested in politics. ",Kamala Harris
1,2,1,69,2,1,2,white,woman,69,liberal,do not attend church,very,"Racially, I am white. I am a woman. I am 69 years old. Ideologically, I am liberal. I do not attend church. I am very interested in politics. ",Kamala Harris
1,1,3,25,2,2,2,hispanic,man,25,liberal,do not attend church,somewhat,"Racially, I am hispanic. I am a man. I am 25 years old. Ideologically, I am liberal. I do not attend church. I am somewhat interested in politics. ",Kamala Harris
1,2,1,80,1,1,1,white,woman,80,extremely liberal,attend church,very,"Racially, I am white. I am a woman. I am 80 years old. Ideologically, I am extremely liberal. I attend church. I am very interested in politics. ",Kamala Harris
2,1,1,30,4,1,1,white,man,30,moderate,attend church,very,"Racially, I am white. I am a man. I am 30 years old. Ideologically, I am moderate. I attend church. I am very interested in politics. ",Donald Trump
2,1,4,38,1,1,1,asian,man,38,extremely liberal,attend church,very,"Racially, I am asian. I am a man. I am 38 years old. Ideologically, I am extremely liberal. I attend church. I am very interested in politics. ",Donald Trump
2,2,6,50,5,2,2,mixed race,woman,50,slightly conservative,do not attend church,somewhat,"Racially, I am mixed race. I am a woman. I am 50 years old. Ideologically, I am slightly conservative. I do not attend church. I am somewhat interested in politics. ",Donald Trump
2,2,3,59,4,2,1,hispanic,woman,59,moderate,attend church,somewhat,"Racially, I am hispanic. I am a woman. I am 59 years old. Ideologically, I am moderate. I attend church. I am somewhat interested in politics. ",Donald Trump
1,1,1,67,2,1,2,white,man,67,liberal,do not attend church,very,"Racially, I am white. I am a man. I am 67 years old. Ideologically, I am liberal. I do not attend church. I am very interested in politics. ",Kamala Harris
2,1,1,69,6,2,1,white,man,69,conservative,attend church,somewhat,"Racially, I am white. I am a man. I am 69 years old. Ideologically, I am conservative. I attend church. I am somewhat interested in politics. ",Donald Trump
1,1,6,45,3,2,2,mixed race,man,45,slightly liberal,do not attend church,somewhat,"Racially, I am mixed race. I am a man. I am 45 years old. Ideologically, I am slightly liberal. I do not attend church. I am somewhat interested in politics. ",Kamala Harris
1,1,1,75,2,1,1,white,man,75,liberal,attend church,very,"Racially, I am white. I am a man. I am 75 years old. Ideologically, I am liberal. I attend church. I am very interested in politics. ",Kamala Harris
1,1,3,29,4,3,2,hispanic,man,29,moderate,do not attend church,not very,"Racially, I am hispanic. I am a man. I am 29 years old. Ideologically, I am moderate. I do not attend church. I am not very interested in politics. ",Kamala Harris
2,1,1,62,7,1,1,white,man,62,extremely conservative,attend church,very,"Racially, I am white. I am a man. I am 62 years old. Ideologically, I am extremely conservative. I attend church. I am very interested in politics. ",Donald Trump
2,1,1,60,7,1,1,white,man,60,extremely conservative,attend church,very,"Racially, I am white. I am a man. I am 60 years old. Ideologically, I am extremely conservative. I attend church. I am very interested in politics. ",Donald Trump
1,2,1,67,4,1,1,white,woman,67,moderate,attend church,very,"Racially, I am white. I am a woman. I am 67 years old. Ideologically, I am moderate. I attend church. I am very interested in politics. ",Kamala Harris
1,1,3,73,4,1,1,hispanic,man,73,moderate,attend church,very,"Racially, I am hispanic. I am a man. I am 73 years old. Ideologically, I am moderate. I attend church. I am very interested in politics. ",Kamala Harris
2,1,1,51,6,1,1,white,man,51,conservative,attend church,very,"Racially, I am white. I am a man. I am 51 years old. Ideologically, I am conservative. I attend church. I am very interested in politics. ",Donald Trump
1,1,2,53,4,2,1,black,man,53,moderate,attend church,somewhat,"Racially, I am black. I am a man. I am 53 years old. Ideologically, I am moderate. I attend church. I am somewhat interested in politics. ",Kamala Harris
2,1,1,79,6,4,1,white,man,79,conservative,attend church,not at all,"Racially, I am white. I am a man. I am 79 years old. Ideologically, I am conservative. I attend church. I am not at all interested in politics. ",Donald Trump
1,2,1,80,4,1,2,white,woman,80,moderate,do not attend church,very,"Racially, I am white. I am a woman. I am 80 years old. Ideologically, I am moderate. I do not attend church. I am very interested in politics. ",Kamala Harris
1,2,1,65,5,2,1,white,woman,65,slightly conservative,attend church,somewhat,"Racially, I am white. I am a woman. I am 65 years old. Ideologically, I am slightly conservative. I attend church. I am somewhat interested in politics. ",Kamala Harris
1,2,1,39,2,3,2,white,woman,39,liberal,do not attend church,not very,"Racially, I am white. I am a woman. I am 39 years old. Ideologically, I am liberal. I do not attend church. I am not very interested in politics. ",Kamala Harris
2,2,1,53,4,2,2,white,woman,53,moderate,do not attend church,somewhat,"Racially, I am white. I am a woman. I am 53 years old. Ideologically, I am moderate. I do not attend church. I am somewhat interested in politics. ",Donald Trump
2,2,1,41,4,2,1,white,woman,41,moderate,attend church,somewhat,"Racially, I am white. I am a woman. I am 41 years old. Ideologically, I am moderate. I attend church. I am somewhat interested in politics. ",Donald Trump
1,2,1,69,4,2,2,white,woman,69,moderate,do not attend church,somewhat,"Racially, I am white. I am a woman. I am 69 years old. Ideologically, I am moderate. I do not attend church. I am somewhat interested in politics. ",Kamala Harris
2,1,1,31,6,2,1,white,man,31,conservative,attend church,somewhat,"Racially, I am white. I am a man. I am 31 years old. Ideologically, I am conservative. I attend church. I am somewhat interested in politics. ",Donald Trump
1,1,1,53,2,2,2,white,man,53,liberal,do not attend church,somewhat,"Racially, I am white. I am a man. I am 53 years old. Ideologically, I am liberal. I do not attend church. I am somewhat interested in politics. ",Kamala Harris
1,1,1,30,2,2,1,white,man,30,liberal,attend church,somewhat,"Racially, I am white. I am a man. I am 30 years old. Ideologically, I am liberal. I attend church. I am somewhat interested in politics. ",Kamala Harris
2,2,1,56,6,1,1,white,woman,56,conservative,attend church,very,"Racially, I am white. I am a woman. I am 56 years old. Ideologically, I am conservative. I attend church. I am very interested in politics. ",Donald Trump
2,2,1,65,5,2,1,white,woman,65,slightly conservative,attend church,somewhat,"Racially, I am white. I am a woman. I am 65 years old. Ideologically, I am slightly conservative. I attend church. I am somewhat interested in politics. ",Donald Trump
2,2,1,46,6,2,2,white,woman,46,conservative,do not attend church,somewhat,"Racially, I am white. I am a woman. I am 46 years old. Ideologically, I am conservative. I do not attend church. I am somewhat interested in politics. ",Donald Trump
1,1,3,63,2,1,1,hispanic,man,63,liberal,attend church,very,"Racially, I am hispanic. I am a man. I am 63 years old. Ideologically, I am liberal. I attend church. I am very interested in politics. ",Kamala Harris
2,1,3,30,7,3,2,hispanic,man,30,extremely conservative,do not attend church,not very,"Racially, I am hispanic. I am a man. I am 30 years old. Ideologically, I am extremely conservative. I do not attend church. I am not very interested in politics. ",Donald Trump
1,1,1,80,2,2,1,white,man,80,liberal,attend church,somewhat,"Racially, I am white. I am a man. I am 80 years old. Ideologically, I am liberal. I attend church. I am somewhat interested in politics. ",Kamala Harris
1,2,1,33,2,2,2,white,woman,33,liberal,do not attend church,somewhat,"Racially, I am white. I am a woman. I am 33 years old. Ideologically, I am liberal. I do not attend church. I am somewhat interested in politics. ",Kamala Harris
1,2,1,80,3,1,2,white,woman,80,slightly liberal,do not attend church,very,"Racially, I am white. I am a woman. I am 80 years old. Ideologically, I am slightly liberal. I do not attend church. I am very interested in politics. ",Kamala Harris
1,1,1,59,3,1,1,white,man,59,slightly liberal,attend church,very,"Racially, I am white. I am a man. I am 59 years old. Ideologically, I am slightly liberal. I attend church. I am very interested in politics. ",Kamala Harris
1,1,1,67,5,2,1,white,man,67,slightly conservative,attend church,somewhat,"Racially, I am white. I am a man. I am 67 years old. Ideologically, I am slightly conservative. I attend church. I am somewhat interested in politics. ",Kamala Harris
1,2,1,45,3,2,1,white,woman,45,slightly liberal,attend church,somewhat,"Racially, I am white. I am a woman. I am 45 years old. Ideologically, I am slightly liberal. I attend church. I am somewhat interested in politics. ",Kamala Harris
2,2,1,28,6,3,1,white,woman,28,conservative,attend church,not very,"Racially, I am white. I am a woman. I am 28 years old. Ideologically, I am conservative. I attend church. I am not very interested in politics. ",Donald Trump
1,2,1,35,2,4,2,white,woman,35,liberal,do not attend church,not at all,"Racially, I am white. I am a woman. I am 35 years old. Ideologically, I am liberal. I do not attend church. I am not at all interested in politics. ",Kamala Harris
1,1,1,32,2,2,1,white,man,32,liberal,attend church,somewhat,"Racially, I am white. I am a man. I am 32 years old. Ideologically, I am liberal. I attend church. I am somewhat interested in politics. ",Kamala Harris
1,2,2,38,1,1,1,black,woman,38,extremely liberal,attend church,very,"Racially, I am black. I am a woman. I am 38 years old. Ideologically, I am extremely liberal. I attend church. I am very interested in politics. ",Kamala Harris
2,1,1,75,4,2,2,white,man,75,moderate,do not attend church,somewhat,"Racially, I am white. I am a man. I am 75 years old. Ideologically, I am moderate. I do not attend church. I am somewhat interested in politics. ",Donald Trump
1,2,1,80,2,2,2,white,woman,80,liberal,do not attend church,somewhat,"Racially, I am white. I am a woman. I am 80 years old. Ideologically, I am liberal. I do not attend church. I am somewhat interested in politics. ",Kamala Harris
1,1,2,60,4,1,2,black,man,60,moderate,do not attend church,very,"Racially, I am black. I am a man. I am 60 years old. Ideologically, I am moderate. I do not attend church. I am very interested in politics. ",Kamala Harris
2,1,1,51,4,4,2,white,man,51,moderate,do not attend church,not at all,"Racially, I am white. I am a man. I am 51 years old. Ideologically, I am moderate. I do not attend church. I am not at all interested in politics. ",Donald Trump
1,2,1,46,4,2,2,white,woman,46,moderate,do not attend church,somewhat,"Racially, I am white. I am a woman. I am 46 years old. Ideologically, I am moderate. I do not attend church. I am somewhat interested in politics. ",Kamala Harris
1,2,6,68,1,1,1,mixed race,woman,68,extremely liberal,attend church,very,"Racially, I am mixed race. I am a woman. I am 68 years old. Ideologically, I am extremely liberal. I attend church. I am very interested in politics. ",Kamala Harris
1,2,3,75,2,2,2,hispanic,woman,75,liberal,do not attend church,somewhat,"Racially, I am hispanic. I am a woman. I am 75 years old. Ideologically, I am liberal. I do not attend church. I am somewhat interested in politics. ",Kamala Harris
1,1,3,35,1,2,1,hispanic,man,35,extremely liberal,attend church,somewhat,"Racially, I am hispanic. I am a man. I am 35 years old. Ideologically, I am extremely liberal. I attend church. I am somewhat interested in politics. ",Kamala Harris
1,1,1,47,4,1,2,white,man,47,moderate,do not attend church,very,"Racially, I am white. I am a man. I am 47 years old. Ideologically, I am moderate. I do not attend church. I am very interested in politics. ",Kamala Harris
1,2,1,53,6,2,1,white,woman,53,conservative,attend church,somewhat,"Racially, I am white. I am a woman. I am 53 years old. Ideologically, I am conservative. I attend church. I am somewhat interested in politics. ",Kamala Harris
1,1,6,28,2,1,2,mixed race,man,28,liberal,do not attend church,very,"Racially, I am mixed race. I am a man. I am 28 years old. Ideologically, I am liberal. I do not attend church. I am very interested in politics. ",Kamala Harris
1,1,1,61,2,2,1,white,man,61,liberal,attend church,somewhat,"Racially, I am white. I am a man. I am 61 years old. Ideologically, I am liberal. I attend church. I am somewhat interested in politics. ",Kamala Harris
1,2,1,43,2,1,1,white,woman,43,liberal,attend church,very,"Racially, I am white. I am a woman. I am 43 years old. Ideologically, I am liberal. I attend church. I am very interested in politics. ",Kamala Harris
2,1,1,80,6,2,2,white,man,80,conservative,do not attend church,somewhat,"Racially, I am white. I am a man. I am 80 years old. Ideologically, I am conservative. I do not attend church. I am somewhat interested in politics. ",Donald Trump
1,2,1,54,1,3,2,white,woman,54,extremely liberal,do not attend church,not very,"Racially, I am white. I am a woman. I am 54 years old. Ideologically, I am extremely liberal. I do not attend church. I am not very interested in politics. ",Kamala Harris
1,1,1,42,1,2,2,white,man,42,extremely liberal,do not attend church,somewhat,"Racially, I am white. I am a man. I am 42 years old. Ideologically, I am extremely liberal. I do not attend church. I am somewhat interested in politics. ",Kamala Harris
2,2,1,68,6,2,2,white,woman,68,conservative,do not attend church,somewhat,"Racially, I am white. I am a woman. I am 68 years old. Ideologically, I am conservative. I do not attend church. I am somewhat interested in politics. ",Donald Trump
1,1,1,80,2,1,2,white,man,80,liberal,do not attend church,very,"Racially, I am white. I am a man. I am 80 years old. Ideologically, I am liberal. I do not attend church. I am very interested in politics. ",Kamala Harris
2,2,1,76,6,2,1,white,woman,76,conservative,attend church,somewhat,"Racially, I am white. I am a woman. I am 76 years old. Ideologically, I am conservative. I attend church. I am somewhat interested in politics. ",Donald Trump
1,1,3,50,3,2,1,hispanic,man,50,slightly liberal,attend church,somewhat,"Racially, I am hispanic. I am a man. I am 50 years old. Ideologically, I am slightly liberal. I attend church. I am somewhat interested in politics. ",Kamala Harris
1,1,3,59,4,2,2,hispanic,man,59,moderate,do not attend church,somewhat,"Racially, I am hispanic. I am a man. I am 59 years old. Ideologically, I am moderate. I do not attend church. I am somewhat interested in politics. ",Kamala Harris
2,2,1,70,6,2,1,white,woman,70,conservative,attend church,somewhat,"Racially, I am white. I am a woman. I am 70 years old. Ideologically, I am conservative. I attend church. I am somewhat interested in politics. ",Donald Trump
1,1,1,70,4,2,2,white,man,70,moderate,do not attend church,somewhat,"Racially, I am white. I am a man. I am 70 years old. Ideologically, I am moderate. I do not attend church. I am somewhat interested in politics. ",Kamala Harris
2,1,6,53,5,3,1,mixed race,man,53,slightly conservative,attend church,not very,"Racially, I am mixed race. I am a man. I am 53 years old. Ideologically, I am slightly conservative. I attend church. I am not very interested in politics. ",Donald Trump
1,1,1,43,2,1,2,white,man,43,liberal,do not attend church,very,"Racially, I am white. I am a man. I am 43 years old. Ideologically, I am liberal. I do not attend church. I am very interested in politics. ",Kamala Harris
2,1,1,74,6,1,2,white,man,74,conservative,do not attend church,very,"Racially, I am white. I am a man. I am 74 years old. Ideologically, I am conservative. I do not attend church. I am very interested in politics. ",Donald Trump
1,2,3,61,4,2,2,hispanic,woman,61,moderate,do not attend church,somewhat,"Racially, I am hispanic. I am a woman. I am 61 years old. Ideologically, I am moderate. I do not attend church. I am somewhat interested in politics. ",Kamala Harris
1,1,1,30,1,2,1,white,man,30,extremely liberal,attend church,somewhat,"Racially, I am white. I am a man. I am 30 years old. Ideologically, I am extremely liberal. I attend church. I am somewhat interested in politics. ",Kamala Harris
1,2,6,22,2,2,2,mixed race,woman,22,liberal,do not attend church,somewhat,"Racially, I am mixed race. I am a woman. I am 22 years old. Ideologically, I am liberal. I do not attend church. I am somewhat interested in politics. ",Kamala Harris
2,1,1,41,6,2,2,white,man,41,conservative,do not attend church,somewhat,"Racially, I am white. I am a man. I am 41 years old. Ideologically, I am conservative. I do not attend church. I am somewhat interested in politics. ",Donald Trump
1,2,1,45,3,2,2,white,woman,45,slightly liberal,do not attend church,somewhat,"Racially, I am white. I am a woman. I am 45 years old. Ideologically, I am slightly liberal. I do not attend church. I am somewhat interested in politics. ",Kamala Harris
1,1,1,41,2,2,2,white,man,41,liberal,do not attend church,somewhat,"Racially, I am white. I am a man. I am 41 years old. Ideologically, I am liberal. I do not attend church. I am somewhat interested in politics. ",Kamala Harris
2,2,1,75,6,2,1,white,woman,75,conservative,attend church,somewhat,"Racially, I am white. I am a woman. I am 75 years old. Ideologically, I am conservative. I attend church. I am somewhat interested in politics. ",Donald Trump
2,1,1,42,6,1,1,white,man,42,conservative,attend church,very,"Racially, I am white. I am a man. I am 42 years old. Ideologically, I am conservative. I attend church. I am very interested in politics. ",Donald Trump
2,1,1,63,6,1,2,white,man,63,conservative,do not attend church,very,"Racially, I am white. I am a man. I am 63 years old. Ideologically, I am conservative. I do not attend church. I am very interested in politics. ",Donald Trump
2,2,1,37,6,4,1,white,woman,37,conservative,attend church,not at all,"Racially, I am white. I am a woman. I am 37 years old. Ideologically, I am conservative. I attend church. I am not at all interested in politics. ",Donald Trump
1,1,1,80,2,2,2,white,man,80,liberal,do not attend church,somewhat,"Racially, I am white. I am a man. I am 80 years old. Ideologically, I am liberal. I do not attend church. I am somewhat interested in politics. ",Kamala Harris
1,2,1,38,2,2,2,white,woman,38,liberal,do not attend church,somewhat,"Racially, I am white. I am a woman. I am 38 years old. Ideologically, I am liberal. I do not attend church. I am somewhat interested in politics. ",Kamala Harris
1,1,1,54,5,1,1,white,man,54,slightly conservative,attend church,very,"Racially, I am white. I am a man. I am 54 years old. Ideologically, I am slightly conservative. I attend church. I am very interested in politics. ",Kamala Harris
2,2,1,65,6,1,1,white,woman,65,conservative,attend church,very,"Racially, I am white. I am a woman. I am 65 years old. Ideologically, I am conservative. I attend church. I am very interested in politics. ",Donald Trump
2,1,1,80,3,3,1,white,man,80,slightly liberal,attend church,not very,"Racially, I am white. I am a man. I am 80 years old. Ideologically, I am slightly liberal. I attend church. I am not very interested in politics. ",Donald Trump
1,2,1,27,1,2,2,white,woman,27,extremely liberal,do not attend church,somewhat,"Racially, I am white. I am a woman. I am 27 years old. Ideologically, I am extremely liberal. I do not attend church. I am somewhat interested in politics. ",Kamala Harris
1,2,3,41,1,1,2,hispanic,woman,41,extremely liberal,do not attend church,very,"Racially, I am hispanic. I am a woman. I am 41 years old. Ideologically, I am extremely liberal. I do not attend church. I am very interested in politics. ",Kamala Harris
1,1,1,80,2,2,2,white,man,80,liberal,do not attend church,somewhat,"Racially, I am white. I am a man. I am 80 years old. Ideologically, I am liberal. I do not attend church. I am somewhat interested in politics. ",Kamala Harris
2,1,1,68,6,1,1,white,man,68,conservative,attend church,very,"Racially, I am white. I am a man. I am 68 years old. Ideologically, I am conservative. I attend church. I am very interested in politics. ",Donald Trump
2,1,1,77,6,1,2,white,man,77,conservative,do not attend church,very,"Racially, I am white. I am a man. I am 77 years old. Ideologically, I am conservative. I do not attend church. I am very interested in politics. ",Donald Trump
1,1,1,55,4,3,2,white,man,55,moderate,do not attend church,not very,"Racially, I am white. I am a man. I am 55 years old. Ideologically, I am moderate. I do not attend church. I am not very interested in politics. ",Kamala Harris
2,2,1,73,6,2,1,white,woman,73,conservative,attend church,somewhat,"Racially, I am white. I am a woman. I am 73 years old. Ideologically, I am conservative. I attend church. I am somewhat interested in politics. ",Donald Trump
2,2,1,70,7,2,1,white,woman,70,extremely conservative,attend church,somewhat,"Racially, I am white. I am a woman. I am 70 years old. Ideologically, I am extremely conservative. I attend church. I am somewhat interested in politics. ",Donald Trump
2,1,1,27,5,4,2,white,man,27,slightly conservative,do not attend church,not at all,"Racially, I am white. I am a man. I am 27 years old. Ideologically, I am slightly conservative. I do not attend church. I am not at all interested in politics. ",Donald Trump
2,1,1,35,6,2,2,white,man,35,conservative,do not attend church,somewhat,"Racially, I am white. I am a man. I am 35 years old. Ideologically, I am conservative. I do not attend church. I am somewhat interested in politics. ",Donald Trump
1,1,1,68,2,2,1,white,man,68,liberal,attend church,somewhat,"Racially, I am white. I am a man. I am 68 years old. Ideologically, I am liberal. I attend church. I am somewhat interested in politics. ",Kamala Harris
1,1,3,65,4,2,1,hispanic,man,65,moderate,attend church,somewhat,"Racially, I am hispanic. I am a man. I am 65 years old. Ideologically, I am moderate. I attend church. I am somewhat interested in politics. ",Kamala Harris
2,2,1,71,5,3,1,white,woman,71,slightly conservative,attend church,not very,"Racially, I am white. I am a woman. I am 71 years old. Ideologically, I am slightly conservative. I attend church. I am not very interested in politics. ",Donald Trump
2,2,1,60,6,2,1,white,woman,60,conservative,attend church,somewhat,"Racially, I am white. I am a woman. I am 60 years old. Ideologically, I am conservative. I attend church. I am somewhat interested in politics. ",Donald Trump
1,1,1,34,2,2,1,white,man,34,liberal,attend church,somewhat,"Racially, I am white. I am a man. I am 34 years old. Ideologically, I am liberal. I attend church. I am somewhat interested in politics. ",Kamala Harris
2,2,1,55,6,2,1,white,woman,55,conservative,attend church,somewhat,"Racially, I am white. I am a woman. I am 55 years old. Ideologically, I am conservative. I attend church. I am somewhat interested in politics. ",Donald Trump
2,2,1,80,7,1,1,white,woman,80,extremely conservative,attend church,very,"Racially, I am white. I am a woman. I am 80 years old. Ideologically, I am extremely conservative. I attend church. I am very interested in politics. ",Donald Trump
2,2,1,59,6,2,1,white,woman,59,conservative,attend church,somewhat,"Racially, I am white. I am a woman. I am 59 years old. Ideologically, I am conservative. I attend church. I am somewhat interested in politics. ",Donald Trump
2,2,3,50,7,1,1,hispanic,woman,50,extremely conservative,attend church,very,"Racially, I am hispanic. I am a woman. I am 50 years old. Ideologically, I am extremely conservative. I attend church. I am very interested in politics. ",Donald Trump
2,2,1,60,6,1,1,white,woman,60,conservative,attend church,very,"Racially, I am white. I am a woman. I am 60 years old. Ideologically, I am conservative. I attend church. I am very interested in politics. ",Donald Trump
2,2,1,80,6,1,1,white,woman,80,conservative,attend church,very,"Racially, I am white. I am a woman. I am 80 years old. Ideologically, I am conservative. I attend church. I am very interested in politics. ",Donald Trump
1,2,1,80,4,4,2,white,woman,80,moderate,do not attend church,not at all,"Racially, I am white. I am a woman. I am 80 years old. Ideologically, I am moderate. I do not attend church. I am not at all interested in politics. ",Kamala Harris
1,1,3,73,2,2,1,hispanic,man,73,liberal,attend church,somewhat,"Racially, I am hispanic. I am a man. I am 73 years old. Ideologically, I am liberal. I attend church. I am somewhat interested in politics. ",Kamala Harris
1,2,1,28,2,2,1,white,woman,28,liberal,attend church,somewhat,"Racially, I am white. I am a woman. I am 28 years old. Ideologically, I am liberal. I attend church. I am somewhat interested in politics. ",Kamala Harris
1,1,1,73,2,1,2,white,man,73,liberal,do not attend church,very,"Racially, I am white. I am a man. I am 73 years old. Ideologically, I am liberal. I do not attend church. I am very interested in politics. ",Kamala Harris
1,2,2,59,4,3,1,black,woman,59,moderate,attend church,not very,"Racially, I am black. I am a woman. I am 59 years old. Ideologically, I am moderate. I attend church. I am not very interested in politics. ",Kamala Harris
1,2,1,80,2,2,2,white,woman,80,liberal,do not attend church,somewhat,"Racially, I am white. I am a woman. I am 80 years old. Ideologically, I am liberal. I do not attend church. I am somewhat interested in politics. ",Kamala Harris
1,2,1,67,4,2,1,white,woman,67,moderate,attend church,somewhat,"Racially, I am white. I am a woman. I am 67 years old. Ideologically, I am moderate. I attend church. I am somewhat interested in politics. ",Kamala Harris
1,1,2,63,4,1,2,black,man,63,moderate,do not attend church,very,"Racially, I am black. I am a man. I am 63 years old. Ideologically, I am moderate. I do not attend church. I am very interested in politics. ",Kamala Harris
2,1,1,65,5,2,2,white,man,65,slightly conservative,do not attend church,somewhat,"Racially, I am white. I am a man. I am 65 years old. Ideologically, I am slightly conservative. I do not attend church. I am somewhat interested in politics. ",Donald Trump
1,2,1,45,2,2,2,white,woman,45,liberal,do not attend church,somewhat,"Racially, I am white. I am a woman. I am 45 years old. Ideologically, I am liberal. I do not attend church. I am somewhat interested in politics. ",Kamala Harris
1,2,1,72,4,1,2,white,woman,72,moderate,do not attend church,very,"Racially, I am white. I am a woman. I am 72 years old. Ideologically, I am moderate. I do not attend church. I am very interested in politics. ",Kamala Harris
2,2,1,47,6,2,1,white,woman,47,conservative,attend church,somewhat,"Racially, I am white. I am a woman. I am 47 years old. Ideologically, I am conservative. I attend church. I am somewhat interested in politics. ",Donald Trump
1,2,1,70,5,3,2,white,woman,70,slightly conservative,do not attend church,not very,"Racially, I am white. I am a woman. I am 70 years old. Ideologically, I am slightly conservative. I do not attend church. I am not very interested in politics. ",Kamala Harris
2,1,3,34,4,2,2,hispanic,man,34,moderate,do not attend church,somewhat,"Racially, I am hispanic. I am a man. I am 34 years old. Ideologically, I am moderate. I do not attend church. I am somewhat interested in politics. ",Donald Trump
1,2,3,63,5,3,2,hispanic,woman,63,slightly conservative,do not attend church,not very,"Racially, I am hispanic. I am a woman. I am 63 years old. Ideologically, I am slightly conservative. I do not attend church. I am not very interested in politics. ",Kamala Harris
1,2,1,27,3,3,2,white,woman,27,slightly liberal,do not attend church,not very,"Racially, I am white. I am a woman. I am 27 years old. Ideologically, I am slightly liberal. I do not attend church. I am not very interested in politics. ",Kamala Harris
1,1,3,26,4,2,1,hispanic,man,26,moderate,attend church,somewhat,"Racially, I am hispanic. I am a man. I am 26 years old. Ideologically, I am moderate. I attend church. I am somewhat interested in politics. ",Kamala Harris
1,2,1,30,2,2,2,white,woman,30,liberal,do not attend church,somewhat,"Racially, I am white. I am a woman. I am 30 years old. Ideologically, I am liberal. I do not attend church. I am somewhat interested in politics. ",Kamala Harris
2,1,1,34,4,2,1,white,man,34,moderate,attend church,somewhat,"Racially, I am white. I am a man. I am 34 years old. Ideologically, I am moderate. I attend church. I am somewhat interested in politics. ",Donald Trump
1,1,1,75,2,1,1,white,man,75,liberal,attend church,very,"Racially, I am white. I am a man. I am 75 years old. Ideologically, I am liberal. I attend church. I am very interested in politics. ",Kamala Harris
1,2,1,78,3,2,2,white,woman,78,slightly liberal,do not attend church,somewhat,"Racially, I am white. I am a woman. I am 78 years old. Ideologically, I am slightly liberal. I do not attend church. I am somewhat interested in politics. ",Kamala Harris
1,2,1,79,2,2,2,white,woman,79,liberal,do not attend church,somewhat,"Racially, I am white. I am a woman. I am 79 years old. Ideologically, I am liberal. I do not attend church. I am somewhat interested in politics. ",Kamala Harris
2,2,3,55,4,2,1,hispanic,woman,55,moderate,attend church,somewhat,"Racially, I am hispanic. I am a woman. I am 55 years old. Ideologically, I am moderate. I attend church. I am somewhat interested in politics. ",Donald Trump
1,2,1,42,4,2,2,white,woman,42,moderate,do not attend church,somewhat,"Racially, I am white. I am a woman. I am 42 years old. Ideologically, I am moderate. I do not attend church. I am somewhat interested in politics. ",Kamala Harris
1,1,1,71,1,1,2,white,man,71,extremely liberal,do not attend church,very,"Racially, I am white. I am a man. I am 71 years old. Ideologically, I am extremely liberal. I do not attend church. I am very interested in politics. ",Kamala Harris
1,2,1,79,4,2,2,white,woman,79,moderate,do not attend church,somewhat,"Racially, I am white. I am a woman. I am 79 years old. Ideologically, I am moderate. I do not attend church. I am somewhat interested in politics. ",Kamala Harris
2,2,1,28,6,3,2,white,woman,28,conservative,do not attend church,not very,"Racially, I am white. I am a woman. I am 28 years old. Ideologically, I am conservative. I do not attend church. I am not very interested in politics. ",Donald Trump
1,2,1,44,2,1,2,white,woman,44,liberal,do not attend church,very,"Racially, I am white. I am a woman. I am 44 years old. Ideologically, I am liberal. I do not attend church. I am very interested in politics. ",Kamala Harris
1,1,1,65,2,2,1,white,man,65,liberal,attend church,somewhat,"Racially, I am white. I am a man. I am 65 years old. Ideologically, I am liberal. I attend church. I am somewhat interested in politics. ",Kamala Harris
2,2,4,43,6,3,2,asian,woman,43,conservative,do not attend church,not very,"Racially, I am asian. I am a woman. I am 43 years old. Ideologically, I am conservative. I do not attend church. I am not very interested in politics. ",Donald Trump
2,2,1,49,5,3,2,white,woman,49,slightly conservative,do not attend church,not very,"Racially, I am white. I am a woman. I am 49 years old. Ideologically, I am slightly conservative. I do not attend church. I am not very interested in politics. ",Donald Trump
1,2,3,61,5,1,2,hispanic,woman,61,slightly conservative,do not attend church,very,"Racially, I am hispanic. I am a woman. I am 61 years old. Ideologically, I am slightly conservative. I do not attend church. I am very interested in politics. ",Kamala Harris
1,2,1,69,2,1,2,white,woman,69,liberal,do not attend church,very,"Racially, I am white. I am a woman. I am 69 years old. Ideologically, I am liberal. I do not attend church. I am very interested in politics. ",Kamala Harris
1,1,1,32,2,2,2,white,man,32,liberal,do not attend church,somewhat,"Racially, I am white. I am a man. I am 32 years old. Ideologically, I am liberal. I do not attend church. I am somewhat interested in politics. ",Kamala Harris
1,2,1,56,3,2,2,white,woman,56,slightly liberal,do not attend church,somewhat,"Racially, I am white. I am a woman. I am 56 years old. Ideologically, I am slightly liberal. I do not attend church. I am somewhat interested in politics. ",Kamala Harris
1,2,1,54,7,2,1,white,woman,54,extremely conservative,attend church,somewhat,"Racially, I am white. I am a woman. I am 54 years old. Ideologically, I am extremely conservative. I attend church. I am somewhat interested in politics. ",Kamala Harris
1,2,1,54,2,1,2,white,woman,54,liberal,do not attend church,very,"Racially, I am white. I am a woman. I am 54 years old. Ideologically, I am liberal. I do not attend church. I am very interested in politics. ",Kamala Harris
2,2,4,36,6,4,1,asian,woman,36,conservative,attend church,not at all,"Racially, I am asian. I am a woman. I am 36 years old. Ideologically, I am conservative. I attend church. I am not at all interested in politics. ",Donald Trump
1,2,1,43,4,1,1,white,woman,43,moderate,attend church,very,"Racially, I am white. I am a woman. I am 43 years old. Ideologically, I am moderate. I attend church. I am very interested in politics. ",Kamala Harris
1,1,1,73,3,1,1,white,man,73,slightly liberal,attend church,very,"Racially, I am white. I am a man. I am 73 years old. Ideologically, I am slightly liberal. I attend church. I am very interested in politics. ",Kamala Harris
2,2,1,80,4,2,1,white,woman,80,moderate,attend church,somewhat,"Racially, I am white. I am a woman. I am 80 years old. Ideologically, I am moderate. I attend church. I am somewhat interested in politics. ",Donald Trump
1,2,1,28,1,1,2,white,woman,28,extremely liberal,do not attend church,very,"Racially, I am white. I am a woman. I am 28 years old. Ideologically, I am extremely liberal. I do not attend church. I am very interested in politics. ",Kamala Harris
1,2,1,76,2,2,2,white,woman,76,liberal,do not attend church,somewhat,"Racially, I am white. I am a woman. I am 76 years old. Ideologically, I am liberal. I do not attend church. I am somewhat interested in politics. ",Kamala Harris
1,1,1,59,3,2,2,white,man,59,slightly liberal,do not attend church,somewhat,"Racially, I am white. I am a man. I am 59 years old. Ideologically, I am slightly liberal. I do not attend church. I am somewhat interested in politics. ",Kamala Harris
1,1,1,31,5,2,1,white,man,31,slightly conservative,attend church,somewhat,"Racially, I am white. I am a man. I am 31 years old. Ideologically, I am slightly conservative. I attend church. I am somewhat interested in politics. ",Kamala Harris
2,2,1,69,6,4,2,white,woman,69,conservative,do not attend church,not at all,"Racially, I am white. I am a woman. I am 69 years old. Ideologically, I am conservative. I do not attend church. I am not at all interested in politics. ",Donald Trump
2,2,1,47,6,2,1,white,woman,47,conservative,attend church,somewhat,"Racially, I am white. I am a woman. I am 47 years old. Ideologically, I am conservative. I attend church. I am somewhat interested in politics. ",Donald Trump
2,1,1,61,5,2,1,white,man,61,slightly conservative,attend church,somewhat,"Racially, I am white. I am a man. I am 61 years old. Ideologically, I am slightly conservative. I attend church. I am somewhat interested in politics. ",Donald Trump
1,2,1,66,2,2,1,white,woman,66,liberal,attend church,somewhat,"Racially, I am white. I am a woman. I am 66 years old. Ideologically, I am liberal. I attend church. I am somewhat interested in politics. ",Kamala Harris
1,1,1,35,3,1,2,white,man,35,slightly liberal,do not attend church,very,"Racially, I am white. I am a man. I am 35 years old. Ideologically, I am slightly liberal. I do not attend church. I am very interested in politics. ",Kamala Harris
1,2,1,38,4,2,2,white,woman,38,moderate,do not attend church,somewhat,"Racially, I am white. I am a woman. I am 38 years old. Ideologically, I am moderate. I do not attend church. I am somewhat interested in politics. ",Kamala Harris
2,1,3,42,5,2,1,hispanic,man,42,slightly conservative,attend church,somewhat,"Racially, I am hispanic. I am a man. I am 42 years old. Ideologically, I am slightly conservative. I attend church. I am somewhat interested in politics. ",Donald Trump
2,1,1,61,5,2,1,white,man,61,slightly conservative,attend church,somewhat,"Racially, I am white. I am a man. I am 61 years old. Ideologically, I am slightly conservative. I attend church. I am somewhat interested in politics. ",Donald Trump
1,2,2,63,6,1,1,black,woman,63,conservative,attend church,very,"Racially, I am black. I am a woman. I am 63 years old. Ideologically, I am conservative. I attend church. I am very interested in politics. ",Kamala Harris
2,1,1,35,6,2,1,white,man,35,conservative,attend church,somewhat,"Racially, I am white. I am a man. I am 35 years old. Ideologically, I am conservative. I attend church. I am somewhat interested in politics. ",Donald Trump
1,1,1,28,2,1,2,white,man,28,liberal,do not attend church,very,"Racially, I am white. I am a man. I am 28 years old. Ideologically, I am liberal. I do not attend church. I am very interested in politics. ",Kamala Harris
1,2,1,60,3,2,2,white,woman,60,slightly liberal,do not attend church,somewhat,"Racially, I am white. I am a woman. I am 60 years old. Ideologically, I am slightly liberal. I do not attend church. I am somewhat interested in politics. ",Kamala Harris
2,1,1,78,6,2,1,white,man,78,conservative,attend church,somewhat,"Racially, I am white. I am a man. I am 78 years old. Ideologically, I am conservative. I attend church. I am somewhat interested in politics. ",Donald Trump
2,2,1,57,6,2,2,white,woman,57,conservative,do not attend church,somewhat,"Racially, I am white. I am a woman. I am 57 years old. Ideologically, I am conservative. I do not attend church. I am somewhat interested in politics. ",Donald Trump
2,2,1,72,7,2,1,white,woman,72,extremely conservative,attend church,somewhat,"Racially, I am white. I am a woman. I am 72 years old. Ideologically, I am extremely conservative. I attend church. I am somewhat interested in politics. ",Donald Trump
2,1,1,70,7,2,1,white,man,70,extremely conservative,attend church,somewhat,"Racially, I am white. I am a man. I am 70 years old. Ideologically, I am extremely conservative. I attend church. I am somewhat interested in politics. ",Donald Trump
1,2,3,37,3,4,2,hispanic,woman,37,slightly liberal,do not attend church,not at all,"Racially, I am hispanic. I am a woman. I am 37 years old. Ideologically, I am slightly liberal. I do not attend church. I am not at all interested in politics. ",Kamala Harris
2,1,1,53,5,2,2,white,man,53,slightly conservative,do not attend church,somewhat,"Racially, I am white. I am a man. I am 53 years old. Ideologically, I am slightly conservative. I do not attend church. I am somewhat interested in politics. ",Donald Trump
1,1,1,58,5,2,1,white,man,58,slightly conservative,attend church,somewhat,"Racially, I am white. I am a man. I am 58 years old. Ideologically, I am slightly conservative. I attend church. I am somewhat interested in politics. ",Kamala Harris
2,1,1,64,6,2,1,white,man,64,conservative,attend church,somewhat,"Racially, I am white. I am a man. I am 64 years old. Ideologically, I am conservative. I attend church. I am somewhat interested in politics. ",Donald Trump
1,1,1,43,2,1,2,white,man,43,liberal,do not attend church,very,"Racially, I am white. I am a man. I am 43 years old. Ideologically, I am liberal. I do not attend church. I am very interested in politics. ",Kamala Harris
2,2,1,53,4,3,2,white,woman,53,moderate,do not attend church,not very,"Racially, I am white. I am a woman. I am 53 years old. Ideologically, I am moderate. I do not attend church. I am not very interested in politics. ",Donald Trump
2,1,1,70,6,2,1,white,man,70,conservative,attend church,somewhat,"Racially, I am white. I am a man. I am 70 years old. Ideologically, I am conservative. I attend church. I am somewhat interested in politics. ",Donald Trump
2,1,1,43,5,1,1,white,man,43,slightly conservative,attend church,very,"Racially, I am white. I am a man. I am 43 years old. Ideologically, I am slightly conservative. I attend church. I am very interested in politics. ",Donald Trump
2,1,4,45,4,3,1,asian,man,45,moderate,attend church,not very,"Racially, I am asian. I am a man. I am 45 years old. Ideologically, I am moderate. I attend church. I am not very interested in politics. ",Donald Trump
1,2,1,32,4,2,2,white,woman,32,moderate,do not attend church,somewhat,"Racially, I am white. I am a woman. I am 32 years old. Ideologically, I am moderate. I do not attend church. I am somewhat interested in politics. ",Kamala Harris
1,2,1,63,3,2,1,white,woman,63,slightly liberal,attend church,somewhat,"Racially, I am white. I am a woman. I am 63 years old. Ideologically, I am slightly liberal. I attend church. I am somewhat interested in politics. ",Kamala Harris
2,1,1,26,6,3,2,white,man,26,conservative,do not attend church,not very,"Racially, I am white. I am a man. I am 26 years old. Ideologically, I am conservative. I do not attend church. I am not very interested in politics. ",Donald Trump
1,2,1,37,3,2,2,white,woman,37,slightly liberal,do not attend church,somewhat,"Racially, I am white. I am a woman. I am 37 years old. Ideologically, I am slightly liberal. I do not attend church. I am somewhat interested in politics. ",Kamala Harris
1,2,3,31,4,2,1,hispanic,woman,31,moderate,attend church,somewhat,"Racially, I am hispanic. I am a woman. I am 31 years old. Ideologically, I am moderate. I attend church. I am somewhat interested in politics. ",Kamala Harris
2,2,1,20,7,1,2,white,woman,20,extremely conservative,do not attend church,very,"Racially, I am white. I am a woman. I am 20 years old. Ideologically, I am extremely conservative. I do not attend church. I am very interested in politics. ",Donald Trump
2,1,1,32,5,3,1,white,man,32,slightly conservative,attend church,not very,"Racially, I am white. I am a man. I am 32 years old. Ideologically, I am slightly conservative. I attend church. I am not very interested in politics. ",Donald Trump
2,2,1,69,6,2,2,white,woman,69,conservative,do not attend church,somewhat,"Racially, I am white. I am a woman. I am 69 years old. Ideologically, I am conservative. I do not attend church. I am somewhat interested in politics. ",Donald Trump
1,2,1,45,4,3,2,white,woman,45,moderate,do not attend church,not very,"Racially, I am white. I am a woman. I am 45 years old. Ideologically, I am moderate. I do not attend church. I am not very interested in politics. ",Kamala Harris
1,1,1,69,4,2,2,white,man,69,moderate,do not attend church,somewhat,"Racially, I am white. I am a man. I am 69 years old. Ideologically, I am moderate. I do not attend church. I am somewhat interested in politics. ",Kamala Harris
1,2,2,29,4,3,2,black,woman,29,moderate,do not attend church,not very,"Racially, I am black. I am a woman. I am 29 years old. Ideologically, I am moderate. I do not attend church. I am not very interested in politics. ",Kamala Harris
1,2,1,59,1,2,2,white,woman,59,extremely liberal,do not attend church,somewhat,"Racially, I am white. I am a woman. I am 59 years old. Ideologically, I am extremely liberal. I do not attend church. I am somewhat interested in politics. ",Kamala Harris
2,1,1,69,7,4,2,white,man,69,extremely conservative,do not attend church,not at all,"Racially, I am white. I am a man. I am 69 years old. Ideologically, I am extremely conservative. I do not attend church. I am not at all interested in politics. ",Donald Trump
1,1,1,30,4,1,2,white,man,30,moderate,do not attend church,very,"Racially, I am white. I am a man. I am 30 years old. Ideologically, I am moderate. I do not attend church. I am very interested in politics. ",Kamala Harris
1,1,2,40,4,3,1,black,man,40,moderate,attend church,not very,"Racially, I am black. I am a man. I am 40 years old. Ideologically, I am moderate. I attend church. I am not very interested in politics. ",Kamala Harris
2,2,1,80,6,2,2,white,woman,80,conservative,do not attend church,somewhat,"Racially, I am white. I am a woman. I am 80 years old. Ideologically, I am conservative. I do not attend church. I am somewhat interested in politics. ",Donald Trump
1,2,1,70,3,2,2,white,woman,70,slightly liberal,do not attend church,somewhat,"Racially, I am white. I am a woman. I am 70 years old. Ideologically, I am slightly liberal. I do not attend church. I am somewhat interested in politics. ",Kamala Harris
2,2,1,30,6,3,1,white,woman,30,conservative,attend church,not very,"Racially, I am white. I am a woman. I am 30 years old. Ideologically, I am conservative. I attend church. I am not very interested in politics. ",Donald Trump
1,2,1,62,2,2,1,white,woman,62,liberal,attend church,somewhat,"Racially, I am white. I am a woman. I am 62 years old. Ideologically, I am liberal. I attend church. I am somewhat interested in politics. ",Kamala Harris
1,2,2,59,4,4,1,black,woman,59,moderate,attend church,not at all,"Racially, I am black. I am a woman. I am 59 years old. Ideologically, I am moderate. I attend church. I am not at all interested in politics. ",Kamala Harris
2,1,1,69,6,3,1,white,man,69,conservative,attend church,not very,"Racially, I am white. I am a man. I am 69 years old. Ideologically, I am conservative. I attend church. I am not very interested in politics. ",Donald Trump
2,1,3,66,6,2,1,hispanic,man,66,conservative,attend church,somewhat,"Racially, I am hispanic. I am a man. I am 66 years old. Ideologically, I am conservative. I attend church. I am somewhat interested in politics. ",Donald Trump
2,2,1,50,6,1,1,white,woman,50,conservative,attend church,very,"Racially, I am white. I am a woman. I am 50 years old. Ideologically, I am conservative. I attend church. I am very interested in politics. ",Donald Trump
1,2,3,75,2,1,2,hispanic,woman,75,liberal,do not attend church,very,"Racially, I am hispanic. I am a woman. I am 75 years old. Ideologically, I am liberal. I do not attend church. I am very interested in politics. ",Kamala Harris
2,2,1,43,5,3,1,white,woman,43,slightly conservative,attend church,not very,"Racially, I am white. I am a woman. I am 43 years old. Ideologically, I am slightly conservative. I attend church. I am not very interested in politics. ",Donald Trump
1,1,1,75,2,1,2,white,man,75,liberal,do not attend church,very,"Racially, I am white. I am a man. I am 75 years old. Ideologically, I am liberal. I do not attend church. I am very interested in politics. ",Kamala Harris
1,1,1,68,6,1,2,white,man,68,conservative,do not attend church,very,"Racially, I am white. I am a man. I am 68 years old. Ideologically, I am conservative. I do not attend church. I am very interested in politics. ",Kamala Harris
2,1,5,59,5,2,1,native American,man,59,slightly conservative,attend church,somewhat,"Racially, I am native American. I am a man. I am 59 years old. Ideologically, I am slightly conservative. I attend church. I am somewhat interested in politics. ",Donald Trump
2,2,1,43,5,4,1,white,woman,43,slightly conservative,attend church,not at all,"Racially, I am white. I am a woman. I am 43 years old. Ideologically, I am slightly conservative. I attend church. I am not at all interested in politics. ",Donald Trump
2,1,1,77,5,2,1,white,man,77,slightly conservative,attend church,somewhat,"Racially, I am white. I am a man. I am 77 years old. Ideologically, I am slightly conservative. I attend church. I am somewhat interested in politics. ",Donald Trump
1,2,1,79,6,2,2,white,woman,79,conservative,do not attend church,somewhat,"Racially, I am white. I am a woman. I am 79 years old. Ideologically, I am conservative. I do not attend church. I am somewhat interested in politics. ",Kamala Harris
1,1,3,36,3,2,2,hispanic,man,36,slightly liberal,do not attend church,somewhat,"Racially, I am hispanic. I am a man. I am 36 years old. Ideologically, I am slightly liberal. I do not attend church. I am somewhat interested in politics. ",Kamala Harris
2,1,1,40,5,3,1,white,man,40,slightly conservative,attend church,not very,"Racially, I am white. I am a man. I am 40 years old. Ideologically, I am slightly conservative. I attend church. I am not very interested in politics. ",Donald Trump
1,2,1,38,2,1,2,white,woman,38,liberal,do not attend church,very,"Racially, I am white. I am a woman. I am 38 years old. Ideologically, I am liberal. I do not attend church. I am very interested in politics. ",Kamala Harris
2,1,1,37,6,2,2,white,man,37,conservative,do not attend church,somewhat,"Racially, I am white. I am a man. I am 37 years old. Ideologically, I am conservative. I do not attend church. I am somewhat interested in politics. ",Donald Trump
1,1,1,31,3,2,2,white,man,31,slightly liberal,do not attend church,somewhat,"Racially, I am white. I am a man. I am 31 years old. Ideologically, I am slightly liberal. I do not attend church. I am somewhat interested in politics. ",Kamala Harris
2,2,1,49,6,2,1,white,woman,49,conservative,attend church,somewhat,"Racially, I am white. I am a woman. I am 49 years old. Ideologically, I am conservative. I attend church. I am somewhat interested in politics. ",Donald Trump
1,2,1,33,2,2,1,white,woman,33,liberal,attend church,somewhat,"Racially, I am white. I am a woman. I am 33 years old. Ideologically, I am liberal. I attend church. I am somewhat interested in politics. ",Kamala Harris
2,1,1,76,6,2,1,white,man,76,conservative,attend church,somewhat,"Racially, I am white. I am a man. I am 76 years old. Ideologically, I am conservative. I attend church. I am somewhat interested in politics. ",Donald Trump
1,1,2,54,4,2,2,black,man,54,moderate,do not attend church,somewhat,"Racially, I am black. I am a man. I am 54 years old. Ideologically, I am moderate. I do not attend church. I am somewhat interested in politics. ",Kamala Harris
1,1,1,67,3,1,1,white,man,67,slightly liberal,attend church,very,"Racially, I am white. I am a man. I am 67 years old. Ideologically, I am slightly liberal. I attend church. I am very interested in politics. ",Kamala Harris
1,2,3,57,3,2,2,hispanic,woman,57,slightly liberal,do not attend church,somewhat,"Racially, I am hispanic. I am a woman. I am 57 years old. Ideologically, I am slightly liberal. I do not attend church. I am somewhat interested in politics. ",Kamala Harris
1,1,4,74,4,2,1,asian,man,74,moderate,attend church,somewhat,"Racially, I am asian. I am a man. I am 74 years old. Ideologically, I am moderate. I attend church. I am somewhat interested in politics. ",Kamala Harris
2,2,1,37,5,3,1,white,woman,37,slightly conservative,attend church,not very,"Racially, I am white. I am a woman. I am 37 years old. Ideologically, I am slightly conservative. I attend church. I am not very interested in politics. ",Donald Trump
2,2,1,37,5,4,1,white,woman,37,slightly conservative,attend church,not at all,"Racially, I am white. I am a woman. I am 37 years old. Ideologically, I am slightly conservative. I attend church. I am not at all interested in politics. ",Donald Trump
1,1,3,55,4,2,1,hispanic,man,55,moderate,attend church,somewhat,"Racially, I am hispanic. I am a man. I am 55 years old. Ideologically, I am moderate. I attend church. I am somewhat interested in politics. ",Kamala Harris
1,1,1,29,3,2,1,white,man,29,slightly liberal,attend church,somewhat,"Racially, I am white. I am a man. I am 29 years old. Ideologically, I am slightly liberal. I attend church. I am somewhat interested in politics. ",Kamala Harris
1,2,1,50,3,1,2,white,woman,50,slightly liberal,do not attend church,very,"Racially, I am white. I am a woman. I am 50 years old. Ideologically, I am slightly liberal. I do not attend church. I am very interested in politics. ",Kamala Harris
1,1,4,74,2,4,1,asian,man,74,liberal,attend church,not at all,"Racially, I am asian. I am a man. I am 74 years old. Ideologically, I am liberal. I attend church. I am not at all interested in politics. ",Kamala Harris
2,1,1,59,7,2,2,white,man,59,extremely conservative,do not attend church,somewhat,"Racially, I am white. I am a man. I am 59 years old. Ideologically, I am extremely conservative. I do not attend church. I am somewhat interested in politics. ",Donald Trump
2,2,6,50,6,3,1,mixed race,woman,50,conservative,attend church,not very,"Racially, I am mixed race. I am a woman. I am 50 years old. Ideologically, I am conservative. I attend church. I am not very interested in politics. ",Donald Trump
2,2,1,47,4,2,1,white,woman,47,moderate,attend church,somewhat,"Racially, I am white. I am a woman. I am 47 years old. Ideologically, I am moderate. I attend church. I am somewhat interested in politics. ",Donald Trump
1,2,3,48,2,2,1,hispanic,woman,48,liberal,attend church,somewhat,"Racially, I am hispanic. I am a woman. I am 48 years old. Ideologically, I am liberal. I attend church. I am somewhat interested in politics. ",Kamala Harris
1,2,2,45,1,1,1,black,woman,45,extremely liberal,attend church,very,"Racially, I am black. I am a woman. I am 45 years old. Ideologically, I am extremely liberal. I attend church. I am very interested in politics. ",Kamala Harris
1,2,1,68,4,1,2,white,woman,68,moderate,do not attend church,very,"Racially, I am white. I am a woman. I am 68 years old. Ideologically, I am moderate. I do not attend church. I am very interested in politics. ",Kamala Harris
1,1,1,68,4,1,1,white,man,68,moderate,attend church,very,"Racially, I am white. I am a man. I am 68 years old. Ideologically, I am moderate. I attend church. I am very interested in politics. ",Kamala Harris
2,1,1,76,4,3,2,white,man,76,moderate,do not attend church,not very,"Racially, I am white. I am a man. I am 76 years old. Ideologically, I am moderate. I do not attend church. I am not very interested in politics. ",Donald Trump
1,2,1,30,2,2,1,white,woman,30,liberal,attend church,somewhat,"Racially, I am white. I am a woman. I am 30 years old. Ideologically, I am liberal. I attend church. I am somewhat interested in politics. ",Kamala Harris
1,1,1,54,4,4,2,white,man,54,moderate,do not attend church,not at all,"Racially, I am white. I am a man. I am 54 years old. Ideologically, I am moderate. I do not attend church. I am not at all interested in politics. ",Kamala Harris
2,1,1,59,6,1,2,white,man,59,conservative,do not attend church,very,"Racially, I am white. I am a man. I am 59 years old. Ideologically, I am conservative. I do not attend church. I am very interested in politics. ",Donald Trump
1,2,1,72,3,2,1,white,woman,72,slightly liberal,attend church,somewhat,"Racially, I am white. I am a woman. I am 72 years old. Ideologically, I am slightly liberal. I attend church. I am somewhat interested in politics. ",Kamala Harris
1,2,1,43,3,2,2,white,woman,43,slightly liberal,do not attend church,somewhat,"Racially, I am white. I am a woman. I am 43 years old. Ideologically, I am slightly liberal. I do not attend church. I am somewhat interested in politics. ",Kamala Harris
1,1,3,21,3,1,1,hispanic,man,21,slightly liberal,attend church,very,"Racially, I am hispanic. I am a man. I am 21 years old. Ideologically, I am slightly liberal. I attend church. I am very interested in politics. ",Kamala Harris
2,2,1,79,6,3,1,white,woman,79,conservative,attend church,not very,"Racially, I am white. I am a woman. I am 79 years old. Ideologically, I am conservative. I attend church. I am not very interested in politics. ",Donald Trump
1,2,3,49,4,2,1,hispanic,woman,49,moderate,attend church,somewhat,"Racially, I am hispanic. I am a woman. I am 49 years old. Ideologically, I am moderate. I attend church. I am somewhat interested in politics. ",Kamala Harris
2,1,1,35,5,3,1,white,man,35,slightly conservative,attend church,not very,"Racially, I am white. I am a man. I am 35 years old. Ideologically, I am slightly conservative. I attend church. I am not very interested in politics. ",Donald Trump
2,2,1,80,6,2,2,white,woman,80,conservative,do not attend church,somewhat,"Racially, I am white. I am a woman. I am 80 years old. Ideologically, I am conservative. I do not attend church. I am somewhat interested in politics. ",Donald Trump
1,1,3,32,3,2,2,hispanic,man,32,slightly liberal,do not attend church,somewhat,"Racially, I am hispanic. I am a man. I am 32 years old. Ideologically, I am slightly liberal. I do not attend church. I am somewhat interested in politics. ",Kamala Harris
2,1,1,47,5,2,2,white,man,47,slightly conservative,do not attend church,somewhat,"Racially, I am white. I am a man. I am 47 years old. Ideologically, I am slightly conservative. I do not attend church. I am somewhat interested in politics. ",Donald Trump
1,1,1,35,2,2,2,white,man,35,liberal,do not attend church,somewhat,"Racially, I am white. I am a man. I am 35 years old. Ideologically, I am liberal. I do not attend church. I am somewhat interested in politics. ",Kamala Harris
2,2,1,80,7,2,1,white,woman,80,extremely conservative,attend church,somewhat,"Racially, I am white. I am a woman. I am 80 years old. Ideologically, I am extremely conservative. I attend church. I am somewhat interested in politics. ",Donald Trump
2,2,1,59,6,2,2,white,woman,59,conservative,do not attend church,somewhat,"Racially, I am white. I am a woman. I am 59 years old. Ideologically, I am conservative. I do not attend church. I am somewhat interested in politics. ",Donald Trump
1,1,1,75,5,1,1,white,man,75,slightly conservative,attend church,very,"Racially, I am white. I am a man. I am 75 years old. Ideologically, I am slightly conservative. I attend church. I am very interested in politics. ",Kamala Harris
2,1,4,49,4,4,1,asian,man,49,moderate,attend church,not at all,"Racially, I am asian. I am a man. I am 49 years old. Ideologically, I am moderate. I attend church. I am not at all interested in politics. ",Donald Trump
1,1,1,80,2,2,2,white,man,80,liberal,do not attend church,somewhat,"Racially, I am white. I am a man. I am 80 years old. Ideologically, I am liberal. I do not attend church. I am somewhat interested in politics. ",Kamala Harris
1,2,3,20,1,2,1,hispanic,woman,20,extremely liberal,attend church,somewhat,"Racially, I am hispanic. I am a woman. I am 20 years old. Ideologically, I am extremely liberal. I attend church. I am somewhat interested in politics. ",Kamala Harris
1,1,1,44,2,1,2,white,man,44,liberal,do not attend church,very,"Racially, I am white. I am a man. I am 44 years old. Ideologically, I am liberal. I do not attend church. I am very interested in politics. ",Kamala Harris
1,1,1,78,4,1,2,white,man,78,moderate,do not attend church,very,"Racially, I am white. I am a man. I am 78 years old. Ideologically, I am moderate. I do not attend church. I am very interested in politics. ",Kamala Harris
2,2,1,80,6,2,1,white,woman,80,conservative,attend church,somewhat,"Racially, I am white. I am a woman. I am 80 years old. Ideologically, I am conservative. I attend church. I am somewhat interested in politics. ",Donald Trump
1,2,1,32,2,1,2,white,woman,32,liberal,do not attend church,very,"Racially, I am white. I am a woman. I am 32 years old. Ideologically, I am liberal. I do not attend church. I am very interested in politics. ",Kamala Harris
1,2,1,45,2,2,2,white,woman,45,liberal,do not attend church,somewhat,"Racially, I am white. I am a woman. I am 45 years old. Ideologically, I am liberal. I do not attend church. I am somewhat interested in politics. ",Kamala Harris
1,2,2,44,4,2,1,black,woman,44,moderate,attend church,somewhat,"Racially, I am black. I am a woman. I am 44 years old. Ideologically, I am moderate. I attend church. I am somewhat interested in politics. ",Kamala Harris
1,2,1,43,1,3,2,white,woman,43,extremely liberal,do not attend church,not very,"Racially, I am white. I am a woman. I am 43 years old. Ideologically, I am extremely liberal. I do not attend church. I am not very interested in politics. ",Kamala Harris
1,2,3,78,2,2,1,hispanic,woman,78,liberal,attend church,somewhat,"Racially, I am hispanic. I am a woman. I am 78 years old. Ideologically, I am liberal. I attend church. I am somewhat interested in politics. ",Kamala Harris
1,1,1,78,3,1,1,white,man,78,slightly liberal,attend church,very,"Racially, I am white. I am a man. I am 78 years old. Ideologically, I am slightly liberal. I attend church. I am very interested in politics. ",Kamala Harris
2,1,3,37,2,2,2,hispanic,man,37,liberal,do not attend church,somewhat,"Racially, I am hispanic. I am a man. I am 37 years old. Ideologically, I am liberal. I do not attend church. I am somewhat interested in politics. ",Donald Trump
1,2,1,50,4,4,1,white,woman,50,moderate,attend church,not at all,"Racially, I am white. I am a woman. I am 50 years old. Ideologically, I am moderate. I attend church. I am not at all interested in politics. ",Kamala Harris
1,2,2,48,4,3,1,black,woman,48,moderate,attend church,not very,"Racially, I am black. I am a woman. I am 48 years old. Ideologically, I am moderate. I attend church. I am not very interested in politics. ",Kamala Harris
1,1,1,80,6,2,1,white,man,80,conservative,attend church,somewhat,"Racially, I am white. I am a man. I am 80 years old. Ideologically, I am conservative. I attend church. I am somewhat interested in politics. ",Kamala Harris
2,2,1,59,6,3,1,white,woman,59,conservative,attend church,not very,"Racially, I am white. I am a woman. I am 59 years old. Ideologically, I am conservative. I attend church. I am not very interested in politics. ",Donald Trump
2,2,3,41,5,3,1,hispanic,woman,41,slightly conservative,attend church,not very,"Racially, I am hispanic. I am a woman. I am 41 years old. Ideologically, I am slightly conservative. I attend church. I am not very interested in politics. ",Donald Trump
1,1,1,39,2,1,2,white,man,39,liberal,do not attend church,very,"Racially, I am white. I am a man. I am 39 years old. Ideologically, I am liberal. I do not attend church. I am very interested in politics. ",Kamala Harris
1,2,1,67,3,1,1,white,woman,67,slightly liberal,attend church,very,"Racially, I am white. I am a woman. I am 67 years old. Ideologically, I am slightly liberal. I attend church. I am very interested in politics. ",Kamala Harris
1,1,1,27,2,1,2,white,man,27,liberal,do not attend church,very,"Racially, I am white. I am a man. I am 27 years old. Ideologically, I am liberal. I do not attend church. I am very interested in politics. ",Kamala Harris
1,2,3,67,2,1,2,hispanic,woman,67,liberal,do not attend church,very,"Racially, I am hispanic. I am a woman. I am 67 years old. Ideologically, I am liberal. I do not attend church. I am very interested in politics. ",Kamala Harris
2,2,1,68,6,2,1,white,woman,68,conservative,attend church,somewhat,"Racially, I am white. I am a woman. I am 68 years old. Ideologically, I am conservative. I attend church. I am somewhat interested in politics. ",Donald Trump
1,2,1,66,2,1,1,white,woman,66,liberal,attend church,very,"Racially, I am white. I am a woman. I am 66 years old. Ideologically, I am liberal. I attend church. I am very interested in politics. ",Kamala Harris
1,2,1,77,4,1,1,white,woman,77,moderate,attend church,very,"Racially, I am white. I am a woman. I am 77 years old. Ideologically, I am moderate. I attend church. I am very interested in politics. ",Kamala Harris
1,2,1,26,3,2,1,white,woman,26,slightly liberal,attend church,somewhat,"Racially, I am white. I am a woman. I am 26 years old. Ideologically, I am slightly liberal. I attend church. I am somewhat interested in politics. ",Kamala Harris
2,2,1,40,5,1,1,white,woman,40,slightly conservative,attend church,very,"Racially, I am white. I am a woman. I am 40 years old. Ideologically, I am slightly conservative. I attend church. I am very interested in politics. ",Donald Trump
1,2,1,45,2,2,1,white,woman,45,liberal,attend church,somewhat,"Racially, I am white. I am a woman. I am 45 years old. Ideologically, I am liberal. I attend church. I am somewhat interested in politics. ",Kamala Harris
2,2,1,56,6,1,1,white,woman,56,conservative,attend church,very,"Racially, I am white. I am a woman. I am 56 years old. Ideologically, I am conservative. I attend church. I am very interested in politics. ",Donald Trump
1,2,1,73,1,1,1,white,woman,73,extremely liberal,attend church,very,"Racially, I am white. I am a woman. I am 73 years old. Ideologically, I am extremely liberal. I attend church. I am very interested in politics. ",Kamala Harris
1,2,1,45,2,2,1,white,woman,45,liberal,attend church,somewhat,"Racially, I am white. I am a woman. I am 45 years old. Ideologically, I am liberal. I attend church. I am somewhat interested in politics. ",Kamala Harris
2,1,1,80,5,2,1,white,man,80,slightly conservative,attend church,somewhat,"Racially, I am white. I am a man. I am 80 years old. Ideologically, I am slightly conservative. I attend church. I am somewhat interested in politics. ",Donald Trump
2,1,1,67,4,1,2,white,man,67,moderate,do not attend church,very,"Racially, I am white. I am a man. I am 67 years old. Ideologically, I am moderate. I do not attend church. I am very interested in politics. ",Donald Trump
1,2,1,78,4,1,1,white,woman,78,moderate,attend church,very,"Racially, I am white. I am a woman. I am 78 years old. Ideologically, I am moderate. I attend church. I am very interested in politics. ",Kamala Harris
1,1,1,67,5,1,1,white,man,67,slightly conservative,attend church,very,"Racially, I am white. I am a man. I am 67 years old. Ideologically, I am slightly conservative. I attend church. I am very interested in politics. ",Kamala Harris
2,1,1,68,5,1,2,white,man,68,slightly conservative,do not attend church,very,"Racially, I am white. I am a man. I am 68 years old. Ideologically, I am slightly conservative. I do not attend church. I am very interested in politics. ",Donald Trump
2,1,1,30,5,1,1,white,man,30,slightly conservative,attend church,very,"Racially, I am white. I am a man. I am 30 years old. Ideologically, I am slightly conservative. I attend church. I am very interested in politics. ",Donald Trump
1,2,4,29,1,1,2,asian,woman,29,extremely liberal,do not attend church,very,"Racially, I am asian. I am a woman. I am 29 years old. Ideologically, I am extremely liberal. I do not attend church. I am very interested in politics. ",Kamala Harris
2,2,1,35,5,2,1,white,woman,35,slightly conservative,attend church,somewhat,"Racially, I am white. I am a woman. I am 35 years old. Ideologically, I am slightly conservative. I attend church. I am somewhat interested in politics. ",Donald Trump
1,2,1,49,5,3,1,white,woman,49,slightly conservative,attend church,not very,"Racially, I am white. I am a woman. I am 49 years old. Ideologically, I am slightly conservative. I attend church. I am not very interested in politics. ",Kamala Harris
1,2,2,39,4,4,2,black,woman,39,moderate,do not attend church,not at all,"Racially, I am black. I am a woman. I am 39 years old. Ideologically, I am moderate. I do not attend church. I am not at all interested in politics. ",Kamala Harris
2,2,1,39,4,3,1,white,woman,39,moderate,attend church,not very,"Racially, I am white. I am a woman. I am 39 years old. Ideologically, I am moderate. I attend church. I am not very interested in politics. ",Donald Trump
1,2,1,40,3,3,2,white,woman,40,slightly liberal,do not attend church,not very,"Racially, I am white. I am a woman. I am 40 years old. Ideologically, I am slightly liberal. I do not attend church. I am not very interested in politics. ",Kamala Harris
2,2,1,42,7,3,1,white,woman,42,extremely conservative,attend church,not very,"Racially, I am white. I am a woman. I am 42 years old. Ideologically, I am extremely conservative. I attend church. I am not very interested in politics. ",Donald Trump
1,2,1,56,4,1,2,white,woman,56,moderate,do not attend church,very,"Racially, I am white. I am a woman. I am 56 years old. Ideologically, I am moderate. I do not attend church. I am very interested in politics. ",Kamala Harris
2,2,1,20,7,2,1,white,woman,20,extremely conservative,attend church,somewhat,"Racially, I am white. I am a woman. I am 20 years old. Ideologically, I am extremely conservative. I attend church. I am somewhat interested in politics. ",Donald Trump
2,2,1,28,5,2,1,white,woman,28,slightly conservative,attend church,somewhat,"Racially, I am white. I am a woman. I am 28 years old. Ideologically, I am slightly conservative. I attend church. I am somewhat interested in politics. ",Donald Trump
1,1,1,70,2,1,2,white,man,70,liberal,do not attend church,very,"Racially, I am white. I am a man. I am 70 years old. Ideologically, I am liberal. I do not attend church. I am very interested in politics. ",Kamala Harris
1,1,1,41,2,1,2,white,man,41,liberal,do not attend church,very,"Racially, I am white. I am a man. I am 41 years old. Ideologically, I am liberal. I do not attend church. I am very interested in politics. ",Kamala Harris
1,2,1,79,1,1,2,white,woman,79,extremely liberal,do not attend church,very,"Racially, I am white. I am a woman. I am 79 years old. Ideologically, I am extremely liberal. I do not attend church. I am very interested in politics. ",Kamala Harris
2,2,1,59,3,4,1,white,woman,59,slightly liberal,attend church,not at all,"Racially, I am white. I am a woman. I am 59 years old. Ideologically, I am slightly liberal. I attend church. I am not at all interested in politics. ",Donald Trump
2,2,1,42,6,2,1,white,woman,42,conservative,attend church,somewhat,"Racially, I am white. I am a woman. I am 42 years old. Ideologically, I am conservative. I attend church. I am somewhat interested in politics. ",Donald Trump
1,2,4,45,2,3,1,asian,woman,45,liberal,attend church,not very,"Racially, I am asian. I am a woman. I am 45 years old. Ideologically, I am liberal. I attend church. I am not very interested in politics. ",Kamala Harris
2,2,1,80,5,2,2,white,woman,80,slightly conservative,do not attend church,somewhat,"Racially, I am white. I am a woman. I am 80 years old. Ideologically, I am slightly conservative. I do not attend church. I am somewhat interested in politics. ",Donald Trump
1,2,1,36,2,4,2,white,woman,36,liberal,do not attend church,not at all,"Racially, I am white. I am a woman. I am 36 years old. Ideologically, I am liberal. I do not attend church. I am not at all interested in politics. ",Kamala Harris
2,1,1,37,6,2,1,white,man,37,conservative,attend church,somewhat,"Racially, I am white. I am a man. I am 37 years old. Ideologically, I am conservative. I attend church. I am somewhat interested in politics. ",Donald Trump
1,2,1,66,2,2,1,white,woman,66,liberal,attend church,somewhat,"Racially, I am white. I am a woman. I am 66 years old. Ideologically, I am liberal. I attend church. I am somewhat interested in politics. ",Kamala Harris
2,1,6,42,6,1,2,mixed race,man,42,conservative,do not attend church,very,"Racially, I am mixed race. I am a man. I am 42 years old. Ideologically, I am conservative. I do not attend church. I am very interested in politics. ",Donald Trump
1,2,1,49,3,3,2,white,woman,49,slightly liberal,do not attend church,not very,"Racially, I am white. I am a woman. I am 49 years old. Ideologically, I am slightly liberal. I do not attend church. I am not very interested in politics. ",Kamala Harris
2,1,1,59,6,1,1,white,man,59,conservative,attend church,very,"Racially, I am white. I am a man. I am 59 years old. Ideologically, I am conservative. I attend church. I am very interested in politics. ",Donald Trump
1,1,1,63,4,3,2,white,man,63,moderate,do not attend church,not very,"Racially, I am white. I am a man. I am 63 years old. Ideologically, I am moderate. I do not attend church. I am not very interested in politics. ",Kamala Harris
2,1,1,57,6,1,1,white,man,57,conservative,attend church,very,"Racially, I am white. I am a man. I am 57 years old. Ideologically, I am conservative. I attend church. I am very interested in politics. ",Donald Trump
2,1,1,57,7,2,2,white,man,57,extremely conservative,do not attend church,somewhat,"Racially, I am white. I am a man. I am 57 years old. Ideologically, I am extremely conservative. I do not attend church. I am somewhat interested in politics. ",Donald Trump
1,1,1,39,3,3,2,white,man,39,slightly liberal,do not attend church,not very,"Racially, I am white. I am a man. I am 39 years old. Ideologically, I am slightly liberal. I do not attend church. I am not very interested in politics. ",Kamala Harris
1,1,1,30,2,2,2,white,man,30,liberal,do not attend church,somewhat,"Racially, I am white. I am a man. I am 30 years old. Ideologically, I am liberal. I do not attend church. I am somewhat interested in politics. ",Kamala Harris
2,2,1,65,6,2,2,white,woman,65,conservative,do not attend church,somewhat,"Racially, I am white. I am a woman. I am 65 years old. Ideologically, I am conservative. I do not attend church. I am somewhat interested in politics. ",Donald Trump
1,1,2,48,4,1,1,black,man,48,moderate,attend church,very,"Racially, I am black. I am a man. I am 48 years old. Ideologically, I am moderate. I attend church. I am very interested in politics. ",Kamala Harris
2,1,1,31,5,2,2,white,man,31,slightly conservative,do not attend church,somewhat,"Racially, I am white. I am a man. I am 31 years old. Ideologically, I am slightly conservative. I do not attend church. I am somewhat interested in politics. ",Donald Trump
1,1,1,29,2,1,1,white,man,29,liberal,attend church,very,"Racially, I am white. I am a man. I am 29 years old. Ideologically, I am liberal. I attend church. I am very interested in politics. ",Kamala Harris
1,2,2,21,2,3,1,black,woman,21,liberal,attend church,not very,"Racially, I am black. I am a woman. I am 21 years old. Ideologically, I am liberal. I attend church. I am not very interested in politics. ",Kamala Harris
2,1,3,29,3,3,1,hispanic,man,29,slightly liberal,attend church,not very,"Racially, I am hispanic. I am a man. I am 29 years old. Ideologically, I am slightly liberal. I attend church. I am not very interested in politics. ",Donald Trump
2,1,1,21,5,3,1,white,man,21,slightly conservative,attend church,not very,"Racially, I am white. I am a man. I am 21 years old. Ideologically, I am slightly conservative. I attend church. I am not very interested in politics. ",Donald Trump
1,2,1,39,4,2,2,white,woman,39,moderate,do not attend church,somewhat,"Racially, I am white. I am a woman. I am 39 years old. Ideologically, I am moderate. I do not attend church. I am somewhat interested in politics. ",Kamala Harris
1,2,1,71,4,2,1,white,woman,71,moderate,attend church,somewhat,"Racially, I am white. I am a woman. I am 71 years old. Ideologically, I am moderate. I attend church. I am somewhat interested in politics. ",Kamala Harris
1,1,1,74,2,1,2,white,man,74,liberal,do not attend church,very,"Racially, I am white. I am a man. I am 74 years old. Ideologically, I am liberal. I do not attend church. I am very interested in politics. ",Kamala Harris
1,2,3,51,4,1,1,hispanic,woman,51,moderate,attend church,very,"Racially, I am hispanic. I am a woman. I am 51 years old. Ideologically, I am moderate. I attend church. I am very interested in politics. ",Kamala Harris
1,1,1,58,1,2,2,white,man,58,extremely liberal,do not attend church,somewhat,"Racially, I am white. I am a man. I am 58 years old. Ideologically, I am extremely liberal. I do not attend church. I am somewhat interested in politics. ",Kamala Harris
1,2,1,68,2,1,2,white,woman,68,liberal,do not attend church,very,"Racially, I am white. I am a woman. I am 68 years old. Ideologically, I am liberal. I do not attend church. I am very interested in politics. ",Kamala Harris
2,1,1,67,6,2,1,white,man,67,conservative,attend church,somewhat,"Racially, I am white. I am a man. I am 67 years old. Ideologically, I am conservative. I attend church. I am somewhat interested in politics. ",Donald Trump
1,2,1,40,4,3,1,white,woman,40,moderate,attend church,not very,"Racially, I am white. I am a woman. I am 40 years old. Ideologically, I am moderate. I attend church. I am not very interested in politics. ",Kamala Harris
2,2,1,61,5,2,1,white,woman,61,slightly conservative,attend church,somewhat,"Racially, I am white. I am a woman. I am 61 years old. Ideologically, I am slightly conservative. I attend church. I am somewhat interested in politics. ",Donald Trump
2,2,1,80,6,1,2,white,woman,80,conservative,do not attend church,very,"Racially, I am white. I am a woman. I am 80 years old. Ideologically, I am conservative. I do not attend church. I am very interested in politics. ",Donald Trump
2,1,1,51,6,2,1,white,man,51,conservative,attend church,somewhat,"Racially, I am white. I am a man. I am 51 years old. Ideologically, I am conservative. I attend church. I am somewhat interested in politics. ",Donald Trump
1,1,1,80,4,2,2,white,man,80,moderate,do not attend church,somewhat,"Racially, I am white. I am a man. I am 80 years old. Ideologically, I am moderate. I do not attend church. I am somewhat interested in politics. ",Kamala Harris
1,1,1,47,3,2,2,white,man,47,slightly liberal,do not attend church,somewhat,"Racially, I am white. I am a man. I am 47 years old. Ideologically, I am slightly liberal. I do not attend church. I am somewhat interested in politics. ",Kamala Harris
2,2,1,46,5,4,2,white,woman,46,slightly conservative,do not attend church,not at all,"Racially, I am white. I am a woman. I am 46 years old. Ideologically, I am slightly conservative. I do not attend church. I am not at all interested in politics. ",Donald Trump
1,1,1,48,4,3,2,white,man,48,moderate,do not attend church,not very,"Racially, I am white. I am a man. I am 48 years old. Ideologically, I am moderate. I do not attend church. I am not very interested in politics. ",Kamala Harris
1,1,1,35,4,2,2,white,man,35,moderate,do not attend church,somewhat,"Racially, I am white. I am a man. I am 35 years old. Ideologically, I am moderate. I do not attend church. I am somewhat interested in politics. ",Kamala Harris
1,2,2,47,5,2,1,black,woman,47,slightly conservative,attend church,somewhat,"Racially, I am black. I am a woman. I am 47 years old. Ideologically, I am slightly conservative. I attend church. I am somewhat interested in politics. ",Kamala Harris
2,1,1,57,6,2,2,white,man,57,conservative,do not attend church,somewhat,"Racially, I am white. I am a man. I am 57 years old. Ideologically, I am conservative. I do not attend church. I am somewhat interested in politics. ",Donald Trump
2,1,1,75,6,1,2,white,man,75,conservative,do not attend church,very,"Racially, I am white. I am a man. I am 75 years old. Ideologically, I am conservative. I do not attend church. I am very interested in politics. ",Donald Trump
1,1,1,72,3,2,1,white,man,72,slightly liberal,attend church,somewhat,"Racially, I am white. I am a man. I am 72 years old. Ideologically, I am slightly liberal. I attend church. I am somewhat interested in politics. ",Kamala Harris
1,2,1,66,5,1,1,white,woman,66,slightly conservative,attend church,very,"Racially, I am white. I am a woman. I am 66 years old. Ideologically, I am slightly conservative. I attend church. I am very interested in politics. ",Kamala Harris
2,1,1,80,6,2,1,white,man,80,conservative,attend church,somewhat,"Racially, I am white. I am a man. I am 80 years old. Ideologically, I am conservative. I attend church. I am somewhat interested in politics. ",Donald Trump
2,1,1,80,7,1,1,white,man,80,extremely conservative,attend church,very,"Racially, I am white. I am a man. I am 80 years old. Ideologically, I am extremely conservative. I attend church. I am very interested in politics. ",Donald Trump
1,2,1,49,3,2,2,white,woman,49,slightly liberal,do not attend church,somewhat,"Racially, I am white. I am a woman. I am 49 years old. Ideologically, I am slightly liberal. I do not attend church. I am somewhat interested in politics. ",Kamala Harris
1,1,1,59,2,2,2,white,man,59,liberal,do not attend church,somewhat,"Racially, I am white. I am a man. I am 59 years old. Ideologically, I am liberal. I do not attend church. I am somewhat interested in politics. ",Kamala Harris
2,2,1,69,5,2,2,white,woman,69,slightly conservative,do not attend church,somewhat,"Racially, I am white. I am a woman. I am 69 years old. Ideologically, I am slightly conservative. I do not attend church. I am somewhat interested in politics. ",Donald Trump
2,1,3,51,7,1,1,hispanic,man,51,extremely conservative,attend church,very,"Racially, I am hispanic. I am a man. I am 51 years old. Ideologically, I am extremely conservative. I attend church. I am very interested in politics. ",Donald Trump
1,1,1,76,5,2,2,white,man,76,slightly conservative,do not attend church,somewhat,"Racially, I am white. I am a man. I am 76 years old. Ideologically, I am slightly conservative. I do not attend church. I am somewhat interested in politics. ",Kamala Harris
2,1,1,55,5,2,2,white,man,55,slightly conservative,do not attend church,somewhat,"Racially, I am white. I am a man. I am 55 years old. Ideologically, I am slightly conservative. I do not attend church. I am somewhat interested in politics. ",Donald Trump
1,2,1,70,4,2,1,white,woman,70,moderate,attend church,somewhat,"Racially, I am white. I am a woman. I am 70 years old. Ideologically, I am moderate. I attend church. I am somewhat interested in politics. ",Kamala Harris
1,2,1,57,2,2,2,white,woman,57,liberal,do not attend church,somewhat,"Racially, I am white. I am a woman. I am 57 years old. Ideologically, I am liberal. I do not attend church. I am somewhat interested in politics. ",Kamala Harris
1,1,1,73,2,3,2,white,man,73,liberal,do not attend church,not very,"Racially, I am white. I am a man. I am 73 years old. Ideologically, I am liberal. I do not attend church. I am not very interested in politics. ",Kamala Harris
1,1,3,28,4,3,1,hispanic,man,28,moderate,attend church,not very,"Racially, I am hispanic. I am a man. I am 28 years old. Ideologically, I am moderate. I attend church. I am not very interested in politics. ",Kamala Harris
1,2,1,79,2,2,1,white,woman,79,liberal,attend church,somewhat,"Racially, I am white. I am a woman. I am 79 years old. Ideologically, I am liberal. I attend church. I am somewhat interested in politics. ",Kamala Harris
2,1,1,76,6,1,1,white,man,76,conservative,attend church,very,"Racially, I am white. I am a man. I am 76 years old. Ideologically, I am conservative. I attend church. I am very interested in politics. ",Donald Trump
1,1,3,32,2,3,2,hispanic,man,32,liberal,do not attend church,not very,"Racially, I am hispanic. I am a man. I am 32 years old. Ideologically, I am liberal. I do not attend church. I am not very interested in politics. ",Kamala Harris
1,1,3,67,4,2,1,hispanic,man,67,moderate,attend church,somewhat,"Racially, I am hispanic. I am a man. I am 67 years old. Ideologically, I am moderate. I attend church. I am somewhat interested in politics. ",Kamala Harris
2,1,1,72,6,2,1,white,man,72,conservative,attend church,somewhat,"Racially, I am white. I am a man. I am 72 years old. Ideologically, I am conservative. I attend church. I am somewhat interested in politics. ",Donald Trump
2,1,1,75,6,2,1,white,man,75,conservative,attend church,somewhat,"Racially, I am white. I am a man. I am 75 years old. Ideologically, I am conservative. I attend church. I am somewhat interested in politics. ",Donald Trump
2,2,3,65,6,2,2,hispanic,woman,65,conservative,do not attend church,somewhat,"Racially, I am hispanic. I am a woman. I am 65 years old. Ideologically, I am conservative. I do not attend church. I am somewhat interested in politics. ",Donald Trump
1,1,1,41,2,2,2,white,man,41,liberal,do not attend church,somewhat,"Racially, I am white. I am a man. I am 41 years old. Ideologically, I am liberal. I do not attend church. I am somewhat interested in politics. ",Kamala Harris
1,2,1,63,2,2,1,white,woman,63,liberal,attend church,somewhat,"Racially, I am white. I am a woman. I am 63 years old. Ideologically, I am liberal. I attend church. I am somewhat interested in politics. ",Kamala Harris
2,2,1,42,5,1,1,white,woman,42,slightly conservative,attend church,very,"Racially, I am white. I am a woman. I am 42 years old. Ideologically, I am slightly conservative. I attend church. I am very interested in politics. ",Donald Trump
1,2,1,80,1,2,1,white,woman,80,extremely liberal,attend church,somewhat,"Racially, I am white. I am a woman. I am 80 years old. Ideologically, I am extremely liberal. I attend church. I am somewhat interested in politics. ",Kamala Harris
2,2,1,63,6,2,2,white,woman,63,conservative,do not attend church,somewhat,"Racially, I am white. I am a woman. I am 63 years old. Ideologically, I am conservative. I do not attend church. I am somewhat interested in politics. ",Donald Trump
2,1,1,55,6,2,1,white,man,55,conservative,attend church,somewhat,"Racially, I am white. I am a man. I am 55 years old. Ideologically, I am conservative. I attend church. I am somewhat interested in politics. ",Donald Trump
2,1,1,80,6,2,1,white,man,80,conservative,attend church,somewhat,"Racially, I am white. I am a man. I am 80 years old. Ideologically, I am conservative. I attend church. I am somewhat interested in politics. ",Donald Trump
2,1,1,26,4,2,1,white,man,26,moderate,attend church,somewhat,"Racially, I am white. I am a man. I am 26 years old. Ideologically, I am moderate. I attend church. I am somewhat interested in politics. ",Donald Trump
2,2,1,51,4,3,1,white,woman,51,moderate,attend church,not very,"Racially, I am white. I am a woman. I am 51 years old. Ideologically, I am moderate. I attend church. I am not very interested in politics. ",Donald Trump
1,1,1,80,3,2,2,white,man,80,slightly liberal,do not attend church,somewhat,"Racially, I am white. I am a man. I am 80 years old. Ideologically, I am slightly liberal. I do not attend church. I am somewhat interested in politics. ",Kamala Harris
2,2,3,28,5,2,1,hispanic,woman,28,slightly conservative,attend church,somewhat,"Racially, I am hispanic. I am a woman. I am 28 years old. Ideologically, I am slightly conservative. I attend church. I am somewhat interested in politics. ",Donald Trump
2,2,1,54,7,3,1,white,woman,54,extremely conservative,attend church,not very,"Racially, I am white. I am a woman. I am 54 years old. Ideologically, I am extremely conservative. I attend church. I am not very interested in politics. ",Donald Trump
2,1,4,35,6,1,2,asian,man,35,conservative,do not attend church,very,"Racially, I am asian. I am a man. I am 35 years old. Ideologically, I am conservative. I do not attend church. I am very interested in politics. ",Donald Trump
2,1,1,36,7,2,1,white,man,36,extremely conservative,attend church,somewhat,"Racially, I am white. I am a man. I am 36 years old. Ideologically, I am extremely conservative. I attend church. I am somewhat interested in politics. ",Donald Trump
2,1,4,30,7,3,2,asian,man,30,extremely conservative,do not attend church,not very,"Racially, I am asian. I am a man. I am 30 years old. Ideologically, I am extremely conservative. I do not attend church. I am not very interested in politics. ",Donald Trump
2,1,1,54,5,3,2,white,man,54,slightly conservative,do not attend church,not very,"Racially, I am white. I am a man. I am 54 years old. Ideologically, I am slightly conservative. I do not attend church. I am not very interested in politics. ",Donald Trump
1,2,3,35,4,3,1,hispanic,woman,35,moderate,attend church,not very,"Racially, I am hispanic. I am a woman. I am 35 years old. Ideologically, I am moderate. I attend church. I am not very interested in politics. ",Kamala Harris
2,2,1,75,6,2,1,white,woman,75,conservative,attend church,somewhat,"Racially, I am white. I am a woman. I am 75 years old. Ideologically, I am conservative. I attend church. I am somewhat interested in politics. ",Donald Trump
1,2,1,22,3,4,2,white,woman,22,slightly liberal,do not attend church,not at all,"Racially, I am white. I am a woman. I am 22 years old. Ideologically, I am slightly liberal. I do not attend church. I am not at all interested in politics. ",Kamala Harris
2,1,1,77,5,1,1,white,man,77,slightly conservative,attend church,very,"Racially, I am white. I am a man. I am 77 years old. Ideologically, I am slightly conservative. I attend church. I am very interested in politics. ",Donald Trump
2,2,1,70,5,2,2,white,woman,70,slightly conservative,do not attend church,somewhat,"Racially, I am white. I am a woman. I am 70 years old. Ideologically, I am slightly conservative. I do not attend church. I am somewhat interested in politics. ",Donald Trump
1,2,3,46,2,2,2,hispanic,woman,46,liberal,do not attend church,somewhat,"Racially, I am hispanic. I am a woman. I am 46 years old. Ideologically, I am liberal. I do not attend church. I am somewhat interested in politics. ",Kamala Harris
1,1,1,74,4,2,1,white,man,74,moderate,attend church,somewhat,"Racially, I am white. I am a man. I am 74 years old. Ideologically, I am moderate. I attend church. I am somewhat interested in politics. ",Kamala Harris
1,2,1,33,2,1,2,white,woman,33,liberal,do not attend church,very,"Racially, I am white. I am a woman. I am 33 years old. Ideologically, I am liberal. I do not attend church. I am very interested in politics. ",Kamala Harris
2,1,1,58,6,2,2,white,man,58,conservative,do not attend church,somewhat,"Racially, I am white. I am a man. I am 58 years old. Ideologically, I am conservative. I do not attend church. I am somewhat interested in politics. ",Donald Trump
1,2,2,35,4,2,1,black,woman,35,moderate,attend church,somewhat,"Racially, I am black. I am a woman. I am 35 years old. Ideologically, I am moderate. I attend church. I am somewhat interested in politics. ",Kamala Harris
1,1,1,80,4,2,2,white,man,80,moderate,do not attend church,somewhat,"Racially, I am white. I am a man. I am 80 years old. Ideologically, I am moderate. I do not attend church. I am somewhat interested in politics. ",Kamala Harris
2,1,1,41,4,2,1,white,man,41,moderate,attend church,somewhat,"Racially, I am white. I am a man. I am 41 years old. Ideologically, I am moderate. I attend church. I am somewhat interested in politics. ",Donald Trump
1,2,3,25,2,2,2,hispanic,woman,25,liberal,do not attend church,somewhat,"Racially, I am hispanic. I am a woman. I am 25 years old. Ideologically, I am liberal. I do not attend church. I am somewhat interested in politics. ",Kamala Harris
2,1,1,63,6,2,1,white,man,63,conservative,attend church,somewhat,"Racially, I am white. I am a man. I am 63 years old. Ideologically, I am conservative. I attend church. I am somewhat interested in politics. ",Donald Trump
2,1,1,77,6,3,1,white,man,77,conservative,attend church,not very,"Racially, I am white. I am a man. I am 77 years old. Ideologically, I am conservative. I attend church. I am not very interested in politics. ",Donald Trump
2,2,1,80,6,2,1,white,woman,80,conservative,attend church,somewhat,"Racially, I am white. I am a woman. I am 80 years old. Ideologically, I am conservative. I attend church. I am somewhat interested in politics. ",Donald Trump
2,1,1,63,6,2,1,white,man,63,conservative,attend church,somewhat,"Racially, I am white. I am a man. I am 63 years old. Ideologically, I am conservative. I attend church. I am somewhat interested in politics. ",Donald Trump
1,1,1,66,2,1,2,white,man,66,liberal,do not attend church,very,"Racially, I am white. I am a man. I am 66 years old. Ideologically, I am liberal. I do not attend church. I am very interested in politics. ",Kamala Harris
1,1,2,66,4,1,1,black,man,66,moderate,attend church,very,"Racially, I am black. I am a man. I am 66 years old. Ideologically, I am moderate. I attend church. I am very interested in politics. ",Kamala Harris
2,2,3,59,5,2,2,hispanic,woman,59,slightly conservative,do not attend church,somewhat,"Racially, I am hispanic. I am a woman. I am 59 years old. Ideologically, I am slightly conservative. I do not attend church. I am somewhat interested in politics. ",Donald Trump
1,1,2,58,4,2,1,black,man,58,moderate,attend church,somewhat,"Racially, I am black. I am a man. I am 58 years old. Ideologically, I am moderate. I attend church. I am somewhat interested in politics. ",Kamala Harris
1,1,1,73,4,2,1,white,man,73,moderate,attend church,somewhat,"Racially, I am white. I am a man. I am 73 years old. Ideologically, I am moderate. I attend church. I am somewhat interested in politics. ",Kamala Harris
1,1,1,58,2,3,2,white,man,58,liberal,do not attend church,not very,"Racially, I am white. I am a man. I am 58 years old. Ideologically, I am liberal. I do not attend church. I am not very interested in politics. ",Kamala Harris
1,2,1,29,2,3,1,white,woman,29,liberal,attend church,not very,"Racially, I am white. I am a woman. I am 29 years old. Ideologically, I am liberal. I attend church. I am not very interested in politics. ",Kamala Harris
1,1,2,38,2,4,1,black,man,38,liberal,attend church,not at all,"Racially, I am black. I am a man. I am 38 years old. Ideologically, I am liberal. I attend church. I am not at all interested in politics. ",Kamala Harris
2,1,1,48,6,4,1,white,man,48,conservative,attend church,not at all,"Racially, I am white. I am a man. I am 48 years old. Ideologically, I am conservative. I attend church. I am not at all interested in politics. ",Donald Trump
1,1,1,77,4,1,1,white,man,77,moderate,attend church,very,"Racially, I am white. I am a man. I am 77 years old. Ideologically, I am moderate. I attend church. I am very interested in politics. ",Kamala Harris
1,2,3,22,2,3,2,hispanic,woman,22,liberal,do not attend church,not very,"Racially, I am hispanic. I am a woman. I am 22 years old. Ideologically, I am liberal. I do not attend church. I am not very interested in politics. ",Kamala Harris
1,1,1,80,4,2,2,white,man,80,moderate,do not attend church,somewhat,"Racially, I am white. I am a man. I am 80 years old. Ideologically, I am moderate. I do not attend church. I am somewhat interested in politics. ",Kamala Harris
1,2,1,61,2,1,2,white,woman,61,liberal,do not attend church,very,"Racially, I am white. I am a woman. I am 61 years old. Ideologically, I am liberal. I do not attend church. I am very interested in politics. ",Kamala Harris
2,2,1,37,4,3,2,white,woman,37,moderate,do not attend church,not very,"Racially, I am white. I am a woman. I am 37 years old. Ideologically, I am moderate. I do not attend church. I am not very interested in politics. ",Donald Trump
1,1,6,27,2,2,2,mixed race,man,27,liberal,do not attend church,somewhat,"Racially, I am mixed race. I am a man. I am 27 years old. Ideologically, I am liberal. I do not attend church. I am somewhat interested in politics. ",Kamala Harris
1,1,2,66,6,2,1,black,man,66,conservative,attend church,somewhat,"Racially, I am black. I am a man. I am 66 years old. Ideologically, I am conservative. I attend church. I am somewhat interested in politics. ",Kamala Harris
2,2,1,31,7,2,1,white,woman,31,extremely conservative,attend church,somewhat,"Racially, I am white. I am a woman. I am 31 years old. Ideologically, I am extremely conservative. I attend church. I am somewhat interested in politics. ",Donald Trump
1,2,1,75,3,1,2,white,woman,75,slightly liberal,do not attend church,very,"Racially, I am white. I am a woman. I am 75 years old. Ideologically, I am slightly liberal. I do not attend church. I am very interested in politics. ",Kamala Harris
2,1,1,63,6,2,1,white,man,63,conservative,attend church,somewhat,"Racially, I am white. I am a man. I am 63 years old. Ideologically, I am conservative. I attend church. I am somewhat interested in politics. ",Donald Trump
1,1,1,71,3,1,2,white,man,71,slightly liberal,do not attend church,very,"Racially, I am white. I am a man. I am 71 years old. Ideologically, I am slightly liberal. I do not attend church. I am very interested in politics. ",Kamala Harris
1,2,1,43,3,2,2,white,woman,43,slightly liberal,do not attend church,somewhat,"Racially, I am white. I am a woman. I am 43 years old. Ideologically, I am slightly liberal. I do not attend church. I am somewhat interested in politics. ",Kamala Harris
1,1,1,76,2,2,1,white,man,76,liberal,attend church,somewhat,"Racially, I am white. I am a man. I am 76 years old. Ideologically, I am liberal. I attend church. I am somewhat interested in politics. ",Kamala Harris
1,2,1,80,3,1,2,white,woman,80,slightly liberal,do not attend church,very,"Racially, I am white. I am a woman. I am 80 years old. Ideologically, I am slightly liberal. I do not attend church. I am very interested in politics. ",Kamala Harris
1,1,3,78,2,2,1,hispanic,man,78,liberal,attend church,somewhat,"Racially, I am hispanic. I am a man. I am 78 years old. Ideologically, I am liberal. I attend church. I am somewhat interested in politics. ",Kamala Harris
2,1,1,35,4,2,1,white,man,35,moderate,attend church,somewhat,"Racially, I am white. I am a man. I am 35 years old. Ideologically, I am moderate. I attend church. I am somewhat interested in politics. ",Donald Trump
2,1,1,66,6,2,2,white,man,66,conservative,do not attend church,somewhat,"Racially, I am white. I am a man. I am 66 years old. Ideologically, I am conservative. I do not attend church. I am somewhat interested in politics. ",Donald Trump
2,2,1,68,6,1,2,white,woman,68,conservative,do not attend church,very,"Racially, I am white. I am a woman. I am 68 years old. Ideologically, I am conservative. I do not attend church. I am very interested in politics. ",Donald Trump
1,2,1,62,4,3,1,white,woman,62,moderate,attend church,not very,"Racially, I am white. I am a woman. I am 62 years old. Ideologically, I am moderate. I attend church. I am not very interested in politics. ",Kamala Harris
1,2,1,48,5,4,2,white,woman,48,slightly conservative,do not attend church,not at all,"Racially, I am white. I am a woman. I am 48 years old. Ideologically, I am slightly conservative. I do not attend church. I am not at all interested in politics. ",Kamala Harris
2,1,6,34,5,1,1,mixed race,man,34,slightly conservative,attend church,very,"Racially, I am mixed race. I am a man. I am 34 years old. Ideologically, I am slightly conservative. I attend church. I am very interested in politics. ",Donald Trump
2,1,1,80,6,2,1,white,man,80,conservative,attend church,somewhat,"Racially, I am white. I am a man. I am 80 years old. Ideologically, I am conservative. I attend church. I am somewhat interested in politics. ",Donald Trump
2,2,3,73,6,2,1,hispanic,woman,73,conservative,attend church,somewhat,"Racially, I am hispanic. I am a woman. I am 73 years old. Ideologically, I am conservative. I attend church. I am somewhat interested in politics. ",Donald Trump
1,2,1,54,2,3,2,white,woman,54,liberal,do not attend church,not very,"Racially, I am white. I am a woman. I am 54 years old. Ideologically, I am liberal. I do not attend church. I am not very interested in politics. ",Kamala Harris
2,1,1,61,6,1,1,white,man,61,conservative,attend church,very,"Racially, I am white. I am a man. I am 61 years old. Ideologically, I am conservative. I attend church. I am very interested in politics. ",Donald Trump
2,1,1,39,6,2,1,white,man,39,conservative,attend church,somewhat,"Racially, I am white. I am a man. I am 39 years old. Ideologically, I am conservative. I attend church. I am somewhat interested in politics. ",Donald Trump
2,2,1,80,6,1,1,white,woman,80,conservative,attend church,very,"Racially, I am white. I am a woman. I am 80 years old. Ideologically, I am conservative. I attend church. I am very interested in politics. ",Donald Trump
1,1,1,77,2,2,2,white,man,77,liberal,do not attend church,somewhat,"Racially, I am white. I am a man. I am 77 years old. Ideologically, I am liberal. I do not attend church. I am somewhat interested in politics. ",Kamala Harris
1,1,1,77,6,2,2,white,man,77,conservative,do not attend church,somewhat,"Racially, I am white. I am a man. I am 77 years old. Ideologically, I am conservative. I do not attend church. I am somewhat interested in politics. ",Kamala Harris
1,2,1,51,1,2,2,white,woman,51,extremely liberal,do not attend church,somewhat,"Racially, I am white. I am a woman. I am 51 years old. Ideologically, I am extremely liberal. I do not attend church. I am somewhat interested in politics. ",Kamala Harris
1,1,1,66,5,1,2,white,man,66,slightly conservative,do not attend church,very,"Racially, I am white. I am a man. I am 66 years old. Ideologically, I am slightly conservative. I do not attend church. I am very interested in politics. ",Kamala Harris
2,2,1,77,6,2,1,white,woman,77,conservative,attend church,somewhat,"Racially, I am white. I am a woman. I am 77 years old. Ideologically, I am conservative. I attend church. I am somewhat interested in politics. ",Donald Trump
2,1,1,56,7,2,1,white,man,56,extremely conservative,attend church,somewhat,"Racially, I am white. I am a man. I am 56 years old. Ideologically, I am extremely conservative. I attend church. I am somewhat interested in politics. ",Donald Trump
2,2,1,53,6,1,1,white,woman,53,conservative,attend church,very,"Racially, I am white. I am a woman. I am 53 years old. Ideologically, I am conservative. I attend church. I am very interested in politics. ",Donald Trump
1,2,1,45,4,2,2,white,woman,45,moderate,do not attend church,somewhat,"Racially, I am white. I am a woman. I am 45 years old. Ideologically, I am moderate. I do not attend church. I am somewhat interested in politics. ",Kamala Harris
1,2,1,62,2,2,2,white,woman,62,liberal,do not attend church,somewhat,"Racially, I am white. I am a woman. I am 62 years old. Ideologically, I am liberal. I do not attend church. I am somewhat interested in politics. ",Kamala Harris
1,2,1,18,1,2,2,white,woman,18,extremely liberal,do not attend church,somewhat,"Racially, I am white. I am a woman. I am 18 years old. Ideologically, I am extremely liberal. I do not attend church. I am somewhat interested in politics. ",Kamala Harris
1,2,1,29,2,3,1,white,woman,29,liberal,attend church,not very,"Racially, I am white. I am a woman. I am 29 years old. Ideologically, I am liberal. I attend church. I am not very interested in politics. ",Kamala Harris
1,1,3,76,4,3,2,hispanic,man,76,moderate,do not attend church,not very,"Racially, I am hispanic. I am a man. I am 76 years old. Ideologically, I am moderate. I do not attend church. I am not very interested in politics. ",Kamala Harris
2,1,1,72,6,2,1,white,man,72,conservative,attend church,somewhat,"Racially, I am white. I am a man. I am 72 years old. Ideologically, I am conservative. I attend church. I am somewhat interested in politics. ",Donald Trump
1,2,2,31,1,1,2,black,woman,31,extremely liberal,do not attend church,very,"Racially, I am black. I am a woman. I am 31 years old. Ideologically, I am extremely liberal. I do not attend church. I am very interested in politics. ",Kamala Harris
1,2,1,45,2,1,1,white,woman,45,liberal,attend church,very,"Racially, I am white. I am a woman. I am 45 years old. Ideologically, I am liberal. I attend church. I am very interested in politics. ",Kamala Harris
1,1,1,65,2,1,2,white,man,65,liberal,do not attend church,very,"Racially, I am white. I am a man. I am 65 years old. Ideologically, I am liberal. I do not attend church. I am very interested in politics. ",Kamala Harris
2,1,1,80,6,1,1,white,man,80,conservative,attend church,very,"Racially, I am white. I am a man. I am 80 years old. Ideologically, I am conservative. I attend church. I am very interested in politics. ",Donald Trump
1,1,1,80,2,2,2,white,man,80,liberal,do not attend church,somewhat,"Racially, I am white. I am a man. I am 80 years old. Ideologically, I am liberal. I do not attend church. I am somewhat interested in politics. ",Kamala Harris
1,1,1,66,3,1,2,white,man,66,slightly liberal,do not attend church,very,"Racially, I am white. I am a man. I am 66 years old. Ideologically, I am slightly liberal. I do not attend church. I am very interested in politics. ",Kamala Harris
2,2,1,78,6,2,1,white,woman,78,conservative,attend church,somewhat,"Racially, I am white. I am a woman. I am 78 years old. Ideologically, I am conservative. I attend church. I am somewhat interested in politics. ",Donald Trump
2,1,1,26,5,3,2,white,man,26,slightly conservative,do not attend church,not very,"Racially, I am white. I am a man. I am 26 years old. Ideologically, I am slightly conservative. I do not attend church. I am not very interested in politics. ",Donald Trump
1,1,3,28,4,3,2,hispanic,man,28,moderate,do not attend church,not very,"Racially, I am hispanic. I am a man. I am 28 years old. Ideologically, I am moderate. I do not attend church. I am not very interested in politics. ",Kamala Harris
1,2,3,57,2,2,1,hispanic,woman,57,liberal,attend church,somewhat,"Racially, I am hispanic. I am a woman. I am 57 years old. Ideologically, I am liberal. I attend church. I am somewhat interested in politics. ",Kamala Harris
1,2,1,44,3,2,1,white,woman,44,slightly liberal,attend church,somewhat,"Racially, I am white. I am a woman. I am 44 years old. Ideologically, I am slightly liberal. I attend church. I am somewhat interested in politics. ",Kamala Harris
2,2,1,64,7,2,1,white,woman,64,extremely conservative,attend church,somewhat,"Racially, I am white. I am a woman. I am 64 years old. Ideologically, I am extremely conservative. I attend church. I am somewhat interested in politics. ",Donald Trump
1,2,1,80,4,1,2,white,woman,80,moderate,do not attend church,very,"Racially, I am white. I am a woman. I am 80 years old. Ideologically, I am moderate. I do not attend church. I am very interested in politics. ",Kamala Harris
2,2,1,65,6,1,1,white,woman,65,conservative,attend church,very,"Racially, I am white. I am a woman. I am 65 years old. Ideologically, I am conservative. I attend church. I am very interested in politics. ",Donald Trump
1,2,1,56,2,2,2,white,woman,56,liberal,do not attend church,somewhat,"Racially, I am white. I am a woman. I am 56 years old. Ideologically, I am liberal. I do not attend church. I am somewhat interested in politics. ",Kamala Harris
1,2,1,64,2,1,2,white,woman,64,liberal,do not attend church,very,"Racially, I am white. I am a woman. I am 64 years old. Ideologically, I am liberal. I do not attend church. I am very interested in politics. ",Kamala Harris
2,2,1,37,6,2,1,white,woman,37,conservative,attend church,somewhat,"Racially, I am white. I am a woman. I am 37 years old. Ideologically, I am conservative. I attend church. I am somewhat interested in politics. ",Donald Trump
1,1,1,57,2,1,2,white,man,57,liberal,do not attend church,very,"Racially, I am white. I am a man. I am 57 years old. Ideologically, I am liberal. I do not attend church. I am very interested in politics. ",Kamala Harris
1,1,1,50,2,1,2,white,man,50,liberal,do not attend church,very,"Racially, I am white. I am a man. I am 50 years old. Ideologically, I am liberal. I do not attend church. I am very interested in politics. ",Kamala Harris
1,1,1,77,5,1,1,white,man,77,slightly conservative,attend church,very,"Racially, I am white. I am a man. I am 77 years old. Ideologically, I am slightly conservative. I attend church. I am very interested in politics. ",Kamala Harris
1,2,1,41,2,3,2,white,woman,41,liberal,do not attend church,not very,"Racially, I am white. I am a woman. I am 41 years old. Ideologically, I am liberal. I do not attend church. I am not very interested in politics. ",Kamala Harris
2,1,1,65,6,2,2,white,man,65,conservative,do not attend church,somewhat,"Racially, I am white. I am a man. I am 65 years old. Ideologically, I am conservative. I do not attend church. I am somewhat interested in politics. ",Donald Trump
1,2,1,57,4,1,2,white,woman,57,moderate,do not attend church,very,"Racially, I am white. I am a woman. I am 57 years old. Ideologically, I am moderate. I do not attend church. I am very interested in politics. ",Kamala Harris
2,2,1,45,6,2,1,white,woman,45,conservative,attend church,somewhat,"Racially, I am white. I am a woman. I am 45 years old. Ideologically, I am conservative. I attend church. I am somewhat interested in politics. ",Donald Trump
1,2,1,69,3,2,1,white,woman,69,slightly liberal,attend church,somewhat,"Racially, I am white. I am a woman. I am 69 years old. Ideologically, I am slightly liberal. I attend church. I am somewhat interested in politics. ",Kamala Harris
2,1,1,66,5,1,1,white,man,66,slightly conservative,attend church,very,"Racially, I am white. I am a man. I am 66 years old. Ideologically, I am slightly conservative. I attend church. I am very interested in politics. ",Donald Trump
2,1,1,40,7,1,1,white,man,40,extremely conservative,attend church,very,"Racially, I am white. I am a man. I am 40 years old. Ideologically, I am extremely conservative. I attend church. I am very interested in politics. ",Donald Trump
2,1,1,80,7,1,2,white,man,80,extremely conservative,do not attend church,very,"Racially, I am white. I am a man. I am 80 years old. Ideologically, I am extremely conservative. I do not attend church. I am very interested in politics. ",Donald Trump
1,2,1,53,4,4,1,white,woman,53,moderate,attend church,not at all,"Racially, I am white. I am a woman. I am 53 years old. Ideologically, I am moderate. I attend church. I am not at all interested in politics. ",Kamala Harris
1,2,1,44,2,2,2,white,woman,44,liberal,do not attend church,somewhat,"Racially, I am white. I am a woman. I am 44 years old. Ideologically, I am liberal. I do not attend church. I am somewhat interested in politics. ",Kamala Harris
1,2,1,77,2,2,2,white,woman,77,liberal,do not attend church,somewhat,"Racially, I am white. I am a woman. I am 77 years old. Ideologically, I am liberal. I do not attend church. I am somewhat interested in politics. ",Kamala Harris
1,1,1,67,4,1,1,white,man,67,moderate,attend church,very,"Racially, I am white. I am a man. I am 67 years old. Ideologically, I am moderate. I attend church. I am very interested in politics. ",Kamala Harris
1,2,1,35,2,1,2,white,woman,35,liberal,do not attend church,very,"Racially, I am white. I am a woman. I am 35 years old. Ideologically, I am liberal. I do not attend church. I am very interested in politics. ",Kamala Harris
2,2,1,58,4,2,2,white,woman,58,moderate,do not attend church,somewhat,"Racially, I am white. I am a woman. I am 58 years old. Ideologically, I am moderate. I do not attend church. I am somewhat interested in politics. ",Donald Trump
1,1,1,73,2,1,1,white,man,73,liberal,attend church,very,"Racially, I am white. I am a man. I am 73 years old. Ideologically, I am liberal. I attend church. I am very interested in politics. ",Kamala Harris
2,1,4,27,4,2,1,asian,man,27,moderate,attend church,somewhat,"Racially, I am asian. I am a man. I am 27 years old. Ideologically, I am moderate. I attend church. I am somewhat interested in politics. ",Donald Trump
1,1,1,21,2,4,2,white,man,21,liberal,do not attend church,not at all,"Racially, I am white. I am a man. I am 21 years old. Ideologically, I am liberal. I do not attend church. I am not at all interested in politics. ",Kamala Harris
2,2,1,58,7,3,2,white,woman,58,extremely conservative,do not attend church,not very,"Racially, I am white. I am a woman. I am 58 years old. Ideologically, I am extremely conservative. I do not attend church. I am not very interested in politics. ",Donald Trump
2,2,1,33,6,3,1,white,woman,33,conservative,attend church,not very,"Racially, I am white. I am a woman. I am 33 years old. Ideologically, I am conservative. I attend church. I am not very interested in politics. ",Donald Trump
1,2,3,72,5,2,1,hispanic,woman,72,slightly conservative,attend church,somewhat,"Racially, I am hispanic. I am a woman. I am 72 years old. Ideologically, I am slightly conservative. I attend church. I am somewhat interested in politics. ",Kamala Harris
2,1,1,80,6,1,1,white,man,80,conservative,attend church,very,"Racially, I am white. I am a man. I am 80 years old. Ideologically, I am conservative. I attend church. I am very interested in politics. ",Donald Trump
2,1,1,60,6,2,2,white,man,60,conservative,do not attend church,somewhat,"Racially, I am white. I am a man. I am 60 years old. Ideologically, I am conservative. I do not attend church. I am somewhat interested in politics. ",Donald Trump
1,2,1,41,2,2,2,white,woman,41,liberal,do not attend church,somewhat,"Racially, I am white. I am a woman. I am 41 years old. Ideologically, I am liberal. I do not attend church. I am somewhat interested in politics. ",Kamala Harris
2,1,1,63,6,3,1,white,man,63,conservative,attend church,not very,"Racially, I am white. I am a man. I am 63 years old. Ideologically, I am conservative. I attend church. I am not very interested in politics. ",Donald Trump
1,2,1,56,4,2,1,white,woman,56,moderate,attend church,somewhat,"Racially, I am white. I am a woman. I am 56 years old. Ideologically, I am moderate. I attend church. I am somewhat interested in politics. ",Kamala Harris
2,2,1,36,7,1,1,white,woman,36,extremely conservative,attend church,very,"Racially, I am white. I am a woman. I am 36 years old. Ideologically, I am extremely conservative. I attend church. I am very interested in politics. ",Donald Trump
2,1,1,43,6,2,1,white,man,43,conservative,attend church,somewhat,"Racially, I am white. I am a man. I am 43 years old. Ideologically, I am conservative. I attend church. I am somewhat interested in politics. ",Donald Trump
2,2,1,34,7,3,1,white,woman,34,extremely conservative,attend church,not very,"Racially, I am white. I am a woman. I am 34 years old. Ideologically, I am extremely conservative. I attend church. I am not very interested in politics. ",Donald Trump
1,2,1,63,4,3,1,white,woman,63,moderate,attend church,not very,"Racially, I am white. I am a woman. I am 63 years old. Ideologically, I am moderate. I attend church. I am not very interested in politics. ",Kamala Harris
1,2,1,71,3,2,1,white,woman,71,slightly liberal,attend church,somewhat,"Racially, I am white. I am a woman. I am 71 years old. Ideologically, I am slightly liberal. I attend church. I am somewhat interested in politics. ",Kamala Harris
2,1,3,77,6,1,1,hispanic,man,77,conservative,attend church,very,"Racially, I am hispanic. I am a man. I am 77 years old. Ideologically, I am conservative. I attend church. I am very interested in politics. ",Donald Trump
1,2,1,33,2,2,2,white,woman,33,liberal,do not attend church,somewhat,"Racially, I am white. I am a woman. I am 33 years old. Ideologically, I am liberal. I do not attend church. I am somewhat interested in politics. ",Kamala Harris
2,2,4,68,6,2,2,asian,woman,68,conservative,do not attend church,somewhat,"Racially, I am asian. I am a woman. I am 68 years old. Ideologically, I am conservative. I do not attend church. I am somewhat interested in politics. ",Donald Trump
2,2,1,58,4,4,2,white,woman,58,moderate,do not attend church,not at all,"Racially, I am white. I am a woman. I am 58 years old. Ideologically, I am moderate. I do not attend church. I am not at all interested in politics. ",Donald Trump
2,1,1,54,6,2,1,white,man,54,conservative,attend church,somewhat,"Racially, I am white. I am a man. I am 54 years old. Ideologically, I am conservative. I attend church. I am somewhat interested in politics. ",Donald Trump
1,2,1,73,2,1,1,white,woman,73,liberal,attend church,very,"Racially, I am white. I am a woman. I am 73 years old. Ideologically, I am liberal. I attend church. I am very interested in politics. ",Kamala Harris
1,1,1,56,3,1,2,white,man,56,slightly liberal,do not attend church,very,"Racially, I am white. I am a man. I am 56 years old. Ideologically, I am slightly liberal. I do not attend church. I am very interested in politics. ",Kamala Harris
1,2,3,50,3,2,1,hispanic,woman,50,slightly liberal,attend church,somewhat,"Racially, I am hispanic. I am a woman. I am 50 years old. Ideologically, I am slightly liberal. I attend church. I am somewhat interested in politics. ",Kamala Harris
2,2,4,72,6,4,1,asian,woman,72,conservative,attend church,not at all,"Racially, I am asian. I am a woman. I am 72 years old. Ideologically, I am conservative. I attend church. I am not at all interested in politics. ",Donald Trump
2,1,1,55,6,2,2,white,man,55,conservative,do not attend church,somewhat,"Racially, I am white. I am a man. I am 55 years old. Ideologically, I am conservative. I do not attend church. I am somewhat interested in politics. ",Donald Trump
2,1,1,64,7,2,2,white,man,64,extremely conservative,do not attend church,somewhat,"Racially, I am white. I am a man. I am 64 years old. Ideologically, I am extremely conservative. I do not attend church. I am somewhat interested in politics. ",Donald Trump
2,1,1,80,7,2,2,white,man,80,extremely conservative,do not attend church,somewhat,"Racially, I am white. I am a man. I am 80 years old. Ideologically, I am extremely conservative. I do not attend church. I am somewhat interested in politics. ",Donald Trump
2,1,1,48,6,1,2,white,man,48,conservative,do not attend church,very,"Racially, I am white. I am a man. I am 48 years old. Ideologically, I am conservative. I do not attend church. I am very interested in politics. ",Donald Trump
2,1,1,37,5,2,2,white,man,37,slightly conservative,do not attend church,somewhat,"Racially, I am white. I am a man. I am 37 years old. Ideologically, I am slightly conservative. I do not attend church. I am somewhat interested in politics. ",Donald Trump
2,2,1,54,6,1,2,white,woman,54,conservative,do not attend church,very,"Racially, I am white. I am a woman. I am 54 years old. Ideologically, I am conservative. I do not attend church. I am very interested in politics. ",Donald Trump
1,1,1,80,2,2,1,white,man,80,liberal,attend church,somewhat,"Racially, I am white. I am a man. I am 80 years old. Ideologically, I am liberal. I attend church. I am somewhat interested in politics. ",Kamala Harris
1,1,1,67,4,1,2,white,man,67,moderate,do not attend church,very,"Racially, I am white. I am a man. I am 67 years old. Ideologically, I am moderate. I do not attend church. I am very interested in politics. ",Kamala Harris
2,2,1,40,6,2,1,white,woman,40,conservative,attend church,somewhat,"Racially, I am white. I am a woman. I am 40 years old. Ideologically, I am conservative. I attend church. I am somewhat interested in politics. ",Donald Trump
2,1,4,50,1,2,1,asian,man,50,extremely liberal,attend church,somewhat,"Racially, I am asian. I am a man. I am 50 years old. Ideologically, I am extremely liberal. I attend church. I am somewhat interested in politics. ",Donald Trump
2,1,1,64,6,2,1,white,man,64,conservative,attend church,somewhat,"Racially, I am white. I am a man. I am 64 years old. Ideologically, I am conservative. I attend church. I am somewhat interested in politics. ",Donald Trump
1,1,1,29,2,2,2,white,man,29,liberal,do not attend church,somewhat,"Racially, I am white. I am a man. I am 29 years old. Ideologically, I am liberal. I do not attend church. I am somewhat interested in politics. ",Kamala Harris
1,2,2,36,1,2,1,black,woman,36,extremely liberal,attend church,somewhat,"Racially, I am black. I am a woman. I am 36 years old. Ideologically, I am extremely liberal. I attend church. I am somewhat interested in politics. ",Kamala Harris
2,2,1,49,5,1,1,white,woman,49,slightly conservative,attend church,very,"Racially, I am white. I am a woman. I am 49 years old. Ideologically, I am slightly conservative. I attend church. I am very interested in politics. ",Donald Trump
2,2,1,56,6,1,1,white,woman,56,conservative,attend church,very,"Racially, I am white. I am a woman. I am 56 years old. Ideologically, I am conservative. I attend church. I am very interested in politics. ",Donald Trump
2,1,4,77,6,2,2,asian,man,77,conservative,do not attend church,somewhat,"Racially, I am asian. I am a man. I am 77 years old. Ideologically, I am conservative. I do not attend church. I am somewhat interested in politics. ",Donald Trump
2,2,1,67,7,2,1,white,woman,67,extremely conservative,attend church,somewhat,"Racially, I am white. I am a woman. I am 67 years old. Ideologically, I am extremely conservative. I attend church. I am somewhat interested in politics. ",Donald Trump
1,2,1,63,3,2,1,white,woman,63,slightly liberal,attend church,somewhat,"Racially, I am white. I am a woman. I am 63 years old. Ideologically, I am slightly liberal. I attend church. I am somewhat interested in politics. ",Kamala Harris
1,2,2,31,3,2,1,black,woman,31,slightly liberal,attend church,somewhat,"Racially, I am black. I am a woman. I am 31 years old. Ideologically, I am slightly liberal. I attend church. I am somewhat interested in politics. ",Kamala Harris
2,2,1,58,6,2,2,white,woman,58,conservative,do not attend church,somewhat,"Racially, I am white. I am a woman. I am 58 years old. Ideologically, I am conservative. I do not attend church. I am somewhat interested in politics. ",Donald Trump
1,1,1,42,3,4,2,white,man,42,slightly liberal,do not attend church,not at all,"Racially, I am white. I am a man. I am 42 years old. Ideologically, I am slightly liberal. I do not attend church. I am not at all interested in politics. ",Kamala Harris
2,2,1,35,6,3,2,white,woman,35,conservative,do not attend church,not very,"Racially, I am white. I am a woman. I am 35 years old. Ideologically, I am conservative. I do not attend church. I am not very interested in politics. ",Donald Trump
1,2,1,78,3,2,1,white,woman,78,slightly liberal,attend church,somewhat,"Racially, I am white. I am a woman. I am 78 years old. Ideologically, I am slightly liberal. I attend church. I am somewhat interested in politics. ",Kamala Harris
1,2,1,40,2,4,2,white,woman,40,liberal,do not attend church,not at all,"Racially, I am white. I am a woman. I am 40 years old. Ideologically, I am liberal. I do not attend church. I am not at all interested in politics. ",Kamala Harris
1,2,1,44,2,3,1,white,woman,44,liberal,attend church,not very,"Racially, I am white. I am a woman. I am 44 years old. Ideologically, I am liberal. I attend church. I am not very interested in politics. ",Kamala Harris
2,1,1,75,6,1,2,white,man,75,conservative,do not attend church,very,"Racially, I am white. I am a man. I am 75 years old. Ideologically, I am conservative. I do not attend church. I am very interested in politics. ",Donald Trump
1,1,1,35,4,2,2,white,man,35,moderate,do not attend church,somewhat,"Racially, I am white. I am a man. I am 35 years old. Ideologically, I am moderate. I do not attend church. I am somewhat interested in politics. ",Kamala Harris
2,2,6,53,2,2,2,mixed race,woman,53,liberal,do not attend church,somewhat,"Racially, I am mixed race. I am a woman. I am 53 years old. Ideologically, I am liberal. I do not attend church. I am somewhat interested in politics. ",Donald Trump
2,1,1,67,6,2,1,white,man,67,conservative,attend church,somewhat,"Racially, I am white. I am a man. I am 67 years old. Ideologically, I am conservative. I attend church. I am somewhat interested in politics. ",Donald Trump
2,1,3,77,6,3,2,hispanic,man,77,conservative,do not attend church,not very,"Racially, I am hispanic. I am a man. I am 77 years old. Ideologically, I am conservative. I do not attend church. I am not very interested in politics. ",Donald Trump
1,2,3,65,2,2,2,hispanic,woman,65,liberal,do not attend church,somewhat,"Racially, I am hispanic. I am a woman. I am 65 years old. Ideologically, I am liberal. I do not attend church. I am somewhat interested in politics. ",Kamala Harris
2,1,1,65,6,2,2,white,man,65,conservative,do not attend church,somewhat,"Racially, I am white. I am a man. I am 65 years old. Ideologically, I am conservative. I do not attend church. I am somewhat interested in politics. ",Donald Trump
1,1,1,29,2,3,1,white,man,29,liberal,attend church,not very,"Racially, I am white. I am a man. I am 29 years old. Ideologically, I am liberal. I attend church. I am not very interested in politics. ",Kamala Harris
2,2,1,44,4,3,2,white,woman,44,moderate,do not attend church,not very,"Racially, I am white. I am a woman. I am 44 years old. Ideologically, I am moderate. I do not attend church. I am not very interested in politics. ",Donald Trump
2,1,2,30,5,2,2,black,man,30,slightly conservative,do not attend church,somewhat,"Racially, I am black. I am a man. I am 30 years old. Ideologically, I am slightly conservative. I do not attend church. I am somewhat interested in politics. ",Donald Trump
2,2,1,80,6,2,2,white,woman,80,conservative,do not attend church,somewhat,"Racially, I am white. I am a woman. I am 80 years old. Ideologically, I am conservative. I do not attend church. I am somewhat interested in politics. ",Donald Trump
2,2,1,26,4,2,1,white,woman,26,moderate,attend church,somewhat,"Racially, I am white. I am a woman. I am 26 years old. Ideologically, I am moderate. I attend church. I am somewhat interested in politics. ",Donald Trump
1,2,1,31,2,2,2,white,woman,31,liberal,do not attend church,somewhat,"Racially, I am white. I am a woman. I am 31 years old. Ideologically, I am liberal. I do not attend church. I am somewhat interested in politics. ",Kamala Harris
1,2,1,59,2,2,2,white,woman,59,liberal,do not attend church,somewhat,"Racially, I am white. I am a woman. I am 59 years old. Ideologically, I am liberal. I do not attend church. I am somewhat interested in politics. ",Kamala Harris
2,1,3,63,6,2,1,hispanic,man,63,conservative,attend church,somewhat,"Racially, I am hispanic. I am a man. I am 63 years old. Ideologically, I am conservative. I attend church. I am somewhat interested in politics. ",Donald Trump
2,2,1,54,6,3,1,white,woman,54,conservative,attend church,not very,"Racially, I am white. I am a woman. I am 54 years old. Ideologically, I am conservative. I attend church. I am not very interested in politics. ",Donald Trump
1,2,1,49,2,2,2,white,woman,49,liberal,do not attend church,somewhat,"Racially, I am white. I am a woman. I am 49 years old. Ideologically, I am liberal. I do not attend church. I am somewhat interested in politics. ",Kamala Harris
2,1,1,77,6,2,1,white,man,77,conservative,attend church,somewhat,"Racially, I am white. I am a man. I am 77 years old. Ideologically, I am conservative. I attend church. I am somewhat interested in politics. ",Donald Trump
2,2,3,29,5,3,2,hispanic,woman,29,slightly conservative,do not attend church,not very,"Racially, I am hispanic. I am a woman. I am 29 years old. Ideologically, I am slightly conservative. I do not attend church. I am not very interested in politics. ",Donald Trump
1,2,1,30,4,3,2,white,woman,30,moderate,do not attend church,not very,"Racially, I am white. I am a woman. I am 30 years old. Ideologically, I am moderate. I do not attend church. I am not very interested in politics. ",Kamala Harris
2,2,1,60,4,2,1,white,woman,60,moderate,attend church,somewhat,"Racially, I am white. I am a woman. I am 60 years old. Ideologically, I am moderate. I attend church. I am somewhat interested in politics. ",Donald Trump
1,1,1,65,2,2,1,white,man,65,liberal,attend church,somewhat,"Racially, I am white. I am a man. I am 65 years old. Ideologically, I am liberal. I attend church. I am somewhat interested in politics. ",Kamala Harris
2,1,1,48,6,3,1,white,man,48,conservative,attend church,not very,"Racially, I am white. I am a man. I am 48 years old. Ideologically, I am conservative. I attend church. I am not very interested in politics. ",Donald Trump
2,1,6,53,7,2,2,mixed race,man,53,extremely conservative,do not attend church,somewhat,"Racially, I am mixed race. I am a man. I am 53 years old. Ideologically, I am extremely conservative. I do not attend church. I am somewhat interested in politics. ",Donald Trump
1,2,1,39,6,3,1,white,woman,39,conservative,attend church,not very,"Racially, I am white. I am a woman. I am 39 years old. Ideologically, I am conservative. I attend church. I am not very interested in politics. ",Kamala Harris
1,1,1,30,1,2,2,white,man,30,extremely liberal,do not attend church,somewhat,"Racially, I am white. I am a man. I am 30 years old. Ideologically, I am extremely liberal. I do not attend church. I am somewhat interested in politics. ",Kamala Harris
2,1,1,65,4,2,1,white,man,65,moderate,attend church,somewhat,"Racially, I am white. I am a man. I am 65 years old. Ideologically, I am moderate. I attend church. I am somewhat interested in politics. ",Donald Trump
1,2,1,26,1,2,1,white,woman,26,extremely liberal,attend church,somewhat,"Racially, I am white. I am a woman. I am 26 years old. Ideologically, I am extremely liberal. I attend church. I am somewhat interested in politics. ",Kamala Harris
2,1,1,64,6,1,1,white,man,64,conservative,attend church,very,"Racially, I am white. I am a man. I am 64 years old. Ideologically, I am conservative. I attend church. I am very interested in politics. ",Donald Trump
1,2,1,37,3,4,2,white,woman,37,slightly liberal,do not attend church,not at all,"Racially, I am white. I am a woman. I am 37 years old. Ideologically, I am slightly liberal. I do not attend church. I am not at all interested in politics. ",Kamala Harris
1,1,2,40,4,2,2,black,man,40,moderate,do not attend church,somewhat,"Racially, I am black. I am a man. I am 40 years old. Ideologically, I am moderate. I do not attend church. I am somewhat interested in politics. ",Kamala Harris
2,1,1,71,6,2,1,white,man,71,conservative,attend church,somewhat,"Racially, I am white. I am a man. I am 71 years old. Ideologically, I am conservative. I attend church. I am somewhat interested in politics. ",Donald Trump
1,2,1,48,2,2,2,white,woman,48,liberal,do not attend church,somewhat,"Racially, I am white. I am a woman. I am 48 years old. Ideologically, I am liberal. I do not attend church. I am somewhat interested in politics. ",Kamala Harris
2,2,1,22,5,2,1,white,woman,22,slightly conservative,attend church,somewhat,"Racially, I am white. I am a woman. I am 22 years old. Ideologically, I am slightly conservative. I attend church. I am somewhat interested in politics. ",Donald Trump
2,1,1,73,7,1,1,white,man,73,extremely conservative,attend church,very,"Racially, I am white. I am a man. I am 73 years old. Ideologically, I am extremely conservative. I attend church. I am very interested in politics. ",Donald Trump
2,2,1,34,5,2,2,white,woman,34,slightly conservative,do not attend church,somewhat,"Racially, I am white. I am a woman. I am 34 years old. Ideologically, I am slightly conservative. I do not attend church. I am somewhat interested in politics. ",Donald Trump
1,1,1,36,2,2,2,white,man,36,liberal,do not attend church,somewhat,"Racially, I am white. I am a man. I am 36 years old. Ideologically, I am liberal. I do not attend church. I am somewhat interested in politics. ",Kamala Harris
1,2,1,76,3,2,2,white,woman,76,slightly liberal,do not attend church,somewhat,"Racially, I am white. I am a woman. I am 76 years old. Ideologically, I am slightly liberal. I do not attend church. I am somewhat interested in politics. ",Kamala Harris
2,1,1,37,5,2,2,white,man,37,slightly conservative,do not attend church,somewhat,"Racially, I am white. I am a man. I am 37 years old. Ideologically, I am slightly conservative. I do not attend church. I am somewhat interested in politics. ",Donald Trump
2,1,6,44,6,3,1,mixed race,man,44,conservative,attend church,not very,"Racially, I am mixed race. I am a man. I am 44 years old. Ideologically, I am conservative. I attend church. I am not very interested in politics. ",Donald Trump
1,2,1,56,3,2,2,white,woman,56,slightly liberal,do not attend church,somewhat,"Racially, I am white. I am a woman. I am 56 years old. Ideologically, I am slightly liberal. I do not attend church. I am somewhat interested in politics. ",Kamala Harris
2,2,1,70,6,2,1,white,woman,70,conservative,attend church,somewhat,"Racially, I am white. I am a woman. I am 70 years old. Ideologically, I am conservative. I attend church. I am somewhat interested in politics. ",Donald Trump
1,1,3,61,1,2,2,hispanic,man,61,extremely liberal,do not attend church,somewhat,"Racially, I am hispanic. I am a man. I am 61 years old. Ideologically, I am extremely liberal. I do not attend church. I am somewhat interested in politics. ",Kamala Harris
2,1,1,52,7,1,2,white,man,52,extremely conservative,do not attend church,very,"Racially, I am white. I am a man. I am 52 years old. Ideologically, I am extremely conservative. I do not attend church. I am very interested in politics. ",Donald Trump
1,2,1,80,1,1,2,white,woman,80,extremely liberal,do not attend church,very,"Racially, I am white. I am a woman. I am 80 years old. Ideologically, I am extremely liberal. I do not attend church. I am very interested in politics. ",Kamala Harris
1,2,3,45,4,1,2,hispanic,woman,45,moderate,do not attend church,very,"Racially, I am hispanic. I am a woman. I am 45 years old. Ideologically, I am moderate. I do not attend church. I am very interested in politics. ",Kamala Harris
1,1,1,73,4,1,2,white,man,73,moderate,do not attend church,very,"Racially, I am white. I am a man. I am 73 years old. Ideologically, I am moderate. I do not attend church. I am very interested in politics. ",Kamala Harris
2,1,6,60,6,1,1,mixed race,man,60,conservative,attend church,very,"Racially, I am mixed race. I am a man. I am 60 years old. Ideologically, I am conservative. I attend church. I am very interested in politics. ",Donald Trump
1,2,1,67,2,3,1,white,woman,67,liberal,attend church,not very,"Racially, I am white. I am a woman. I am 67 years old. Ideologically, I am liberal. I attend church. I am not very interested in politics. ",Kamala Harris
1,2,1,39,1,2,2,white,woman,39,extremely liberal,do not attend church,somewhat,"Racially, I am white. I am a woman. I am 39 years old. Ideologically, I am extremely liberal. I do not attend church. I am somewhat interested in politics. ",Kamala Harris
1,2,1,63,3,1,2,white,woman,63,slightly liberal,do not attend church,very,"Racially, I am white. I am a woman. I am 63 years old. Ideologically, I am slightly liberal. I do not attend church. I am very interested in politics. ",Kamala Harris
1,1,1,39,1,1,2,white,man,39,extremely liberal,do not attend church,very,"Racially, I am white. I am a man. I am 39 years old. Ideologically, I am extremely liberal. I do not attend church. I am very interested in politics. ",Kamala Harris
1,2,1,80,2,2,1,white,woman,80,liberal,attend church,somewhat,"Racially, I am white. I am a woman. I am 80 years old. Ideologically, I am liberal. I attend church. I am somewhat interested in politics. ",Kamala Harris
2,2,2,38,1,1,1,black,woman,38,extremely liberal,attend church,very,"Racially, I am black. I am a woman. I am 38 years old. Ideologically, I am extremely liberal. I attend church. I am very interested in politics. ",Donald Trump
1,1,1,71,2,2,2,white,man,71,liberal,do not attend church,somewhat,"Racially, I am white. I am a man. I am 71 years old. Ideologically, I am liberal. I do not attend church. I am somewhat interested in politics. ",Kamala Harris
2,1,1,61,7,2,1,white,man,61,extremely conservative,attend church,somewhat,"Racially, I am white. I am a man. I am 61 years old. Ideologically, I am extremely conservative. I attend church. I am somewhat interested in politics. ",Donald Trump
1,2,1,23,2,2,2,white,woman,23,liberal,do not attend church,somewhat,"Racially, I am white. I am a woman. I am 23 years old. Ideologically, I am liberal. I do not attend church. I am somewhat interested in politics. ",Kamala Harris
1,1,1,27,2,2,2,white,man,27,liberal,do not attend church,somewhat,"Racially, I am white. I am a man. I am 27 years old. Ideologically, I am liberal. I do not attend church. I am somewhat interested in politics. ",Kamala Harris
2,2,3,48,4,2,1,hispanic,woman,48,moderate,attend church,somewhat,"Racially, I am hispanic. I am a woman. I am 48 years old. Ideologically, I am moderate. I attend church. I am somewhat interested in politics. ",Donald Trump
1,2,1,65,1,2,2,white,woman,65,extremely liberal,do not attend church,somewhat,"Racially, I am white. I am a woman. I am 65 years old. Ideologically, I am extremely liberal. I do not attend church. I am somewhat interested in politics. ",Kamala Harris
1,2,1,42,4,4,1,white,woman,42,moderate,attend church,not at all,"Racially, I am white. I am a woman. I am 42 years old. Ideologically, I am moderate. I attend church. I am not at all interested in politics. ",Kamala Harris
1,1,4,37,4,1,1,asian,man,37,moderate,attend church,very,"Racially, I am asian. I am a man. I am 37 years old. Ideologically, I am moderate. I attend church. I am very interested in politics. ",Kamala Harris
2,1,1,73,7,2,1,white,man,73,extremely conservative,attend church,somewhat,"Racially, I am white. I am a man. I am 73 years old. Ideologically, I am extremely conservative. I attend church. I am somewhat interested in politics. ",Donald Trump
2,1,2,46,5,1,2,black,man,46,slightly conservative,do not attend church,very,"Racially, I am black. I am a man. I am 46 years old. Ideologically, I am slightly conservative. I do not attend church. I am very interested in politics. ",Donald Trump
1,1,1,75,2,1,2,white,man,75,liberal,do not attend church,very,"Racially, I am white. I am a man. I am 75 years old. Ideologically, I am liberal. I do not attend church. I am very interested in politics. ",Kamala Harris
1,1,1,27,2,2,1,white,man,27,liberal,attend church,somewhat,"Racially, I am white. I am a man. I am 27 years old. Ideologically, I am liberal. I attend church. I am somewhat interested in politics. ",Kamala Harris
1,1,1,27,2,1,1,white,man,27,liberal,attend church,very,"Racially, I am white. I am a man. I am 27 years old. Ideologically, I am liberal. I attend church. I am very interested in politics. ",Kamala Harris
1,1,1,78,2,1,2,white,man,78,liberal,do not attend church,very,"Racially, I am white. I am a man. I am 78 years old. Ideologically, I am liberal. I do not attend church. I am very interested in politics. ",Kamala Harris
1,2,3,61,3,3,1,hispanic,woman,61,slightly liberal,attend church,not very,"Racially, I am hispanic. I am a woman. I am 61 years old. Ideologically, I am slightly liberal. I attend church. I am not very interested in politics. ",Kamala Harris
1,1,1,37,3,3,2,white,man,37,slightly liberal,do not attend church,not very,"Racially, I am white. I am a man. I am 37 years old. Ideologically, I am slightly liberal. I do not attend church. I am not very interested in politics. ",Kamala Harris
1,1,6,69,3,2,2,mixed race,man,69,slightly liberal,do not attend church,somewhat,"Racially, I am mixed race. I am a man. I am 69 years old. Ideologically, I am slightly liberal. I do not attend church. I am somewhat interested in politics. ",Kamala Harris
1,2,1,63,3,3,1,white,woman,63,slightly liberal,attend church,not very,"Racially, I am white. I am a woman. I am 63 years old. Ideologically, I am slightly liberal. I attend church. I am not very interested in politics. ",Kamala Harris
1,2,1,78,2,2,2,white,woman,78,liberal,do not attend church,somewhat,"Racially, I am white. I am a woman. I am 78 years old. Ideologically, I am liberal. I do not attend church. I am somewhat interested in politics. ",Kamala Harris
2,1,1,69,6,2,2,white,man,69,conservative,do not attend church,somewhat,"Racially, I am white. I am a man. I am 69 years old. Ideologically, I am conservative. I do not attend church. I am somewhat interested in politics. ",Donald Trump
2,1,1,59,7,2,2,white,man,59,extremely conservative,do not attend church,somewhat,"Racially, I am white. I am a man. I am 59 years old. Ideologically, I am extremely conservative. I do not attend church. I am somewhat interested in politics. ",Donald Trump
1,1,1,58,2,1,2,white,man,58,liberal,do not attend church,very,"Racially, I am white. I am a man. I am 58 years old. Ideologically, I am liberal. I do not attend church. I am very interested in politics. ",Kamala Harris
2,1,1,53,2,2,2,white,man,53,liberal,do not attend church,somewhat,"Racially, I am white. I am a man. I am 53 years old. Ideologically, I am liberal. I do not attend church. I am somewhat interested in politics. ",Donald Trump
2,2,1,54,4,2,2,white,woman,54,moderate,do not attend church,somewhat,"Racially, I am white. I am a woman. I am 54 years old. Ideologically, I am moderate. I do not attend church. I am somewhat interested in politics. ",Donald Trump
2,1,1,51,6,2,1,white,man,51,conservative,attend church,somewhat,"Racially, I am white. I am a man. I am 51 years old. Ideologically, I am conservative. I attend church. I am somewhat interested in politics. ",Donald Trump
2,1,1,65,6,2,1,white,man,65,conservative,attend church,somewhat,"Racially, I am white. I am a man. I am 65 years old. Ideologically, I am conservative. I attend church. I am somewhat interested in politics. ",Donald Trump
1,1,4,57,3,3,2,asian,man,57,slightly liberal,do not attend church,not very,"Racially, I am asian. I am a man. I am 57 years old. Ideologically, I am slightly liberal. I do not attend church. I am not very interested in politics. ",Kamala Harris
1,1,1,74,4,2,1,white,man,74,moderate,attend church,somewhat,"Racially, I am white. I am a man. I am 74 years old. Ideologically, I am moderate. I attend church. I am somewhat interested in politics. ",Kamala Harris
2,1,1,80,6,2,2,white,man,80,conservative,do not attend church,somewhat,"Racially, I am white. I am a man. I am 80 years old. Ideologically, I am conservative. I do not attend church. I am somewhat interested in politics. ",Donald Trump
1,2,1,50,2,2,2,white,woman,50,liberal,do not attend church,somewhat,"Racially, I am white. I am a woman. I am 50 years old. Ideologically, I am liberal. I do not attend church. I am somewhat interested in politics. ",Kamala Harris
2,1,1,69,6,1,1,white,man,69,conservative,attend church,very,"Racially, I am white. I am a man. I am 69 years old. Ideologically, I am conservative. I attend church. I am very interested in politics. ",Donald Trump
1,2,1,68,3,2,2,white,woman,68,slightly liberal,do not attend church,somewhat,"Racially, I am white. I am a woman. I am 68 years old. Ideologically, I am slightly liberal. I do not attend church. I am somewhat interested in politics. ",Kamala Harris
1,2,1,77,1,1,2,white,woman,77,extremely liberal,do not attend church,very,"Racially, I am white. I am a woman. I am 77 years old. Ideologically, I am extremely liberal. I do not attend church. I am very interested in politics. ",Kamala Harris
2,2,1,74,4,3,2,white,woman,74,moderate,do not attend church,not very,"Racially, I am white. I am a woman. I am 74 years old. Ideologically, I am moderate. I do not attend church. I am not very interested in politics. ",Donald Trump
1,2,1,66,2,2,2,white,woman,66,liberal,do not attend church,somewhat,"Racially, I am white. I am a woman. I am 66 years old. Ideologically, I am liberal. I do not attend church. I am somewhat interested in politics. ",Kamala Harris
2,2,1,55,6,2,1,white,woman,55,conservative,attend church,somewhat,"Racially, I am white. I am a woman. I am 55 years old. Ideologically, I am conservative. I attend church. I am somewhat interested in politics. ",Donald Trump
1,1,2,38,4,2,2,black,man,38,moderate,do not attend church,somewhat,"Racially, I am black. I am a man. I am 38 years old. Ideologically, I am moderate. I do not attend church. I am somewhat interested in politics. ",Kamala Harris
2,2,1,33,6,3,2,white,woman,33,conservative,do not attend church,not very,"Racially, I am white. I am a woman. I am 33 years old. Ideologically, I am conservative. I do not attend church. I am not very interested in politics. ",Donald Trump
1,2,1,72,3,2,2,white,woman,72,slightly liberal,do not attend church,somewhat,"Racially, I am white. I am a woman. I am 72 years old. Ideologically, I am slightly liberal. I do not attend church. I am somewhat interested in politics. ",Kamala Harris
2,2,1,45,7,1,1,white,woman,45,extremely conservative,attend church,very,"Racially, I am white. I am a woman. I am 45 years old. Ideologically, I am extremely conservative. I attend church. I am very interested in politics. ",Donald Trump
2,1,1,77,7,1,1,white,man,77,extremely conservative,attend church,very,"Racially, I am white. I am a man. I am 77 years old. Ideologically, I am extremely conservative. I attend church. I am very interested in politics. ",Donald Trump
2,2,1,33,6,1,2,white,woman,33,conservative,do not attend church,very,"Racially, I am white. I am a woman. I am 33 years old. Ideologically, I am conservative. I do not attend church. I am very interested in politics. ",Donald Trump
2,2,1,78,7,2,2,white,woman,78,extremely conservative,do not attend church,somewhat,"Racially, I am white. I am a woman. I am 78 years old. Ideologically, I am extremely conservative. I do not attend church. I am somewhat interested in politics. ",Donald Trump
1,2,1,61,3,2,2,white,woman,61,slightly liberal,do not attend church,somewhat,"Racially, I am white. I am a woman. I am 61 years old. Ideologically, I am slightly liberal. I do not attend church. I am somewhat interested in politics. ",Kamala Harris
1,2,1,77,5,1,2,white,woman,77,slightly conservative,do not attend church,very,"Racially, I am white. I am a woman. I am 77 years old. Ideologically, I am slightly conservative. I do not attend church. I am very interested in politics. ",Kamala Harris
2,1,1,72,2,3,1,white,man,72,liberal,attend church,not very,"Racially, I am white. I am a man. I am 72 years old. Ideologically, I am liberal. I attend church. I am not very interested in politics. ",Donald Trump
1,2,3,38,3,2,1,hispanic,woman,38,slightly liberal,attend church,somewhat,"Racially, I am hispanic. I am a woman. I am 38 years old. Ideologically, I am slightly liberal. I attend church. I am somewhat interested in politics. ",Kamala Harris
2,1,1,37,4,3,1,white,man,37,moderate,attend church,not very,"Racially, I am white. I am a man. I am 37 years old. Ideologically, I am moderate. I attend church. I am not very interested in politics. ",Donald Trump
1,2,1,74,2,2,2,white,woman,74,liberal,do not attend church,somewhat,"Racially, I am white. I am a woman. I am 74 years old. Ideologically, I am liberal. I do not attend church. I am somewhat interested in politics. ",Kamala Harris
2,1,1,60,6,1,1,white,man,60,conservative,attend church,very,"Racially, I am white. I am a man. I am 60 years old. Ideologically, I am conservative. I attend church. I am very interested in politics. ",Donald Trump
2,2,1,57,6,1,1,white,woman,57,conservative,attend church,very,"Racially, I am white. I am a woman. I am 57 years old. Ideologically, I am conservative. I attend church. I am very interested in politics. ",Donald Trump
1,2,2,72,4,2,1,black,woman,72,moderate,attend church,somewhat,"Racially, I am black. I am a woman. I am 72 years old. Ideologically, I am moderate. I attend church. I am somewhat interested in politics. ",Kamala Harris
2,2,1,50,6,2,1,white,woman,50,conservative,attend church,somewhat,"Racially, I am white. I am a woman. I am 50 years old. Ideologically, I am conservative. I attend church. I am somewhat interested in politics. ",Donald Trump
1,2,6,66,2,1,2,mixed race,woman,66,liberal,do not attend church,very,"Racially, I am mixed race. I am a woman. I am 66 years old. Ideologically, I am liberal. I do not attend church. I am very interested in politics. ",Kamala Harris
1,2,1,62,2,2,1,white,woman,62,liberal,attend church,somewhat,"Racially, I am white. I am a woman. I am 62 years old. Ideologically, I am liberal. I attend church. I am somewhat interested in politics. ",Kamala Harris
2,1,1,73,6,2,2,white,man,73,conservative,do not attend church,somewhat,"Racially, I am white. I am a man. I am 73 years old. Ideologically, I am conservative. I do not attend church. I am somewhat interested in politics. ",Donald Trump
1,1,1,66,4,2,1,white,man,66,moderate,attend church,somewhat,"Racially, I am white. I am a man. I am 66 years old. Ideologically, I am moderate. I attend church. I am somewhat interested in politics. ",Kamala Harris
1,2,1,67,4,2,1,white,woman,67,moderate,attend church,somewhat,"Racially, I am white. I am a woman. I am 67 years old. Ideologically, I am moderate. I attend church. I am somewhat interested in politics. ",Kamala Harris
1,2,1,33,3,3,2,white,woman,33,slightly liberal,do not attend church,not very,"Racially, I am white. I am a woman. I am 33 years old. Ideologically, I am slightly liberal. I do not attend church. I am not very interested in politics. ",Kamala Harris
1,2,1,80,3,2,1,white,woman,80,slightly liberal,attend church,somewhat,"Racially, I am white. I am a woman. I am 80 years old. Ideologically, I am slightly liberal. I attend church. I am somewhat interested in politics. ",Kamala Harris
2,2,1,68,4,2,1,white,woman,68,moderate,attend church,somewhat,"Racially, I am white. I am a woman. I am 68 years old. Ideologically, I am moderate. I attend church. I am somewhat interested in politics. ",Donald Trump
2,1,1,53,6,2,1,white,man,53,conservative,attend church,somewhat,"Racially, I am white. I am a man. I am 53 years old. Ideologically, I am conservative. I attend church. I am somewhat interested in politics. ",Donald Trump
1,2,1,66,4,2,1,white,woman,66,moderate,attend church,somewhat,"Racially, I am white. I am a woman. I am 66 years old. Ideologically, I am moderate. I attend church. I am somewhat interested in politics. ",Kamala Harris
1,2,1,66,2,1,2,white,woman,66,liberal,do not attend church,very,"Racially, I am white. I am a woman. I am 66 years old. Ideologically, I am liberal. I do not attend church. I am very interested in politics. ",Kamala Harris
2,1,4,75,6,2,1,asian,man,75,conservative,attend church,somewhat,"Racially, I am asian. I am a man. I am 75 years old. Ideologically, I am conservative. I attend church. I am somewhat interested in politics. ",Donald Trump
2,2,1,55,5,2,1,white,woman,55,slightly conservative,attend church,somewhat,"Racially, I am white. I am a woman. I am 55 years old. Ideologically, I am slightly conservative. I attend church. I am somewhat interested in politics. ",Donald Trump
2,1,1,34,3,2,2,white,man,34,slightly liberal,do not attend church,somewhat,"Racially, I am white. I am a man. I am 34 years old. Ideologically, I am slightly liberal. I do not attend church. I am somewhat interested in politics. ",Donald Trump
1,2,1,67,4,2,2,white,woman,67,moderate,do not attend church,somewhat,"Racially, I am white. I am a woman. I am 67 years old. Ideologically, I am moderate. I do not attend church. I am somewhat interested in politics. ",Kamala Harris
1,2,1,59,2,2,2,white,woman,59,liberal,do not attend church,somewhat,"Racially, I am white. I am a woman. I am 59 years old. Ideologically, I am liberal. I do not attend church. I am somewhat interested in politics. ",Kamala Harris
2,1,3,63,6,2,2,hispanic,man,63,conservative,do not attend church,somewhat,"Racially, I am hispanic. I am a man. I am 63 years old. Ideologically, I am conservative. I do not attend church. I am somewhat interested in politics. ",Donald Trump
1,2,1,80,6,2,1,white,woman,80,conservative,attend church,somewhat,"Racially, I am white. I am a woman. I am 80 years old. Ideologically, I am conservative. I attend church. I am somewhat interested in politics. ",Kamala Harris
2,1,1,60,5,2,1,white,man,60,slightly conservative,attend church,somewhat,"Racially, I am white. I am a man. I am 60 years old. Ideologically, I am slightly conservative. I attend church. I am somewhat interested in politics. ",Donald Trump
2,1,1,27,5,2,2,white,man,27,slightly conservative,do not attend church,somewhat,"Racially, I am white. I am a man. I am 27 years old. Ideologically, I am slightly conservative. I do not attend church. I am somewhat interested in politics. ",Donald Trump
1,1,1,22,4,4,1,white,man,22,moderate,attend church,not at all,"Racially, I am white. I am a man. I am 22 years old. Ideologically, I am moderate. I attend church. I am not at all interested in politics. ",Kamala Harris
1,1,2,34,4,2,2,black,man,34,moderate,do not attend church,somewhat,"Racially, I am black. I am a man. I am 34 years old. Ideologically, I am moderate. I do not attend church. I am somewhat interested in politics. ",Kamala Harris
2,1,1,28,6,4,2,white,man,28,conservative,do not attend church,not at all,"Racially, I am white. I am a man. I am 28 years old. Ideologically, I am conservative. I do not attend church. I am not at all interested in politics. ",Donald Trump
2,2,1,32,6,2,1,white,woman,32,conservative,attend church,somewhat,"Racially, I am white. I am a woman. I am 32 years old. Ideologically, I am conservative. I attend church. I am somewhat interested in politics. ",Donald Trump
2,1,1,73,6,1,1,white,man,73,conservative,attend church,very,"Racially, I am white. I am a man. I am 73 years old. Ideologically, I am conservative. I attend church. I am very interested in politics. ",Donald Trump
1,2,3,39,4,3,2,hispanic,woman,39,moderate,do not attend church,not very,"Racially, I am hispanic. I am a woman. I am 39 years old. Ideologically, I am moderate. I do not attend church. I am not very interested in politics. ",Kamala Harris
2,2,1,78,4,2,1,white,woman,78,moderate,attend church,somewhat,"Racially, I am white. I am a woman. I am 78 years old. Ideologically, I am moderate. I attend church. I am somewhat interested in politics. ",Donald Trump
2,1,1,80,6,2,1,white,man,80,conservative,attend church,somewhat,"Racially, I am white. I am a man. I am 80 years old. Ideologically, I am conservative. I attend church. I am somewhat interested in politics. ",Donald Trump
1,1,1,29,1,1,2,white,man,29,extremely liberal,do not attend church,very,"Racially, I am white. I am a man. I am 29 years old. Ideologically, I am extremely liberal. I do not attend church. I am very interested in politics. ",Kamala Harris
2,1,1,67,6,2,1,white,man,67,conservative,attend church,somewhat,"Racially, I am white. I am a man. I am 67 years old. Ideologically, I am conservative. I attend church. I am somewhat interested in politics. ",Donald Trump
2,2,1,73,5,3,1,white,woman,73,slightly conservative,attend church,not very,"Racially, I am white. I am a woman. I am 73 years old. Ideologically, I am slightly conservative. I attend church. I am not very interested in politics. ",Donald Trump
1,1,1,64,5,3,2,white,man,64,slightly conservative,do not attend church,not very,"Racially, I am white. I am a man. I am 64 years old. Ideologically, I am slightly conservative. I do not attend church. I am not very interested in politics. ",Kamala Harris
2,2,1,39,6,1,2,white,woman,39,conservative,do not attend church,very,"Racially, I am white. I am a woman. I am 39 years old. Ideologically, I am conservative. I do not attend church. I am very interested in politics. ",Donald Trump
1,2,3,28,2,2,2,hispanic,woman,28,liberal,do not attend church,somewhat,"Racially, I am hispanic. I am a woman. I am 28 years old. Ideologically, I am liberal. I do not attend church. I am somewhat interested in politics. ",Kamala Harris
2,1,1,66,6,1,1,white,man,66,conservative,attend church,very,"Racially, I am white. I am a man. I am 66 years old. Ideologically, I am conservative. I attend church. I am very interested in politics. ",Donald Trump
2,1,1,80,6,1,2,white,man,80,conservative,do not attend church,very,"Racially, I am white. I am a man. I am 80 years old. Ideologically, I am conservative. I do not attend church. I am very interested in politics. ",Donald Trump
2,1,1,20,7,3,2,white,man,20,extremely conservative,do not attend church,not very,"Racially, I am white. I am a man. I am 20 years old. Ideologically, I am extremely conservative. I do not attend church. I am not very interested in politics. ",Donald Trump
2,1,1,35,6,2,1,white,man,35,conservative,attend church,somewhat,"Racially, I am white. I am a man. I am 35 years old. Ideologically, I am conservative. I attend church. I am somewhat interested in politics. ",Donald Trump
1,1,1,61,4,2,2,white,man,61,moderate,do not attend church,somewhat,"Racially, I am white. I am a man. I am 61 years old. Ideologically, I am moderate. I do not attend church. I am somewhat interested in politics. ",Kamala Harris
1,2,1,80,2,1,1,white,woman,80,liberal,attend church,very,"Racially, I am white. I am a woman. I am 80 years old. Ideologically, I am liberal. I attend church. I am very interested in politics. ",Kamala Harris
1,2,1,28,3,1,1,white,woman,28,slightly liberal,attend church,very,"Racially, I am white. I am a woman. I am 28 years old. Ideologically, I am slightly liberal. I attend church. I am very interested in politics. ",Kamala Harris
2,1,1,80,3,1,1,white,man,80,slightly liberal,attend church,very,"Racially, I am white. I am a man. I am 80 years old. Ideologically, I am slightly liberal. I attend church. I am very interested in politics. ",Donald Trump
2,2,1,42,5,3,1,white,woman,42,slightly conservative,attend church,not very,"Racially, I am white. I am a woman. I am 42 years old. Ideologically, I am slightly conservative. I attend church. I am not very interested in politics. ",Donald Trump
1,1,1,50,3,1,1,white,man,50,slightly liberal,attend church,very,"Racially, I am white. I am a man. I am 50 years old. Ideologically, I am slightly liberal. I attend church. I am very interested in politics. ",Kamala Harris
1,2,1,51,2,1,1,white,woman,51,liberal,attend church,very,"Racially, I am white. I am a woman. I am 51 years old. Ideologically, I am liberal. I attend church. I am very interested in politics. ",Kamala Harris
1,2,1,75,4,1,1,white,woman,75,moderate,attend church,very,"Racially, I am white. I am a woman. I am 75 years old. Ideologically, I am moderate. I attend church. I am very interested in politics. ",Kamala Harris
1,1,1,36,1,1,1,white,man,36,extremely liberal,attend church,very,"Racially, I am white. I am a man. I am 36 years old. Ideologically, I am extremely liberal. I attend church. I am very interested in politics. ",Kamala Harris
1,2,1,59,4,2,1,white,woman,59,moderate,attend church,somewhat,"Racially, I am white. I am a woman. I am 59 years old. Ideologically, I am moderate. I attend church. I am somewhat interested in politics. ",Kamala Harris
1,1,1,70,5,2,2,white,man,70,slightly conservative,do not attend church,somewhat,"Racially, I am white. I am a man. I am 70 years old. Ideologically, I am slightly conservative. I do not attend church. I am somewhat interested in politics. ",Kamala Harris
2,2,1,27,6,1,1,white,woman,27,conservative,attend church,very,"Racially, I am white. I am a woman. I am 27 years old. Ideologically, I am conservative. I attend church. I am very interested in politics. ",Donald Trump
2,1,1,27,4,1,2,white,man,27,moderate,do not attend church,very,"Racially, I am white. I am a man. I am 27 years old. Ideologically, I am moderate. I do not attend church. I am very interested in politics. ",Donald Trump
1,1,1,62,4,1,1,white,man,62,moderate,attend church,very,"Racially, I am white. I am a man. I am 62 years old. Ideologically, I am moderate. I attend church. I am very interested in politics. ",Kamala Harris
2,1,6,44,6,1,2,mixed race,man,44,conservative,do not attend church,very,"Racially, I am mixed race. I am a man. I am 44 years old. Ideologically, I am conservative. I do not attend church. I am very interested in politics. ",Donald Trump
2,1,1,36,6,2,2,white,man,36,conservative,do not attend church,somewhat,"Racially, I am white. I am a man. I am 36 years old. Ideologically, I am conservative. I do not attend church. I am somewhat interested in politics. ",Donald Trump
2,2,1,23,4,4,1,white,woman,23,moderate,attend church,not at all,"Racially, I am white. I am a woman. I am 23 years old. Ideologically, I am moderate. I attend church. I am not at all interested in politics. ",Donald Trump
2,1,1,61,6,4,1,white,man,61,conservative,attend church,not at all,"Racially, I am white. I am a man. I am 61 years old. Ideologically, I am conservative. I attend church. I am not at all interested in politics. ",Donald Trump
1,2,4,77,4,2,2,asian,woman,77,moderate,do not attend church,somewhat,"Racially, I am asian. I am a woman. I am 77 years old. Ideologically, I am moderate. I do not attend church. I am somewhat interested in politics. ",Kamala Harris
2,1,1,61,6,2,2,white,man,61,conservative,do not attend church,somewhat,"Racially, I am white. I am a man. I am 61 years old. Ideologically, I am conservative. I do not attend church. I am somewhat interested in politics. ",Donald Trump
2,1,1,80,6,2,2,white,man,80,conservative,do not attend church,somewhat,"Racially, I am white. I am a man. I am 80 years old. Ideologically, I am conservative. I do not attend church. I am somewhat interested in politics. ",Donald Trump
1,1,1,45,4,3,2,white,man,45,moderate,do not attend church,not very,"Racially, I am white. I am a man. I am 45 years old. Ideologically, I am moderate. I do not attend church. I am not very interested in politics. ",Kamala Harris
2,1,1,74,7,2,1,white,man,74,extremely conservative,attend church,somewhat,"Racially, I am white. I am a man. I am 74 years old. Ideologically, I am extremely conservative. I attend church. I am somewhat interested in politics. ",Donald Trump
1,1,1,44,2,4,2,white,man,44,liberal,do not attend church,not at all,"Racially, I am white. I am a man. I am 44 years old. Ideologically, I am liberal. I do not attend church. I am not at all interested in politics. ",Kamala Harris
1,2,1,21,1,1,2,white,woman,21,extremely liberal,do not attend church,very,"Racially, I am white. I am a woman. I am 21 years old. Ideologically, I am extremely liberal. I do not attend church. I am very interested in politics. ",Kamala Harris
1,1,1,41,5,2,1,white,man,41,slightly conservative,attend church,somewhat,"Racially, I am white. I am a man. I am 41 years old. Ideologically, I am slightly conservative. I attend church. I am somewhat interested in politics. ",Kamala Harris
1,2,1,50,4,2,2,white,woman,50,moderate,do not attend church,somewhat,"Racially, I am white. I am a woman. I am 50 years old. Ideologically, I am moderate. I do not attend church. I am somewhat interested in politics. ",Kamala Harris
1,2,1,70,2,2,1,white,woman,70,liberal,attend church,somewhat,"Racially, I am white. I am a woman. I am 70 years old. Ideologically, I am liberal. I attend church. I am somewhat interested in politics. ",Kamala Harris
1,1,1,29,3,1,1,white,man,29,slightly liberal,attend church,very,"Racially, I am white. I am a man. I am 29 years old. Ideologically, I am slightly liberal. I attend church. I am very interested in politics. ",Kamala Harris
2,1,1,78,6,2,1,white,man,78,conservative,attend church,somewhat,"Racially, I am white. I am a man. I am 78 years old. Ideologically, I am conservative. I attend church. I am somewhat interested in politics. ",Donald Trump
1,1,1,56,2,1,2,white,man,56,liberal,do not attend church,very,"Racially, I am white. I am a man. I am 56 years old. Ideologically, I am liberal. I do not attend church. I am very interested in politics. ",Kamala Harris
2,1,1,66,6,2,2,white,man,66,conservative,do not attend church,somewhat,"Racially, I am white. I am a man. I am 66 years old. Ideologically, I am conservative. I do not attend church. I am somewhat interested in politics. ",Donald Trump
1,1,3,49,4,2,1,hispanic,man,49,moderate,attend church,somewhat,"Racially, I am hispanic. I am a man. I am 49 years old. Ideologically, I am moderate. I attend church. I am somewhat interested in politics. ",Kamala Harris
2,1,1,60,5,2,2,white,man,60,slightly conservative,do not attend church,somewhat,"Racially, I am white. I am a man. I am 60 years old. Ideologically, I am slightly conservative. I do not attend church. I am somewhat interested in politics. ",Donald Trump
2,2,1,50,6,2,1,white,woman,50,conservative,attend church,somewhat,"Racially, I am white. I am a woman. I am 50 years old. Ideologically, I am conservative. I attend church. I am somewhat interested in politics. ",Donald Trump
2,2,1,67,4,2,2,white,woman,67,moderate,do not attend church,somewhat,"Racially, I am white. I am a woman. I am 67 years old. Ideologically, I am moderate. I do not attend church. I am somewhat interested in politics. ",Donald Trump
1,1,3,57,4,2,1,hispanic,man,57,moderate,attend church,somewhat,"Racially, I am hispanic. I am a man. I am 57 years old. Ideologically, I am moderate. I attend church. I am somewhat interested in politics. ",Kamala Harris
1,2,1,49,1,2,2,white,woman,49,extremely liberal,do not attend church,somewhat,"Racially, I am white. I am a woman. I am 49 years old. Ideologically, I am extremely liberal. I do not attend church. I am somewhat interested in politics. ",Kamala Harris
2,2,1,30,6,2,1,white,woman,30,conservative,attend church,somewhat,"Racially, I am white. I am a woman. I am 30 years old. Ideologically, I am conservative. I attend church. I am somewhat interested in politics. ",Donald Trump
1,2,1,31,2,2,1,white,woman,31,liberal,attend church,somewhat,"Racially, I am white. I am a woman. I am 31 years old. Ideologically, I am liberal. I attend church. I am somewhat interested in politics. ",Kamala Harris
2,1,1,70,6,2,2,white,man,70,conservative,do not attend church,somewhat,"Racially, I am white. I am a man. I am 70 years old. Ideologically, I am conservative. I do not attend church. I am somewhat interested in politics. ",Donald Trump
2,2,1,18,4,3,1,white,woman,18,moderate,attend church,not very,"Racially, I am white. I am a woman. I am 18 years old. Ideologically, I am moderate. I attend church. I am not very interested in politics. ",Donald Trump
1,1,1,50,1,1,2,white,man,50,extremely liberal,do not attend church,very,"Racially, I am white. I am a man. I am 50 years old. Ideologically, I am extremely liberal. I do not attend church. I am very interested in politics. ",Kamala Harris
1,1,1,76,4,1,1,white,man,76,moderate,attend church,very,"Racially, I am white. I am a man. I am 76 years old. Ideologically, I am moderate. I attend church. I am very interested in politics. ",Kamala Harris
1,1,3,25,2,2,2,hispanic,man,25,liberal,do not attend church,somewhat,"Racially, I am hispanic. I am a man. I am 25 years old. Ideologically, I am liberal. I do not attend church. I am somewhat interested in politics. ",Kamala Harris
1,1,1,56,3,2,2,white,man,56,slightly liberal,do not attend church,somewhat,"Racially, I am white. I am a man. I am 56 years old. Ideologically, I am slightly liberal. I do not attend church. I am somewhat interested in politics. ",Kamala Harris
1,2,6,45,3,2,2,mixed race,woman,45,slightly liberal,do not attend church,somewhat,"Racially, I am mixed race. I am a woman. I am 45 years old. Ideologically, I am slightly liberal. I do not attend church. I am somewhat interested in politics. ",Kamala Harris
2,1,1,61,6,3,1,white,man,61,conservative,attend church,not very,"Racially, I am white. I am a man. I am 61 years old. Ideologically, I am conservative. I attend church. I am not very interested in politics. ",Donald Trump
2,1,6,66,1,3,2,mixed race,man,66,extremely liberal,do not attend church,not very,"Racially, I am mixed race. I am a man. I am 66 years old. Ideologically, I am extremely liberal. I do not attend church. I am not very interested in politics. ",Donald Trump
1,1,1,62,6,1,1,white,man,62,conservative,attend church,very,"Racially, I am white. I am a man. I am 62 years old. Ideologically, I am conservative. I attend church. I am very interested in politics. ",Kamala Harris
1,2,1,80,2,1,2,white,woman,80,liberal,do not attend church,very,"Racially, I am white. I am a woman. I am 80 years old. Ideologically, I am liberal. I do not attend church. I am very interested in politics. ",Kamala Harris
1,1,4,37,2,2,1,asian,man,37,liberal,attend church,somewhat,"Racially, I am asian. I am a man. I am 37 years old. Ideologically, I am liberal. I attend church. I am somewhat interested in politics. ",Kamala Harris
2,2,1,72,4,2,1,white,woman,72,moderate,attend church,somewhat,"Racially, I am white. I am a woman. I am 72 years old. Ideologically, I am moderate. I attend church. I am somewhat interested in politics. ",Donald Trump
1,2,3,80,5,2,1,hispanic,woman,80,slightly conservative,attend church,somewhat,"Racially, I am hispanic. I am a woman. I am 80 years old. Ideologically, I am slightly conservative. I attend church. I am somewhat interested in politics. ",Kamala Harris
2,1,1,70,5,2,1,white,man,70,slightly conservative,attend church,somewhat,"Racially, I am white. I am a man. I am 70 years old. Ideologically, I am slightly conservative. I attend church. I am somewhat interested in politics. ",Donald Trump
2,2,1,55,6,1,1,white,woman,55,conservative,attend church,very,"Racially, I am white. I am a woman. I am 55 years old. Ideologically, I am conservative. I attend church. I am very interested in politics. ",Donald Trump
2,2,1,40,6,2,2,white,woman,40,conservative,do not attend church,somewhat,"Racially, I am white. I am a woman. I am 40 years old. Ideologically, I am conservative. I do not attend church. I am somewhat interested in politics. ",Donald Trump
2,1,1,78,3,2,2,white,man,78,slightly liberal,do not attend church,somewhat,"Racially, I am white. I am a man. I am 78 years old. Ideologically, I am slightly liberal. I do not attend church. I am somewhat interested in politics. ",Donald Trump
2,1,1,75,7,1,1,white,man,75,extremely conservative,attend church,very,"Racially, I am white. I am a man. I am 75 years old. Ideologically, I am extremely conservative. I attend church. I am very interested in politics. ",Donald Trump
1,2,1,80,4,2,1,white,woman,80,moderate,attend church,somewhat,"Racially, I am white. I am a woman. I am 80 years old. Ideologically, I am moderate. I attend church. I am somewhat interested in politics. ",Kamala Harris
1,2,1,26,4,2,1,white,woman,26,moderate,attend church,somewhat,"Racially, I am white. I am a woman. I am 26 years old. Ideologically, I am moderate. I attend church. I am somewhat interested in politics. ",Kamala Harris
2,1,1,46,6,1,2,white,man,46,conservative,do not attend church,very,"Racially, I am white. I am a man. I am 46 years old. Ideologically, I am conservative. I do not attend church. I am very interested in politics. ",Donald Trump
1,2,3,79,2,2,1,hispanic,woman,79,liberal,attend church,somewhat,"Racially, I am hispanic. I am a woman. I am 79 years old. Ideologically, I am liberal. I attend church. I am somewhat interested in politics. ",Kamala Harris
1,1,1,75,4,1,1,white,man,75,moderate,attend church,very,"Racially, I am white. I am a man. I am 75 years old. Ideologically, I am moderate. I attend church. I am very interested in politics. ",Kamala Harris
1,2,1,59,1,1,1,white,woman,59,extremely liberal,attend church,very,"Racially, I am white. I am a woman. I am 59 years old. Ideologically, I am extremely liberal. I attend church. I am very interested in politics. ",Kamala Harris
2,1,1,54,5,2,2,white,man,54,slightly conservative,do not attend church,somewhat,"Racially, I am white. I am a man. I am 54 years old. Ideologically, I am slightly conservative. I do not attend church. I am somewhat interested in politics. ",Donald Trump
1,2,2,80,2,2,1,black,woman,80,liberal,attend church,somewhat,"Racially, I am black. I am a woman. I am 80 years old. Ideologically, I am liberal. I attend church. I am somewhat interested in politics. ",Kamala Harris
1,1,1,40,2,4,2,white,man,40,liberal,do not attend church,not at all,"Racially, I am white. I am a man. I am 40 years old. Ideologically, I am liberal. I do not attend church. I am not at all interested in politics. ",Kamala Harris
1,2,3,48,2,1,2,hispanic,woman,48,liberal,do not attend church,very,"Racially, I am hispanic. I am a woman. I am 48 years old. Ideologically, I am liberal. I do not attend church. I am very interested in politics. ",Kamala Harris
1,2,2,38,4,2,1,black,woman,38,moderate,attend church,somewhat,"Racially, I am black. I am a woman. I am 38 years old. Ideologically, I am moderate. I attend church. I am somewhat interested in politics. ",Kamala Harris
2,1,1,35,7,2,2,white,man,35,extremely conservative,do not attend church,somewhat,"Racially, I am white. I am a man. I am 35 years old. Ideologically, I am extremely conservative. I do not attend church. I am somewhat interested in politics. ",Donald Trump
1,2,2,59,5,2,1,black,woman,59,slightly conservative,attend church,somewhat,"Racially, I am black. I am a woman. I am 59 years old. Ideologically, I am slightly conservative. I attend church. I am somewhat interested in politics. ",Kamala Harris
2,1,1,74,6,1,2,white,man,74,conservative,do not attend church,very,"Racially, I am white. I am a man. I am 74 years old. Ideologically, I am conservative. I do not attend church. I am very interested in politics. ",Donald Trump
1,2,1,78,3,3,2,white,woman,78,slightly liberal,do not attend church,not very,"Racially, I am white. I am a woman. I am 78 years old. Ideologically, I am slightly liberal. I do not attend church. I am not very interested in politics. ",Kamala Harris
1,2,1,61,2,2,1,white,woman,61,liberal,attend church,somewhat,"Racially, I am white. I am a woman. I am 61 years old. Ideologically, I am liberal. I attend church. I am somewhat interested in politics. ",Kamala Harris
2,2,1,80,6,2,1,white,woman,80,conservative,attend church,somewhat,"Racially, I am white. I am a woman. I am 80 years old. Ideologically, I am conservative. I attend church. I am somewhat interested in politics. ",Donald Trump
1,2,1,74,2,2,1,white,woman,74,liberal,attend church,somewhat,"Racially, I am white. I am a woman. I am 74 years old. Ideologically, I am liberal. I attend church. I am somewhat interested in politics. ",Kamala Harris
1,1,2,52,4,2,1,black,man,52,moderate,attend church,somewhat,"Racially, I am black. I am a man. I am 52 years old. Ideologically, I am moderate. I attend church. I am somewhat interested in politics. ",Kamala Harris
2,1,2,76,7,1,1,black,man,76,extremely conservative,attend church,very,"Racially, I am black. I am a man. I am 76 years old. Ideologically, I am extremely conservative. I attend church. I am very interested in politics. ",Donald Trump
1,2,1,77,2,1,2,white,woman,77,liberal,do not attend church,very,"Racially, I am white. I am a woman. I am 77 years old. Ideologically, I am liberal. I do not attend church. I am very interested in politics. ",Kamala Harris
1,1,1,69,2,2,1,white,man,69,liberal,attend church,somewhat,"Racially, I am white. I am a man. I am 69 years old. Ideologically, I am liberal. I attend church. I am somewhat interested in politics. ",Kamala Harris
1,1,1,53,4,3,1,white,man,53,moderate,attend church,not very,"Racially, I am white. I am a man. I am 53 years old. Ideologically, I am moderate. I attend church. I am not very interested in politics. ",Kamala Harris
1,1,1,62,4,2,1,white,man,62,moderate,attend church,somewhat,"Racially, I am white. I am a man. I am 62 years old. Ideologically, I am moderate. I attend church. I am somewhat interested in politics. ",Kamala Harris
2,1,4,18,7,3,1,asian,man,18,extremely conservative,attend church,not very,"Racially, I am asian. I am a man. I am 18 years old. Ideologically, I am extremely conservative. I attend church. I am not very interested in politics. ",Donald Trump
1,1,1,80,2,1,2,white,man,80,liberal,do not attend church,very,"Racially, I am white. I am a man. I am 80 years old. Ideologically, I am liberal. I do not attend church. I am very interested in politics. ",Kamala Harris
2,2,1,18,6,2,1,white,woman,18,conservative,attend church,somewhat,"Racially, I am white. I am a woman. I am 18 years old. Ideologically, I am conservative. I attend church. I am somewhat interested in politics. ",Donald Trump
1,1,1,24,6,2,1,white,man,24,conservative,attend church,somewhat,"Racially, I am white. I am a man. I am 24 years old. Ideologically, I am conservative. I attend church. I am somewhat interested in politics. ",Kamala Harris
1,2,1,44,1,2,2,white,woman,44,extremely liberal,do not attend church,somewhat,"Racially, I am white. I am a woman. I am 44 years old. Ideologically, I am extremely liberal. I do not attend church. I am somewhat interested in politics. ",Kamala Harris
1,2,1,51,2,1,2,white,woman,51,liberal,do not attend church,very,"Racially, I am white. I am a woman. I am 51 years old. Ideologically, I am liberal. I do not attend church. I am very interested in politics. ",Kamala Harris
2,2,5,21,7,3,2,native American,woman,21,extremely conservative,do not attend church,not very,"Racially, I am native American. I am a woman. I am 21 years old. Ideologically, I am extremely conservative. I do not attend church. I am not very interested in politics. ",Donald Trump
1,2,1,62,3,1,1,white,woman,62,slightly liberal,attend church,very,"Racially, I am white. I am a woman. I am 62 years old. Ideologically, I am slightly liberal. I attend church. I am very interested in politics. ",Kamala Harris
1,2,1,48,3,2,1,white,woman,48,slightly liberal,attend church,somewhat,"Racially, I am white. I am a woman. I am 48 years old. Ideologically, I am slightly liberal. I attend church. I am somewhat interested in politics. ",Kamala Harris
2,1,1,61,6,2,2,white,man,61,conservative,do not attend church,somewhat,"Racially, I am white. I am a man. I am 61 years old. Ideologically, I am conservative. I do not attend church. I am somewhat interested in politics. ",Donald Trump
1,2,1,65,4,2,1,white,woman,65,moderate,attend church,somewhat,"Racially, I am white. I am a woman. I am 65 years old. Ideologically, I am moderate. I attend church. I am somewhat interested in politics. ",Kamala Harris
1,1,1,56,1,1,2,white,man,56,extremely liberal,do not attend church,very,"Racially, I am white. I am a man. I am 56 years old. Ideologically, I am extremely liberal. I do not attend church. I am very interested in politics. ",Kamala Harris
1,1,1,33,2,2,2,white,man,33,liberal,do not attend church,somewhat,"Racially, I am white. I am a man. I am 33 years old. Ideologically, I am liberal. I do not attend church. I am somewhat interested in politics. ",Kamala Harris
1,2,1,32,4,2,2,white,woman,32,moderate,do not attend church,somewhat,"Racially, I am white. I am a woman. I am 32 years old. Ideologically, I am moderate. I do not attend church. I am somewhat interested in politics. ",Kamala Harris
1,2,1,75,2,2,2,white,woman,75,liberal,do not attend church,somewhat,"Racially, I am white. I am a woman. I am 75 years old. Ideologically, I am liberal. I do not attend church. I am somewhat interested in politics. ",Kamala Harris
2,2,1,80,2,4,1,white,woman,80,liberal,attend church,not at all,"Racially, I am white. I am a woman. I am 80 years old. Ideologically, I am liberal. I attend church. I am not at all interested in politics. ",Donald Trump
2,2,1,67,6,1,1,white,woman,67,conservative,attend church,very,"Racially, I am white. I am a woman. I am 67 years old. Ideologically, I am conservative. I attend church. I am very interested in politics. ",Donald Trump
1,2,1,69,2,2,2,white,woman,69,liberal,do not attend church,somewhat,"Racially, I am white. I am a woman. I am 69 years old. Ideologically, I am liberal. I do not attend church. I am somewhat interested in politics. ",Kamala Harris
1,2,3,41,6,3,2,hispanic,woman,41,conservative,do not attend church,not very,"Racially, I am hispanic. I am a woman. I am 41 years old. Ideologically, I am conservative. I do not attend church. I am not very interested in politics. ",Kamala Harris
1,2,1,64,1,2,2,white,woman,64,extremely liberal,do not attend church,somewhat,"Racially, I am white. I am a woman. I am 64 years old. Ideologically, I am extremely liberal. I do not attend church. I am somewhat interested in politics. ",Kamala Harris
1,2,1,65,1,1,1,white,woman,65,extremely liberal,attend church,very,"Racially, I am white. I am a woman. I am 65 years old. Ideologically, I am extremely liberal. I attend church. I am very interested in politics. ",Kamala Harris
1,1,3,72,2,1,2,hispanic,man,72,liberal,do not attend church,very,"Racially, I am hispanic. I am a man. I am 72 years old. Ideologically, I am liberal. I do not attend church. I am very interested in politics. ",Kamala Harris
1,1,2,54,3,3,2,black,man,54,slightly liberal,do not attend church,not very,"Racially, I am black. I am a man. I am 54 years old. Ideologically, I am slightly liberal. I do not attend church. I am not very interested in politics. ",Kamala Harris
2,2,1,80,6,1,1,white,woman,80,conservative,attend church,very,"Racially, I am white. I am a woman. I am 80 years old. Ideologically, I am conservative. I attend church. I am very interested in politics. ",Donald Trump
1,1,1,56,3,2,2,white,man,56,slightly liberal,do not attend church,somewhat,"Racially, I am white. I am a man. I am 56 years old. Ideologically, I am slightly liberal. I do not attend church. I am somewhat interested in politics. ",Kamala Harris
1,1,1,50,3,2,2,white,man,50,slightly liberal,do not attend church,somewhat,"Racially, I am white. I am a man. I am 50 years old. Ideologically, I am slightly liberal. I do not attend church. I am somewhat interested in politics. ",Kamala Harris
2,1,1,78,7,1,1,white,man,78,extremely conservative,attend church,very,"Racially, I am white. I am a man. I am 78 years old. Ideologically, I am extremely conservative. I attend church. I am very interested in politics. ",Donald Trump
1,1,1,51,3,2,2,white,man,51,slightly liberal,do not attend church,somewhat,"Racially, I am white. I am a man. I am 51 years old. Ideologically, I am slightly liberal. I do not attend church. I am somewhat interested in politics. ",Kamala Harris
1,2,1,74,3,1,1,white,woman,74,slightly liberal,attend church,very,"Racially, I am white. I am a woman. I am 74 years old. Ideologically, I am slightly liberal. I attend church. I am very interested in politics. ",Kamala Harris
2,1,1,78,6,2,2,white,man,78,conservative,do not attend church,somewhat,"Racially, I am white. I am a man. I am 78 years old. Ideologically, I am conservative. I do not attend church. I am somewhat interested in politics. ",Donald Trump
2,1,1,25,5,2,1,white,man,25,slightly conservative,attend church,somewhat,"Racially, I am white. I am a man. I am 25 years old. Ideologically, I am slightly conservative. I attend church. I am somewhat interested in politics. ",Donald Trump
2,2,1,59,4,4,1,white,woman,59,moderate,attend church,not at all,"Racially, I am white. I am a woman. I am 59 years old. Ideologically, I am moderate. I attend church. I am not at all interested in politics. ",Donald Trump
2,2,1,37,6,3,2,white,woman,37,conservative,do not attend church,not very,"Racially, I am white. I am a woman. I am 37 years old. Ideologically, I am conservative. I do not attend church. I am not very interested in politics. ",Donald Trump
2,1,3,51,3,2,2,hispanic,man,51,slightly liberal,do not attend church,somewhat,"Racially, I am hispanic. I am a man. I am 51 years old. Ideologically, I am slightly liberal. I do not attend church. I am somewhat interested in politics. ",Donald Trump
2,1,1,69,6,2,1,white,man,69,conservative,attend church,somewhat,"Racially, I am white. I am a man. I am 69 years old. Ideologically, I am conservative. I attend church. I am somewhat interested in politics. ",Donald Trump
1,2,1,75,2,1,1,white,woman,75,liberal,attend church,very,"Racially, I am white. I am a woman. I am 75 years old. Ideologically, I am liberal. I attend church. I am very interested in politics. ",Kamala Harris
1,2,1,39,3,1,2,white,woman,39,slightly liberal,do not attend church,very,"Racially, I am white. I am a woman. I am 39 years old. Ideologically, I am slightly liberal. I do not attend church. I am very interested in politics. ",Kamala Harris
1,1,2,23,1,1,2,black,man,23,extremely liberal,do not attend church,very,"Racially, I am black. I am a man. I am 23 years old. Ideologically, I am extremely liberal. I do not attend church. I am very interested in politics. ",Kamala Harris
1,1,1,59,2,1,2,white,man,59,liberal,do not attend church,very,"Racially, I am white. I am a man. I am 59 years old. Ideologically, I am liberal. I do not attend church. I am very interested in politics. ",Kamala Harris
2,1,1,54,6,1,1,white,man,54,conservative,attend church,very,"Racially, I am white. I am a man. I am 54 years old. Ideologically, I am conservative. I attend church. I am very interested in politics. ",Donald Trump
2,1,1,75,6,2,1,white,man,75,conservative,attend church,somewhat,"Racially, I am white. I am a man. I am 75 years old. Ideologically, I am conservative. I attend church. I am somewhat interested in politics. ",Donald Trump
1,1,1,21,4,2,2,white,man,21,moderate,do not attend church,somewhat,"Racially, I am white. I am a man. I am 21 years old. Ideologically, I am moderate. I do not attend church. I am somewhat interested in politics. ",Kamala Harris
2,1,1,36,6,2,1,white,man,36,conservative,attend church,somewhat,"Racially, I am white. I am a man. I am 36 years old. Ideologically, I am conservative. I attend church. I am somewhat interested in politics. ",Donald Trump
2,1,1,31,5,2,1,white,man,31,slightly conservative,attend church,somewhat,"Racially, I am white. I am a man. I am 31 years old. Ideologically, I am slightly conservative. I attend church. I am somewhat interested in politics. ",Donald Trump
1,1,1,40,4,1,2,white,man,40,moderate,do not attend church,very,"Racially, I am white. I am a man. I am 40 years old. Ideologically, I am moderate. I do not attend church. I am very interested in politics. ",Kamala Harris
2,1,3,58,5,2,1,hispanic,man,58,slightly conservative,attend church,somewhat,"Racially, I am hispanic. I am a man. I am 58 years old. Ideologically, I am slightly conservative. I attend church. I am somewhat interested in politics. ",Donald Trump
2,2,1,58,6,2,1,white,woman,58,conservative,attend church,somewhat,"Racially, I am white. I am a woman. I am 58 years old. Ideologically, I am conservative. I attend church. I am somewhat interested in politics. ",Donald Trump
2,1,3,23,4,3,1,hispanic,man,23,moderate,attend church,not very,"Racially, I am hispanic. I am a man. I am 23 years old. Ideologically, I am moderate. I attend church. I am not very interested in politics. ",Donald Trump
2,2,1,73,6,2,1,white,woman,73,conservative,attend church,somewhat,"Racially, I am white. I am a woman. I am 73 years old. Ideologically, I am conservative. I attend church. I am somewhat interested in politics. ",Donald Trump
2,1,1,36,6,2,1,white,man,36,conservative,attend church,somewhat,"Racially, I am white. I am a man. I am 36 years old. Ideologically, I am conservative. I attend church. I am somewhat interested in politics. ",Donald Trump
1,2,1,54,4,2,2,white,woman,54,moderate,do not attend church,somewhat,"Racially, I am white. I am a woman. I am 54 years old. Ideologically, I am moderate. I do not attend church. I am somewhat interested in politics. ",Kamala Harris
2,2,1,31,5,1,2,white,woman,31,slightly conservative,do not attend church,very,"Racially, I am white. I am a woman. I am 31 years old. Ideologically, I am slightly conservative. I do not attend church. I am very interested in politics. ",Donald Trump
1,2,4,25,3,3,2,asian,woman,25,slightly liberal,do not attend church,not very,"Racially, I am asian. I am a woman. I am 25 years old. Ideologically, I am slightly liberal. I do not attend church. I am not very interested in politics. ",Kamala Harris
1,1,1,43,2,2,2,white,man,43,liberal,do not attend church,somewhat,"Racially, I am white. I am a man. I am 43 years old. Ideologically, I am liberal. I do not attend church. I am somewhat interested in politics. ",Kamala Harris
1,2,1,76,2,1,2,white,woman,76,liberal,do not attend church,very,"Racially, I am white. I am a woman. I am 76 years old. Ideologically, I am liberal. I do not attend church. I am very interested in politics. ",Kamala Harris
2,1,1,77,6,2,2,white,man,77,conservative,do not attend church,somewhat,"Racially, I am white. I am a man. I am 77 years old. Ideologically, I am conservative. I do not attend church. I am somewhat interested in politics. ",Donald Trump
2,1,6,68,6,2,1,mixed race,man,68,conservative,attend church,somewhat,"Racially, I am mixed race. I am a man. I am 68 years old. Ideologically, I am conservative. I attend church. I am somewhat interested in politics. ",Donald Trump
2,1,1,61,6,1,2,white,man,61,conservative,do not attend church,very,"Racially, I am white. I am a man. I am 61 years old. Ideologically, I am conservative. I do not attend church. I am very interested in politics. ",Donald Trump
1,1,1,75,4,1,2,white,man,75,moderate,do not attend church,very,"Racially, I am white. I am a man. I am 75 years old. Ideologically, I am moderate. I do not attend church. I am very interested in politics. ",Kamala Harris
1,1,1,63,5,2,2,white,man,63,slightly conservative,do not attend church,somewhat,"Racially, I am white. I am a man. I am 63 years old. Ideologically, I am slightly conservative. I do not attend church. I am somewhat interested in politics. ",Kamala Harris
2,2,1,69,6,2,1,white,woman,69,conservative,attend church,somewhat,"Racially, I am white. I am a woman. I am 69 years old. Ideologically, I am conservative. I attend church. I am somewhat interested in politics. ",Donald Trump
1,2,1,73,3,2,2,white,woman,73,slightly liberal,do not attend church,somewhat,"Racially, I am white. I am a woman. I am 73 years old. Ideologically, I am slightly liberal. I do not attend church. I am somewhat interested in politics. ",Kamala Harris
2,1,4,67,5,3,2,asian,man,67,slightly conservative,do not attend church,not very,"Racially, I am asian. I am a man. I am 67 years old. Ideologically, I am slightly conservative. I do not attend church. I am not very interested in politics. ",Donald Trump
1,2,1,35,5,2,1,white,woman,35,slightly conservative,attend church,somewhat,"Racially, I am white. I am a woman. I am 35 years old. Ideologically, I am slightly conservative. I attend church. I am somewhat interested in politics. ",Kamala Harris
2,1,1,76,6,2,1,white,man,76,conservative,attend church,somewhat,"Racially, I am white. I am a man. I am 76 years old. Ideologically, I am conservative. I attend church. I am somewhat interested in politics. ",Donald Trump
1,2,4,44,3,2,1,asian,woman,44,slightly liberal,attend church,somewhat,"Racially, I am asian. I am a woman. I am 44 years old. Ideologically, I am slightly liberal. I attend church. I am somewhat interested in politics. ",Kamala Harris
2,2,1,72,5,1,1,white,woman,72,slightly conservative,attend church,very,"Racially, I am white. I am a woman. I am 72 years old. Ideologically, I am slightly conservative. I attend church. I am very interested in politics. ",Donald Trump
2,1,1,27,4,3,1,white,man,27,moderate,attend church,not very,"Racially, I am white. I am a man. I am 27 years old. Ideologically, I am moderate. I attend church. I am not very interested in politics. ",Donald Trump
1,1,1,78,3,1,2,white,man,78,slightly liberal,do not attend church,very,"Racially, I am white. I am a man. I am 78 years old. Ideologically, I am slightly liberal. I do not attend church. I am very interested in politics. ",Kamala Harris
2,1,1,65,6,1,1,white,man,65,conservative,attend church,very,"Racially, I am white. I am a man. I am 65 years old. Ideologically, I am conservative. I attend church. I am very interested in politics. ",Donald Trump
2,1,1,70,6,2,2,white,man,70,conservative,do not attend church,somewhat,"Racially, I am white. I am a man. I am 70 years old. Ideologically, I am conservative. I do not attend church. I am somewhat interested in politics. ",Donald Trump
2,2,1,79,6,3,2,white,woman,79,conservative,do not attend church,not very,"Racially, I am white. I am a woman. I am 79 years old. Ideologically, I am conservative. I do not attend church. I am not very interested in politics. ",Donald Trump
1,2,1,43,2,1,1,white,woman,43,liberal,attend church,very,"Racially, I am white. I am a woman. I am 43 years old. Ideologically, I am liberal. I attend church. I am very interested in politics. ",Kamala Harris
2,1,6,30,5,2,1,mixed race,man,30,slightly conservative,attend church,somewhat,"Racially, I am mixed race. I am a man. I am 30 years old. Ideologically, I am slightly conservative. I attend church. I am somewhat interested in politics. ",Donald Trump
2,1,1,72,5,3,2,white,man,72,slightly conservative,do not attend church,not very,"Racially, I am white. I am a man. I am 72 years old. Ideologically, I am slightly conservative. I do not attend church. I am not very interested in politics. ",Donald Trump
1,1,1,39,4,2,1,white,man,39,moderate,attend church,somewhat,"Racially, I am white. I am a man. I am 39 years old. Ideologically, I am moderate. I attend church. I am somewhat interested in politics. ",Kamala Harris
2,2,1,59,5,1,1,white,woman,59,slightly conservative,attend church,very,"Racially, I am white. I am a woman. I am 59 years old. Ideologically, I am slightly conservative. I attend church. I am very interested in politics. ",Donald Trump
1,1,1,30,2,2,2,white,man,30,liberal,do not attend church,somewhat,"Racially, I am white. I am a man. I am 30 years old. Ideologically, I am liberal. I do not attend church. I am somewhat interested in politics. ",Kamala Harris
2,1,1,68,4,2,2,white,man,68,moderate,do not attend church,somewhat,"Racially, I am white. I am a man. I am 68 years old. Ideologically, I am moderate. I do not attend church. I am somewhat interested in politics. ",Donald Trump
2,2,1,66,6,2,1,white,woman,66,conservative,attend church,somewhat,"Racially, I am white. I am a woman. I am 66 years old. Ideologically, I am conservative. I attend church. I am somewhat interested in politics. ",Donald Trump
2,2,3,48,6,4,1,hispanic,woman,48,conservative,attend church,not at all,"Racially, I am hispanic. I am a woman. I am 48 years old. Ideologically, I am conservative. I attend church. I am not at all interested in politics. ",Donald Trump
1,1,1,67,5,1,2,white,man,67,slightly conservative,do not attend church,very,"Racially, I am white. I am a man. I am 67 years old. Ideologically, I am slightly conservative. I do not attend church. I am very interested in politics. ",Kamala Harris
2,1,1,41,7,2,1,white,man,41,extremely conservative,attend church,somewhat,"Racially, I am white. I am a man. I am 41 years old. Ideologically, I am extremely conservative. I attend church. I am somewhat interested in politics. ",Donald Trump
1,1,1,49,3,3,2,white,man,49,slightly liberal,do not attend church,not very,"Racially, I am white. I am a man. I am 49 years old. Ideologically, I am slightly liberal. I do not attend church. I am not very interested in politics. ",Kamala Harris
2,1,1,38,6,2,1,white,man,38,conservative,attend church,somewhat,"Racially, I am white. I am a man. I am 38 years old. Ideologically, I am conservative. I attend church. I am somewhat interested in politics. ",Donald Trump
2,1,1,63,5,1,2,white,man,63,slightly conservative,do not attend church,very,"Racially, I am white. I am a man. I am 63 years old. Ideologically, I am slightly conservative. I do not attend church. I am very interested in politics. ",Donald Trump
1,1,2,68,4,2,1,black,man,68,moderate,attend church,somewhat,"Racially, I am black. I am a man. I am 68 years old. Ideologically, I am moderate. I attend church. I am somewhat interested in politics. ",Kamala Harris
1,2,1,57,4,1,2,white,woman,57,moderate,do not attend church,very,"Racially, I am white. I am a woman. I am 57 years old. Ideologically, I am moderate. I do not attend church. I am very interested in politics. ",Kamala Harris
2,2,1,54,6,1,1,white,woman,54,conservative,attend church,very,"Racially, I am white. I am a woman. I am 54 years old. Ideologically, I am conservative. I attend church. I am very interested in politics. ",Donald Trump
2,1,1,73,6,3,2,white,man,73,conservative,do not attend church,not very,"Racially, I am white. I am a man. I am 73 years old. Ideologically, I am conservative. I do not attend church. I am not very interested in politics. ",Donald Trump
1,1,2,37,2,2,1,black,man,37,liberal,attend church,somewhat,"Racially, I am black. I am a man. I am 37 years old. Ideologically, I am liberal. I attend church. I am somewhat interested in politics. ",Kamala Harris
1,1,1,41,4,2,2,white,man,41,moderate,do not attend church,somewhat,"Racially, I am white. I am a man. I am 41 years old. Ideologically, I am moderate. I do not attend church. I am somewhat interested in politics. ",Kamala Harris
1,1,1,76,2,2,2,white,man,76,liberal,do not attend church,somewhat,"Racially, I am white. I am a man. I am 76 years old. Ideologically, I am liberal. I do not attend church. I am somewhat interested in politics. ",Kamala Harris
1,2,1,61,3,1,2,white,woman,61,slightly liberal,do not attend church,very,"Racially, I am white. I am a woman. I am 61 years old. Ideologically, I am slightly liberal. I do not attend church. I am very interested in politics. ",Kamala Harris
2,1,1,62,6,1,1,white,man,62,conservative,attend church,very,"Racially, I am white. I am a man. I am 62 years old. Ideologically, I am conservative. I attend church. I am very interested in politics. ",Donald Trump
2,1,1,70,6,1,2,white,man,70,conservative,do not attend church,very,"Racially, I am white. I am a man. I am 70 years old. Ideologically, I am conservative. I do not attend church. I am very interested in politics. ",Donald Trump
2,1,1,80,6,1,1,white,man,80,conservative,attend church,very,"Racially, I am white. I am a man. I am 80 years old. Ideologically, I am conservative. I attend church. I am very interested in politics. ",Donald Trump
2,1,1,47,6,1,2,white,man,47,conservative,do not attend church,very,"Racially, I am white. I am a man. I am 47 years old. Ideologically, I am conservative. I do not attend church. I am very interested in politics. ",Donald Trump
1,1,1,69,2,1,2,white,man,69,liberal,do not attend church,very,"Racially, I am white. I am a man. I am 69 years old. Ideologically, I am liberal. I do not attend church. I am very interested in politics. ",Kamala Harris
2,2,1,43,4,3,2,white,woman,43,moderate,do not attend church,not very,"Racially, I am white. I am a woman. I am 43 years old. Ideologically, I am moderate. I do not attend church. I am not very interested in politics. ",Donald Trump
2,1,1,75,6,1,2,white,man,75,conservative,do not attend church,very,"Racially, I am white. I am a man. I am 75 years old. Ideologically, I am conservative. I do not attend church. I am very interested in politics. ",Donald Trump
1,1,1,25,3,1,2,white,man,25,slightly liberal,do not attend church,very,"Racially, I am white. I am a man. I am 25 years old. Ideologically, I am slightly liberal. I do not attend church. I am very interested in politics. ",Kamala Harris
2,2,1,51,6,2,1,white,woman,51,conservative,attend church,somewhat,"Racially, I am white. I am a woman. I am 51 years old. Ideologically, I am conservative. I attend church. I am somewhat interested in politics. ",Donald Trump
2,1,1,77,6,1,2,white,man,77,conservative,do not attend church,very,"Racially, I am white. I am a man. I am 77 years old. Ideologically, I am conservative. I do not attend church. I am very interested in politics. ",Donald Trump
2,2,1,42,6,3,1,white,woman,42,conservative,attend church,not very,"Racially, I am white. I am a woman. I am 42 years old. Ideologically, I am conservative. I attend church. I am not very interested in politics. ",Donald Trump
1,2,3,61,4,1,1,hispanic,woman,61,moderate,attend church,very,"Racially, I am hispanic. I am a woman. I am 61 years old. Ideologically, I am moderate. I attend church. I am very interested in politics. ",Kamala Harris
1,1,1,75,3,2,2,white,man,75,slightly liberal,do not attend church,somewhat,"Racially, I am white. I am a man. I am 75 years old. Ideologically, I am slightly liberal. I do not attend church. I am somewhat interested in politics. ",Kamala Harris
2,2,3,40,6,1,1,hispanic,woman,40,conservative,attend church,very,"Racially, I am hispanic. I am a woman. I am 40 years old. Ideologically, I am conservative. I attend church. I am very interested in politics. ",Donald Trump
2,1,1,63,4,3,1,white,man,63,moderate,attend church,not very,"Racially, I am white. I am a man. I am 63 years old. Ideologically, I am moderate. I attend church. I am not very interested in politics. ",Donald Trump
1,1,3,41,2,2,2,hispanic,man,41,liberal,do not attend church,somewhat,"Racially, I am hispanic. I am a man. I am 41 years old. Ideologically, I am liberal. I do not attend church. I am somewhat interested in politics. ",Kamala Harris
2,2,1,79,7,1,1,white,woman,79,extremely conservative,attend church,very,"Racially, I am white. I am a woman. I am 79 years old. Ideologically, I am extremely conservative. I attend church. I am very interested in politics. ",Donald Trump
2,1,1,49,6,3,2,white,man,49,conservative,do not attend church,not very,"Racially, I am white. I am a man. I am 49 years old. Ideologically, I am conservative. I do not attend church. I am not very interested in politics. ",Donald Trump
2,2,1,63,6,1,2,white,woman,63,conservative,do not attend church,very,"Racially, I am white. I am a woman. I am 63 years old. Ideologically, I am conservative. I do not attend church. I am very interested in politics. ",Donald Trump
2,2,1,74,6,1,1,white,woman,74,conservative,attend church,very,"Racially, I am white. I am a woman. I am 74 years old. Ideologically, I am conservative. I attend church. I am very interested in politics. ",Donald Trump
2,1,1,71,6,2,2,white,man,71,conservative,do not attend church,somewhat,"Racially, I am white. I am a man. I am 71 years old. Ideologically, I am conservative. I do not attend church. I am somewhat interested in politics. ",Donald Trump
1,2,1,66,5,2,1,white,woman,66,slightly conservative,attend church,somewhat,"Racially, I am white. I am a woman. I am 66 years old. Ideologically, I am slightly conservative. I attend church. I am somewhat interested in politics. ",Kamala Harris
1,2,1,23,1,1,2,white,woman,23,extremely liberal,do not attend church,very,"Racially, I am white. I am a woman. I am 23 years old. Ideologically, I am extremely liberal. I do not attend church. I am very interested in politics. ",Kamala Harris
1,2,1,66,2,2,2,white,woman,66,liberal,do not attend church,somewhat,"Racially, I am white. I am a woman. I am 66 years old. Ideologically, I am liberal. I do not attend church. I am somewhat interested in politics. ",Kamala Harris
2,1,6,65,7,1,1,mixed race,man,65,extremely conservative,attend church,very,"Racially, I am mixed race. I am a man. I am 65 years old. Ideologically, I am extremely conservative. I attend church. I am very interested in politics. ",Donald Trump
1,1,2,63,2,2,2,black,man,63,liberal,do not attend church,somewhat,"Racially, I am black. I am a man. I am 63 years old. Ideologically, I am liberal. I do not attend church. I am somewhat interested in politics. ",Kamala Harris
2,1,1,62,4,2,2,white,man,62,moderate,do not attend church,somewhat,"Racially, I am white. I am a man. I am 62 years old. Ideologically, I am moderate. I do not attend church. I am somewhat interested in politics. ",Donald Trump
2,2,1,62,4,3,1,white,woman,62,moderate,attend church,not very,"Racially, I am white. I am a woman. I am 62 years old. Ideologically, I am moderate. I attend church. I am not very interested in politics. ",Donald Trump
2,1,1,62,5,2,2,white,man,62,slightly conservative,do not attend church,somewhat,"Racially, I am white. I am a man. I am 62 years old. Ideologically, I am slightly conservative. I do not attend church. I am somewhat interested in politics. ",Donald Trump
1,2,2,67,4,2,1,black,woman,67,moderate,attend church,somewhat,"Racially, I am black. I am a woman. I am 67 years old. Ideologically, I am moderate. I attend church. I am somewhat interested in politics. ",Kamala Harris
1,2,2,51,6,2,1,black,woman,51,conservative,attend church,somewhat,"Racially, I am black. I am a woman. I am 51 years old. Ideologically, I am conservative. I attend church. I am somewhat interested in politics. ",Kamala Harris
1,1,1,64,2,1,2,white,man,64,liberal,do not attend church,very,"Racially, I am white. I am a man. I am 64 years old. Ideologically, I am liberal. I do not attend church. I am very interested in politics. ",Kamala Harris
1,2,2,41,2,1,1,black,woman,41,liberal,attend church,very,"Racially, I am black. I am a woman. I am 41 years old. Ideologically, I am liberal. I attend church. I am very interested in politics. ",Kamala Harris
2,2,1,30,6,3,1,white,woman,30,conservative,attend church,not very,"Racially, I am white. I am a woman. I am 30 years old. Ideologically, I am conservative. I attend church. I am not very interested in politics. ",Donald Trump
1,1,2,46,5,2,2,black,man,46,slightly conservative,do not attend church,somewhat,"Racially, I am black. I am a man. I am 46 years old. Ideologically, I am slightly conservative. I do not attend church. I am somewhat interested in politics. ",Kamala Harris
2,2,1,60,6,4,1,white,woman,60,conservative,attend church,not at all,"Racially, I am white. I am a woman. I am 60 years old. Ideologically, I am conservative. I attend church. I am not at all interested in politics. ",Donald Trump
1,2,4,64,3,2,2,asian,woman,64,slightly liberal,do not attend church,somewhat,"Racially, I am asian. I am a woman. I am 64 years old. Ideologically, I am slightly liberal. I do not attend church. I am somewhat interested in politics. ",Kamala Harris
1,1,1,79,3,1,2,white,man,79,slightly liberal,do not attend church,very,"Racially, I am white. I am a man. I am 79 years old. Ideologically, I am slightly liberal. I do not attend church. I am very interested in politics. ",Kamala Harris
1,2,2,33,2,2,2,black,woman,33,liberal,do not attend church,somewhat,"Racially, I am black. I am a woman. I am 33 years old. Ideologically, I am liberal. I do not attend church. I am somewhat interested in politics. ",Kamala Harris
1,1,4,71,2,2,1,asian,man,71,liberal,attend church,somewhat,"Racially, I am asian. I am a man. I am 71 years old. Ideologically, I am liberal. I attend church. I am somewhat interested in politics. ",Kamala Harris
2,2,1,71,6,2,1,white,woman,71,conservative,attend church,somewhat,"Racially, I am white. I am a woman. I am 71 years old. Ideologically, I am conservative. I attend church. I am somewhat interested in politics. ",Donald Trump
1,1,3,44,3,1,1,hispanic,man,44,slightly liberal,attend church,very,"Racially, I am hispanic. I am a man. I am 44 years old. Ideologically, I am slightly liberal. I attend church. I am very interested in politics. ",Kamala Harris
2,2,1,73,4,3,2,white,woman,73,moderate,do not attend church,not very,"Racially, I am white. I am a woman. I am 73 years old. Ideologically, I am moderate. I do not attend church. I am not very interested in politics. ",Donald Trump
2,2,1,26,4,2,1,white,woman,26,moderate,attend church,somewhat,"Racially, I am white. I am a woman. I am 26 years old. Ideologically, I am moderate. I attend church. I am somewhat interested in politics. ",Donald Trump
2,1,1,64,6,2,1,white,man,64,conservative,attend church,somewhat,"Racially, I am white. I am a man. I am 64 years old. Ideologically, I am conservative. I attend church. I am somewhat interested in politics. ",Donald Trump
1,1,1,49,5,1,2,white,man,49,slightly conservative,do not attend church,very,"Racially, I am white. I am a man. I am 49 years old. Ideologically, I am slightly conservative. I do not attend church. I am very interested in politics. ",Kamala Harris
2,2,1,80,6,3,1,white,woman,80,conservative,attend church,not very,"Racially, I am white. I am a woman. I am 80 years old. Ideologically, I am conservative. I attend church. I am not very interested in politics. ",Donald Trump
1,1,2,67,2,1,1,black,man,67,liberal,attend church,very,"Racially, I am black. I am a man. I am 67 years old. Ideologically, I am liberal. I attend church. I am very interested in politics. ",Kamala Harris
2,1,3,67,4,2,2,hispanic,man,67,moderate,do not attend church,somewhat,"Racially, I am hispanic. I am a man. I am 67 years old. Ideologically, I am moderate. I do not attend church. I am somewhat interested in politics. ",Donald Trump
1,2,4,55,4,2,2,asian,woman,55,moderate,do not attend church,somewhat,"Racially, I am asian. I am a woman. I am 55 years old. Ideologically, I am moderate. I do not attend church. I am somewhat interested in politics. ",Kamala Harris
1,2,3,54,7,4,1,hispanic,woman,54,extremely conservative,attend church,not at all,"Racially, I am hispanic. I am a woman. I am 54 years old. Ideologically, I am extremely conservative. I attend church. I am not at all interested in politics. ",Kamala Harris
1,2,1,37,2,1,2,white,woman,37,liberal,do not attend church,very,"Racially, I am white. I am a woman. I am 37 years old. Ideologically, I am liberal. I do not attend church. I am very interested in politics. ",Kamala Harris
1,2,1,43,2,2,1,white,woman,43,liberal,attend church,somewhat,"Racially, I am white. I am a woman. I am 43 years old. Ideologically, I am liberal. I attend church. I am somewhat interested in politics. ",Kamala Harris
1,1,1,30,3,2,1,white,man,30,slightly liberal,attend church,somewhat,"Racially, I am white. I am a man. I am 30 years old. Ideologically, I am slightly liberal. I attend church. I am somewhat interested in politics. ",Kamala Harris
1,1,3,64,3,2,1,hispanic,man,64,slightly liberal,attend church,somewhat,"Racially, I am hispanic. I am a man. I am 64 years old. Ideologically, I am slightly liberal. I attend church. I am somewhat interested in politics. ",Kamala Harris
2,1,1,55,4,2,1,white,man,55,moderate,attend church,somewhat,"Racially, I am white. I am a man. I am 55 years old. Ideologically, I am moderate. I attend church. I am somewhat interested in politics. ",Donald Trump
1,1,1,42,1,2,2,white,man,42,extremely liberal,do not attend church,somewhat,"Racially, I am white. I am a man. I am 42 years old. Ideologically, I am extremely liberal. I do not attend church. I am somewhat interested in politics. ",Kamala Harris
1,1,1,64,5,3,1,white,man,64,slightly conservative,attend church,not very,"Racially, I am white. I am a man. I am 64 years old. Ideologically, I am slightly conservative. I attend church. I am not very interested in politics. ",Kamala Harris
1,2,1,59,2,2,2,white,woman,59,liberal,do not attend church,somewhat,"Racially, I am white. I am a woman. I am 59 years old. Ideologically, I am liberal. I do not attend church. I am somewhat interested in politics. ",Kamala Harris
1,1,1,43,3,3,2,white,man,43,slightly liberal,do not attend church,not very,"Racially, I am white. I am a man. I am 43 years old. Ideologically, I am slightly liberal. I do not attend church. I am not very interested in politics. ",Kamala Harris
2,1,2,48,5,2,1,black,man,48,slightly conservative,attend church,somewhat,"Racially, I am black. I am a man. I am 48 years old. Ideologically, I am slightly conservative. I attend church. I am somewhat interested in politics. ",Donald Trump
2,1,1,35,5,4,2,white,man,35,slightly conservative,do not attend church,not at all,"Racially, I am white. I am a man. I am 35 years old. Ideologically, I am slightly conservative. I do not attend church. I am not at all interested in politics. ",Donald Trump
1,1,1,58,5,2,1,white,man,58,slightly conservative,attend church,somewhat,"Racially, I am white. I am a man. I am 58 years old. Ideologically, I am slightly conservative. I attend church. I am somewhat interested in politics. ",Kamala Harris
2,1,3,55,7,2,1,hispanic,man,55,extremely conservative,attend church,somewhat,"Racially, I am hispanic. I am a man. I am 55 years old. Ideologically, I am extremely conservative. I attend church. I am somewhat interested in politics. ",Donald Trump
1,2,1,28,2,3,2,white,woman,28,liberal,do not attend church,not very,"Racially, I am white. I am a woman. I am 28 years old. Ideologically, I am liberal. I do not attend church. I am not very interested in politics. ",Kamala Harris
1,1,1,25,5,2,1,white,man,25,slightly conservative,attend church,somewhat,"Racially, I am white. I am a man. I am 25 years old. Ideologically, I am slightly conservative. I attend church. I am somewhat interested in politics. ",Kamala Harris
2,2,6,67,7,1,1,mixed race,woman,67,extremely conservative,attend church,very,"Racially, I am mixed race. I am a woman. I am 67 years old. Ideologically, I am extremely conservative. I attend church. I am very interested in politics. ",Donald Trump
1,2,6,80,1,1,1,mixed race,woman,80,extremely liberal,attend church,very,"Racially, I am mixed race. I am a woman. I am 80 years old. Ideologically, I am extremely liberal. I attend church. I am very interested in politics. ",Kamala Harris
1,2,1,76,4,2,2,white,woman,76,moderate,do not attend church,somewhat,"Racially, I am white. I am a woman. I am 76 years old. Ideologically, I am moderate. I do not attend church. I am somewhat interested in politics. ",Kamala Harris
1,2,1,43,4,4,1,white,woman,43,moderate,attend church,not at all,"Racially, I am white. I am a woman. I am 43 years old. Ideologically, I am moderate. I attend church. I am not at all interested in politics. ",Kamala Harris
2,2,1,79,6,2,2,white,woman,79,conservative,do not attend church,somewhat,"Racially, I am white. I am a woman. I am 79 years old. Ideologically, I am conservative. I do not attend church. I am somewhat interested in politics. ",Donald Trump
2,1,4,54,6,2,2,asian,man,54,conservative,do not attend church,somewhat,"Racially, I am asian. I am a man. I am 54 years old. Ideologically, I am conservative. I do not attend church. I am somewhat interested in politics. ",Donald Trump
2,1,1,43,4,3,2,white,man,43,moderate,do not attend church,not very,"Racially, I am white. I am a man. I am 43 years old. Ideologically, I am moderate. I do not attend church. I am not very interested in politics. ",Donald Trump
1,2,3,33,3,1,2,hispanic,woman,33,slightly liberal,do not attend church,very,"Racially, I am hispanic. I am a woman. I am 33 years old. Ideologically, I am slightly liberal. I do not attend church. I am very interested in politics. ",Kamala Harris
2,2,1,47,3,2,1,white,woman,47,slightly liberal,attend church,somewhat,"Racially, I am white. I am a woman. I am 47 years old. Ideologically, I am slightly liberal. I attend church. I am somewhat interested in politics. ",Donald Trump
2,2,3,67,4,3,1,hispanic,woman,67,moderate,attend church,not very,"Racially, I am hispanic. I am a woman. I am 67 years old. Ideologically, I am moderate. I attend church. I am not very interested in politics. ",Donald Trump
2,1,1,71,6,2,1,white,man,71,conservative,attend church,somewhat,"Racially, I am white. I am a man. I am 71 years old. Ideologically, I am conservative. I attend church. I am somewhat interested in politics. ",Donald Trump
1,2,1,34,4,4,1,white,woman,34,moderate,attend church,not at all,"Racially, I am white. I am a woman. I am 34 years old. Ideologically, I am moderate. I attend church. I am not at all interested in politics. ",Kamala Harris
1,1,1,80,5,2,2,white,man,80,slightly conservative,do not attend church,somewhat,"Racially, I am white. I am a man. I am 80 years old. Ideologically, I am slightly conservative. I do not attend church. I am somewhat interested in politics. ",Kamala Harris
2,2,1,37,5,3,1,white,woman,37,slightly conservative,attend church,not very,"Racially, I am white. I am a woman. I am 37 years old. Ideologically, I am slightly conservative. I attend church. I am not very interested in politics. ",Donald Trump
2,2,6,67,4,3,1,mixed race,woman,67,moderate,attend church,not very,"Racially, I am mixed race. I am a woman. I am 67 years old. Ideologically, I am moderate. I attend church. I am not very interested in politics. ",Donald Trump
2,1,1,40,7,1,1,white,man,40,extremely conservative,attend church,very,"Racially, I am white. I am a man. I am 40 years old. Ideologically, I am extremely conservative. I attend church. I am very interested in politics. ",Donald Trump
2,1,1,54,5,2,1,white,man,54,slightly conservative,attend church,somewhat,"Racially, I am white. I am a man. I am 54 years old. Ideologically, I am slightly conservative. I attend church. I am somewhat interested in politics. ",Donald Trump
2,1,1,62,6,2,2,white,man,62,conservative,do not attend church,somewhat,"Racially, I am white. I am a man. I am 62 years old. Ideologically, I am conservative. I do not attend church. I am somewhat interested in politics. ",Donald Trump
1,2,1,76,4,2,2,white,woman,76,moderate,do not attend church,somewhat,"Racially, I am white. I am a woman. I am 76 years old. Ideologically, I am moderate. I do not attend church. I am somewhat interested in politics. ",Kamala Harris
1,2,1,48,4,3,1,white,woman,48,moderate,attend church,not very,"Racially, I am white. I am a woman. I am 48 years old. Ideologically, I am moderate. I attend church. I am not very interested in politics. ",Kamala Harris
1,2,1,41,2,2,2,white,woman,41,liberal,do not attend church,somewhat,"Racially, I am white. I am a woman. I am 41 years old. Ideologically, I am liberal. I do not attend church. I am somewhat interested in politics. ",Kamala Harris
1,1,1,56,4,2,2,white,man,56,moderate,do not attend church,somewhat,"Racially, I am white. I am a man. I am 56 years old. Ideologically, I am moderate. I do not attend church. I am somewhat interested in politics. ",Kamala Harris
2,2,1,80,5,2,1,white,woman,80,slightly conservative,attend church,somewhat,"Racially, I am white. I am a woman. I am 80 years old. Ideologically, I am slightly conservative. I attend church. I am somewhat interested in politics. ",Donald Trump
2,1,5,62,6,2,1,native American,man,62,conservative,attend church,somewhat,"Racially, I am native American. I am a man. I am 62 years old. Ideologically, I am conservative. I attend church. I am somewhat interested in politics. ",Donald Trump
1,2,1,34,2,3,2,white,woman,34,liberal,do not attend church,not very,"Racially, I am white. I am a woman. I am 34 years old. Ideologically, I am liberal. I do not attend church. I am not very interested in politics. ",Kamala Harris
2,2,1,28,7,3,1,white,woman,28,extremely conservative,attend church,not very,"Racially, I am white. I am a woman. I am 28 years old. Ideologically, I am extremely conservative. I attend church. I am not very interested in politics. ",Donald Trump
1,1,1,22,1,1,1,white,man,22,extremely liberal,attend church,very,"Racially, I am white. I am a man. I am 22 years old. Ideologically, I am extremely liberal. I attend church. I am very interested in politics. ",Kamala Harris
1,1,1,26,1,1,1,white,man,26,extremely liberal,attend church,very,"Racially, I am white. I am a man. I am 26 years old. Ideologically, I am extremely liberal. I attend church. I am very interested in politics. ",Kamala Harris
1,2,1,41,2,2,2,white,woman,41,liberal,do not attend church,somewhat,"Racially, I am white. I am a woman. I am 41 years old. Ideologically, I am liberal. I do not attend church. I am somewhat interested in politics. ",Kamala Harris
1,2,3,32,3,2,2,hispanic,woman,32,slightly liberal,do not attend church,somewhat,"Racially, I am hispanic. I am a woman. I am 32 years old. Ideologically, I am slightly liberal. I do not attend church. I am somewhat interested in politics. ",Kamala Harris
1,2,1,70,5,2,1,white,woman,70,slightly conservative,attend church,somewhat,"Racially, I am white. I am a woman. I am 70 years old. Ideologically, I am slightly conservative. I attend church. I am somewhat interested in politics. ",Kamala Harris
2,2,1,58,6,2,2,white,woman,58,conservative,do not attend church,somewhat,"Racially, I am white. I am a woman. I am 58 years old. Ideologically, I am conservative. I do not attend church. I am somewhat interested in politics. ",Donald Trump
1,2,1,73,1,2,2,white,woman,73,extremely liberal,do not attend church,somewhat,"Racially, I am white. I am a woman. I am 73 years old. Ideologically, I am extremely liberal. I do not attend church. I am somewhat interested in politics. ",Kamala Harris
2,2,1,47,4,2,1,white,woman,47,moderate,attend church,somewhat,"Racially, I am white. I am a woman. I am 47 years old. Ideologically, I am moderate. I attend church. I am somewhat interested in politics. ",Donald Trump
1,1,3,21,3,1,2,hispanic,man,21,slightly liberal,do not attend church,very,"Racially, I am hispanic. I am a man. I am 21 years old. Ideologically, I am slightly liberal. I do not attend church. I am very interested in politics. ",Kamala Harris
2,1,1,33,3,1,1,white,man,33,slightly liberal,attend church,very,"Racially, I am white. I am a man. I am 33 years old. Ideologically, I am slightly liberal. I attend church. I am very interested in politics. ",Donald Trump
1,2,1,80,2,2,2,white,woman,80,liberal,do not attend church,somewhat,"Racially, I am white. I am a woman. I am 80 years old. Ideologically, I am liberal. I do not attend church. I am somewhat interested in politics. ",Kamala Harris
1,2,1,45,3,2,1,white,woman,45,slightly liberal,attend church,somewhat,"Racially, I am white. I am a woman. I am 45 years old. Ideologically, I am slightly liberal. I attend church. I am somewhat interested in politics. ",Kamala Harris
2,2,1,80,5,2,2,white,woman,80,slightly conservative,do not attend church,somewhat,"Racially, I am white. I am a woman. I am 80 years old. Ideologically, I am slightly conservative. I do not attend church. I am somewhat interested in politics. ",Donald Trump
1,2,2,64,7,2,1,black,woman,64,extremely conservative,attend church,somewhat,"Racially, I am black. I am a woman. I am 64 years old. Ideologically, I am extremely conservative. I attend church. I am somewhat interested in politics. ",Kamala Harris
2,2,1,80,6,2,1,white,woman,80,conservative,attend church,somewhat,"Racially, I am white. I am a woman. I am 80 years old. Ideologically, I am conservative. I attend church. I am somewhat interested in politics. ",Donald Trump
2,1,6,55,6,2,1,mixed race,man,55,conservative,attend church,somewhat,"Racially, I am mixed race. I am a man. I am 55 years old. Ideologically, I am conservative. I attend church. I am somewhat interested in politics. ",Donald Trump
1,2,1,66,2,2,1,white,woman,66,liberal,attend church,somewhat,"Racially, I am white. I am a woman. I am 66 years old. Ideologically, I am liberal. I attend church. I am somewhat interested in politics. ",Kamala Harris
1,2,1,47,2,1,1,white,woman,47,liberal,attend church,very,"Racially, I am white. I am a woman. I am 47 years old. Ideologically, I am liberal. I attend church. I am very interested in politics. ",Kamala Harris
2,2,1,65,6,1,1,white,woman,65,conservative,attend church,very,"Racially, I am white. I am a woman. I am 65 years old. Ideologically, I am conservative. I attend church. I am very interested in politics. ",Donald Trump
2,1,1,66,6,2,2,white,man,66,conservative,do not attend church,somewhat,"Racially, I am white. I am a man. I am 66 years old. Ideologically, I am conservative. I do not attend church. I am somewhat interested in politics. ",Donald Trump
1,2,3,26,2,4,2,hispanic,woman,26,liberal,do not attend church,not at all,"Racially, I am hispanic. I am a woman. I am 26 years old. Ideologically, I am liberal. I do not attend church. I am not at all interested in politics. ",Kamala Harris
2,1,1,67,7,1,2,white,man,67,extremely conservative,do not attend church,very,"Racially, I am white. I am a man. I am 67 years old. Ideologically, I am extremely conservative. I do not attend church. I am very interested in politics. ",Donald Trump
1,2,2,44,4,1,1,black,woman,44,moderate,attend church,very,"Racially, I am black. I am a woman. I am 44 years old. Ideologically, I am moderate. I attend church. I am very interested in politics. ",Kamala Harris
1,2,1,67,4,2,2,white,woman,67,moderate,do not attend church,somewhat,"Racially, I am white. I am a woman. I am 67 years old. Ideologically, I am moderate. I do not attend church. I am somewhat interested in politics. ",Kamala Harris
2,1,3,61,5,2,1,hispanic,man,61,slightly conservative,attend church,somewhat,"Racially, I am hispanic. I am a man. I am 61 years old. Ideologically, I am slightly conservative. I attend church. I am somewhat interested in politics. ",Donald Trump
2,1,1,59,6,1,1,white,man,59,conservative,attend church,very,"Racially, I am white. I am a man. I am 59 years old. Ideologically, I am conservative. I attend church. I am very interested in politics. ",Donald Trump
2,1,4,76,7,1,1,asian,man,76,extremely conservative,attend church,very,"Racially, I am asian. I am a man. I am 76 years old. Ideologically, I am extremely conservative. I attend church. I am very interested in politics. ",Donald Trump
2,1,1,76,7,2,1,white,man,76,extremely conservative,attend church,somewhat,"Racially, I am white. I am a man. I am 76 years old. Ideologically, I am extremely conservative. I attend church. I am somewhat interested in politics. ",Donald Trump
1,2,1,28,2,2,2,white,woman,28,liberal,do not attend church,somewhat,"Racially, I am white. I am a woman. I am 28 years old. Ideologically, I am liberal. I do not attend church. I am somewhat interested in politics. ",Kamala Harris
1,2,1,59,2,1,2,white,woman,59,liberal,do not attend church,very,"Racially, I am white. I am a woman. I am 59 years old. Ideologically, I am liberal. I do not attend church. I am very interested in politics. ",Kamala Harris
2,1,1,27,6,3,2,white,man,27,conservative,do not attend church,not very,"Racially, I am white. I am a man. I am 27 years old. Ideologically, I am conservative. I do not attend church. I am not very interested in politics. ",Donald Trump
2,1,3,47,5,2,2,hispanic,man,47,slightly conservative,do not attend church,somewhat,"Racially, I am hispanic. I am a man. I am 47 years old. Ideologically, I am slightly conservative. I do not attend church. I am somewhat interested in politics. ",Donald Trump
1,1,1,71,2,2,2,white,man,71,liberal,do not attend church,somewhat,"Racially, I am white. I am a man. I am 71 years old. Ideologically, I am liberal. I do not attend church. I am somewhat interested in politics. ",Kamala Harris
2,2,1,67,6,2,1,white,woman,67,conservative,attend church,somewhat,"Racially, I am white. I am a woman. I am 67 years old. Ideologically, I am conservative. I attend church. I am somewhat interested in politics. ",Donald Trump
2,1,1,80,6,1,2,white,man,80,conservative,do not attend church,very,"Racially, I am white. I am a man. I am 80 years old. Ideologically, I am conservative. I do not attend church. I am very interested in politics. ",Donald Trump
1,2,6,31,3,3,2,mixed race,woman,31,slightly liberal,do not attend church,not very,"Racially, I am mixed race. I am a woman. I am 31 years old. Ideologically, I am slightly liberal. I do not attend church. I am not very interested in politics. ",Kamala Harris
1,1,1,63,4,2,2,white,man,63,moderate,do not attend church,somewhat,"Racially, I am white. I am a man. I am 63 years old. Ideologically, I am moderate. I do not attend church. I am somewhat interested in politics. ",Kamala Harris
1,2,1,69,2,1,1,white,woman,69,liberal,attend church,very,"Racially, I am white. I am a woman. I am 69 years old. Ideologically, I am liberal. I attend church. I am very interested in politics. ",Kamala Harris
1,2,4,35,3,1,1,asian,woman,35,slightly liberal,attend church,very,"Racially, I am asian. I am a woman. I am 35 years old. Ideologically, I am slightly liberal. I attend church. I am very interested in politics. ",Kamala Harris
1,2,2,69,3,2,2,black,woman,69,slightly liberal,do not attend church,somewhat,"Racially, I am black. I am a woman. I am 69 years old. Ideologically, I am slightly liberal. I do not attend church. I am somewhat interested in politics. ",Kamala Harris
1,2,2,80,2,2,2,black,woman,80,liberal,do not attend church,somewhat,"Racially, I am black. I am a woman. I am 80 years old. Ideologically, I am liberal. I do not attend church. I am somewhat interested in politics. ",Kamala Harris
1,1,1,40,2,2,2,white,man,40,liberal,do not attend church,somewhat,"Racially, I am white. I am a man. I am 40 years old. Ideologically, I am liberal. I do not attend church. I am somewhat interested in politics. ",Kamala Harris
2,1,1,69,6,2,2,white,man,69,conservative,do not attend church,somewhat,"Racially, I am white. I am a man. I am 69 years old. Ideologically, I am conservative. I do not attend church. I am somewhat interested in politics. ",Donald Trump
1,2,2,60,6,4,1,black,woman,60,conservative,attend church,not at all,"Racially, I am black. I am a woman. I am 60 years old. Ideologically, I am conservative. I attend church. I am not at all interested in politics. ",Kamala Harris
1,2,1,64,3,1,2,white,woman,64,slightly liberal,do not attend church,very,"Racially, I am white. I am a woman. I am 64 years old. Ideologically, I am slightly liberal. I do not attend church. I am very interested in politics. ",Kamala Harris
2,2,1,39,7,2,1,white,woman,39,extremely conservative,attend church,somewhat,"Racially, I am white. I am a woman. I am 39 years old. Ideologically, I am extremely conservative. I attend church. I am somewhat interested in politics. ",Donald Trump
1,2,3,64,2,1,2,hispanic,woman,64,liberal,do not attend church,very,"Racially, I am hispanic. I am a woman. I am 64 years old. Ideologically, I am liberal. I do not attend church. I am very interested in politics. ",Kamala Harris
2,1,1,50,6,1,1,white,man,50,conservative,attend church,very,"Racially, I am white. I am a man. I am 50 years old. Ideologically, I am conservative. I attend church. I am very interested in politics. ",Donald Trump
1,2,1,33,4,2,1,white,woman,33,moderate,attend church,somewhat,"Racially, I am white. I am a woman. I am 33 years old. Ideologically, I am moderate. I attend church. I am somewhat interested in politics. ",Kamala Harris
1,1,1,80,3,2,1,white,man,80,slightly liberal,attend church,somewhat,"Racially, I am white. I am a man. I am 80 years old. Ideologically, I am slightly liberal. I attend church. I am somewhat interested in politics. ",Kamala Harris
1,2,1,69,5,3,2,white,woman,69,slightly conservative,do not attend church,not very,"Racially, I am white. I am a woman. I am 69 years old. Ideologically, I am slightly conservative. I do not attend church. I am not very interested in politics. ",Kamala Harris
2,2,5,63,7,1,2,native American,woman,63,extremely conservative,do not attend church,very,"Racially, I am native American. I am a woman. I am 63 years old. Ideologically, I am extremely conservative. I do not attend church. I am very interested in politics. ",Donald Trump
1,2,1,44,2,2,2,white,woman,44,liberal,do not attend church,somewhat,"Racially, I am white. I am a woman. I am 44 years old. Ideologically, I am liberal. I do not attend church. I am somewhat interested in politics. ",Kamala Harris
1,1,2,70,2,2,1,black,man,70,liberal,attend church,somewhat,"Racially, I am black. I am a man. I am 70 years old. Ideologically, I am liberal. I attend church. I am somewhat interested in politics. ",Kamala Harris
1,2,1,60,2,2,2,white,woman,60,liberal,do not attend church,somewhat,"Racially, I am white. I am a woman. I am 60 years old. Ideologically, I am liberal. I do not attend church. I am somewhat interested in politics. ",Kamala Harris
1,2,1,60,1,1,2,white,woman,60,extremely liberal,do not attend church,very,"Racially, I am white. I am a woman. I am 60 years old. Ideologically, I am extremely liberal. I do not attend church. I am very interested in politics. ",Kamala Harris
1,1,3,79,2,2,2,hispanic,man,79,liberal,do not attend church,somewhat,"Racially, I am hispanic. I am a man. I am 79 years old. Ideologically, I am liberal. I do not attend church. I am somewhat interested in politics. ",Kamala Harris
1,1,3,54,6,2,1,hispanic,man,54,conservative,attend church,somewhat,"Racially, I am hispanic. I am a man. I am 54 years old. Ideologically, I am conservative. I attend church. I am somewhat interested in politics. ",Kamala Harris
1,2,6,53,4,2,1,mixed race,woman,53,moderate,attend church,somewhat,"Racially, I am mixed race. I am a woman. I am 53 years old. Ideologically, I am moderate. I attend church. I am somewhat interested in politics. ",Kamala Harris
1,1,3,49,5,2,1,hispanic,man,49,slightly conservative,attend church,somewhat,"Racially, I am hispanic. I am a man. I am 49 years old. Ideologically, I am slightly conservative. I attend church. I am somewhat interested in politics. ",Kamala Harris
1,1,1,43,4,1,1,white,man,43,moderate,attend church,very,"Racially, I am white. I am a man. I am 43 years old. Ideologically, I am moderate. I attend church. I am very interested in politics. ",Kamala Harris
1,1,1,50,1,1,2,white,man,50,extremely liberal,do not attend church,very,"Racially, I am white. I am a man. I am 50 years old. Ideologically, I am extremely liberal. I do not attend church. I am very interested in politics. ",Kamala Harris
2,2,1,41,4,2,2,white,woman,41,moderate,do not attend church,somewhat,"Racially, I am white. I am a woman. I am 41 years old. Ideologically, I am moderate. I do not attend church. I am somewhat interested in politics. ",Donald Trump
1,1,1,40,3,2,2,white,man,40,slightly liberal,do not attend church,somewhat,"Racially, I am white. I am a man. I am 40 years old. Ideologically, I am slightly liberal. I do not attend church. I am somewhat interested in politics. ",Kamala Harris
2,1,1,71,6,2,1,white,man,71,conservative,attend church,somewhat,"Racially, I am white. I am a man. I am 71 years old. Ideologically, I am conservative. I attend church. I am somewhat interested in politics. ",Donald Trump
1,1,1,54,2,1,2,white,man,54,liberal,do not attend church,very,"Racially, I am white. I am a man. I am 54 years old. Ideologically, I am liberal. I do not attend church. I am very interested in politics. ",Kamala Harris
1,1,3,56,4,2,1,hispanic,man,56,moderate,attend church,somewhat,"Racially, I am hispanic. I am a man. I am 56 years old. Ideologically, I am moderate. I attend church. I am somewhat interested in politics. ",Kamala Harris
2,1,1,50,4,3,2,white,man,50,moderate,do not attend church,not very,"Racially, I am white. I am a man. I am 50 years old. Ideologically, I am moderate. I do not attend church. I am not very interested in politics. ",Donald Trump
2,2,1,58,4,4,1,white,woman,58,moderate,attend church,not at all,"Racially, I am white. I am a woman. I am 58 years old. Ideologically, I am moderate. I attend church. I am not at all interested in politics. ",Donald Trump
1,2,1,39,2,1,2,white,woman,39,liberal,do not attend church,very,"Racially, I am white. I am a woman. I am 39 years old. Ideologically, I am liberal. I do not attend church. I am very interested in politics. ",Kamala Harris
2,2,1,43,5,1,1,white,woman,43,slightly conservative,attend church,very,"Racially, I am white. I am a woman. I am 43 years old. Ideologically, I am slightly conservative. I attend church. I am very interested in politics. ",Donald Trump
2,2,1,54,6,3,1,white,woman,54,conservative,attend church,not very,"Racially, I am white. I am a woman. I am 54 years old. Ideologically, I am conservative. I attend church. I am not very interested in politics. ",Donald Trump
1,2,1,43,3,2,1,white,woman,43,slightly liberal,attend church,somewhat,"Racially, I am white. I am a woman. I am 43 years old. Ideologically, I am slightly liberal. I attend church. I am somewhat interested in politics. ",Kamala Harris
1,2,1,68,4,2,2,white,woman,68,moderate,do not attend church,somewhat,"Racially, I am white. I am a woman. I am 68 years old. Ideologically, I am moderate. I do not attend church. I am somewhat interested in politics. ",Kamala Harris
2,2,1,80,6,2,1,white,woman,80,conservative,attend church,somewhat,"Racially, I am white. I am a woman. I am 80 years old. Ideologically, I am conservative. I attend church. I am somewhat interested in politics. ",Donald Trump
1,2,1,66,2,1,2,white,woman,66,liberal,do not attend church,very,"Racially, I am white. I am a woman. I am 66 years old. Ideologically, I am liberal. I do not attend church. I am very interested in politics. ",Kamala Harris
1,1,2,54,4,3,1,black,man,54,moderate,attend church,not very,"Racially, I am black. I am a man. I am 54 years old. Ideologically, I am moderate. I attend church. I am not very interested in politics. ",Kamala Harris
1,1,1,41,3,2,2,white,man,41,slightly liberal,do not attend church,somewhat,"Racially, I am white. I am a man. I am 41 years old. Ideologically, I am slightly liberal. I do not attend church. I am somewhat interested in politics. ",Kamala Harris
2,1,1,73,6,2,1,white,man,73,conservative,attend church,somewhat,"Racially, I am white. I am a man. I am 73 years old. Ideologically, I am conservative. I attend church. I am somewhat interested in politics. ",Donald Trump
1,2,1,69,3,2,2,white,woman,69,slightly liberal,do not attend church,somewhat,"Racially, I am white. I am a woman. I am 69 years old. Ideologically, I am slightly liberal. I do not attend church. I am somewhat interested in politics. ",Kamala Harris
2,2,1,75,6,2,1,white,woman,75,conservative,attend church,somewhat,"Racially, I am white. I am a woman. I am 75 years old. Ideologically, I am conservative. I attend church. I am somewhat interested in politics. ",Donald Trump
1,1,1,35,1,2,2,white,man,35,extremely liberal,do not attend church,somewhat,"Racially, I am white. I am a man. I am 35 years old. Ideologically, I am extremely liberal. I do not attend church. I am somewhat interested in politics. ",Kamala Harris
2,1,1,65,1,2,1,white,man,65,extremely liberal,attend church,somewhat,"Racially, I am white. I am a man. I am 65 years old. Ideologically, I am extremely liberal. I attend church. I am somewhat interested in politics. ",Donald Trump
1,2,2,49,2,3,1,black,woman,49,liberal,attend church,not very,"Racially, I am black. I am a woman. I am 49 years old. Ideologically, I am liberal. I attend church. I am not very interested in politics. ",Kamala Harris
1,2,1,42,2,2,2,white,woman,42,liberal,do not attend church,somewhat,"Racially, I am white. I am a woman. I am 42 years old. Ideologically, I am liberal. I do not attend church. I am somewhat interested in politics. ",Kamala Harris
2,1,1,24,4,4,2,white,man,24,moderate,do not attend church,not at all,"Racially, I am white. I am a man. I am 24 years old. Ideologically, I am moderate. I do not attend church. I am not at all interested in politics. ",Donald Trump
1,1,1,62,3,1,2,white,man,62,slightly liberal,do not attend church,very,"Racially, I am white. I am a man. I am 62 years old. Ideologically, I am slightly liberal. I do not attend church. I am very interested in politics. ",Kamala Harris
2,1,1,66,4,3,1,white,man,66,moderate,attend church,not very,"Racially, I am white. I am a man. I am 66 years old. Ideologically, I am moderate. I attend church. I am not very interested in politics. ",Donald Trump
2,1,1,66,4,2,1,white,man,66,moderate,attend church,somewhat,"Racially, I am white. I am a man. I am 66 years old. Ideologically, I am moderate. I attend church. I am somewhat interested in politics. ",Donald Trump
1,1,1,26,2,1,2,white,man,26,liberal,do not attend church,very,"Racially, I am white. I am a man. I am 26 years old. Ideologically, I am liberal. I do not attend church. I am very interested in politics. ",Kamala Harris
1,2,3,67,3,2,2,hispanic,woman,67,slightly liberal,do not attend church,somewhat,"Racially, I am hispanic. I am a woman. I am 67 years old. Ideologically, I am slightly liberal. I do not attend church. I am somewhat interested in politics. ",Kamala Harris
2,2,1,43,6,2,1,white,woman,43,conservative,attend church,somewhat,"Racially, I am white. I am a woman. I am 43 years old. Ideologically, I am conservative. I attend church. I am somewhat interested in politics. ",Donald Trump
2,1,1,80,6,1,1,white,man,80,conservative,attend church,very,"Racially, I am white. I am a man. I am 80 years old. Ideologically, I am conservative. I attend church. I am very interested in politics. ",Donald Trump
1,1,1,34,2,2,2,white,man,34,liberal,do not attend church,somewhat,"Racially, I am white. I am a man. I am 34 years old. Ideologically, I am liberal. I do not attend church. I am somewhat interested in politics. ",Kamala Harris
1,1,1,53,1,2,2,white,man,53,extremely liberal,do not attend church,somewhat,"Racially, I am white. I am a man. I am 53 years old. Ideologically, I am extremely liberal. I do not attend church. I am somewhat interested in politics. ",Kamala Harris
2,1,1,59,7,2,1,white,man,59,extremely conservative,attend church,somewhat,"Racially, I am white. I am a man. I am 59 years old. Ideologically, I am extremely conservative. I attend church. I am somewhat interested in politics. ",Donald Trump
2,1,1,66,6,1,1,white,man,66,conservative,attend church,very,"Racially, I am white. I am a man. I am 66 years old. Ideologically, I am conservative. I attend church. I am very interested in politics. ",Donald Trump
2,1,1,50,5,3,2,white,man,50,slightly conservative,do not attend church,not very,"Racially, I am white. I am a man. I am 50 years old. Ideologically, I am slightly conservative. I do not attend church. I am not very interested in politics. ",Donald Trump
2,1,1,74,7,1,1,white,man,74,extremely conservative,attend church,very,"Racially, I am white. I am a man. I am 74 years old. Ideologically, I am extremely conservative. I attend church. I am very interested in politics. ",Donald Trump
1,2,1,80,4,2,1,white,woman,80,moderate,attend church,somewhat,"Racially, I am white. I am a woman. I am 80 years old. Ideologically, I am moderate. I attend church. I am somewhat interested in politics. ",Kamala Harris
2,2,1,40,6,3,2,white,woman,40,conservative,do not attend church,not very,"Racially, I am white. I am a woman. I am 40 years old. Ideologically, I am conservative. I do not attend church. I am not very interested in politics. ",Donald Trump
1,2,3,22,2,2,2,hispanic,woman,22,liberal,do not attend church,somewhat,"Racially, I am hispanic. I am a woman. I am 22 years old. Ideologically, I am liberal. I do not attend church. I am somewhat interested in politics. ",Kamala Harris
2,1,1,80,6,2,2,white,man,80,conservative,do not attend church,somewhat,"Racially, I am white. I am a man. I am 80 years old. Ideologically, I am conservative. I do not attend church. I am somewhat interested in politics. ",Donald Trump
1,2,1,70,2,2,2,white,woman,70,liberal,do not attend church,somewhat,"Racially, I am white. I am a woman. I am 70 years old. Ideologically, I am liberal. I do not attend church. I am somewhat interested in politics. ",Kamala Harris
1,1,3,25,2,3,1,hispanic,man,25,liberal,attend church,not very,"Racially, I am hispanic. I am a man. I am 25 years old. Ideologically, I am liberal. I attend church. I am not very interested in politics. ",Kamala Harris
1,2,1,23,1,1,2,white,woman,23,extremely liberal,do not attend church,very,"Racially, I am white. I am a woman. I am 23 years old. Ideologically, I am extremely liberal. I do not attend church. I am very interested in politics. ",Kamala Harris
2,1,1,67,4,2,1,white,man,67,moderate,attend church,somewhat,"Racially, I am white. I am a man. I am 67 years old. Ideologically, I am moderate. I attend church. I am somewhat interested in politics. ",Donald Trump
2,2,1,47,4,4,1,white,woman,47,moderate,attend church,not at all,"Racially, I am white. I am a woman. I am 47 years old. Ideologically, I am moderate. I attend church. I am not at all interested in politics. ",Donald Trump
1,2,1,28,2,2,2,white,woman,28,liberal,do not attend church,somewhat,"Racially, I am white. I am a woman. I am 28 years old. Ideologically, I am liberal. I do not attend church. I am somewhat interested in politics. ",Kamala Harris
1,2,1,72,2,3,1,white,woman,72,liberal,attend church,not very,"Racially, I am white. I am a woman. I am 72 years old. Ideologically, I am liberal. I attend church. I am not very interested in politics. ",Kamala Harris
1,2,1,27,3,2,2,white,woman,27,slightly liberal,do not attend church,somewhat,"Racially, I am white. I am a woman. I am 27 years old. Ideologically, I am slightly liberal. I do not attend church. I am somewhat interested in politics. ",Kamala Harris
2,2,1,65,7,2,1,white,woman,65,extremely conservative,attend church,somewhat,"Racially, I am white. I am a woman. I am 65 years old. Ideologically, I am extremely conservative. I attend church. I am somewhat interested in politics. ",Donald Trump
2,1,1,37,6,3,1,white,man,37,conservative,attend church,not very,"Racially, I am white. I am a man. I am 37 years old. Ideologically, I am conservative. I attend church. I am not very interested in politics. ",Donald Trump
2,1,1,77,6,2,1,white,man,77,conservative,attend church,somewhat,"Racially, I am white. I am a man. I am 77 years old. Ideologically, I am conservative. I attend church. I am somewhat interested in politics. ",Donald Trump
2,1,1,45,5,2,1,white,man,45,slightly conservative,attend church,somewhat,"Racially, I am white. I am a man. I am 45 years old. Ideologically, I am slightly conservative. I attend church. I am somewhat interested in politics. ",Donald Trump
2,1,1,35,6,1,1,white,man,35,conservative,attend church,very,"Racially, I am white. I am a man. I am 35 years old. Ideologically, I am conservative. I attend church. I am very interested in politics. ",Donald Trump
2,2,1,63,6,2,2,white,woman,63,conservative,do not attend church,somewhat,"Racially, I am white. I am a woman. I am 63 years old. Ideologically, I am conservative. I do not attend church. I am somewhat interested in politics. ",Donald Trump
2,1,1,53,5,2,1,white,man,53,slightly conservative,attend church,somewhat,"Racially, I am white. I am a man. I am 53 years old. Ideologically, I am slightly conservative. I attend church. I am somewhat interested in politics. ",Donald Trump
1,1,1,70,3,1,1,white,man,70,slightly liberal,attend church,very,"Racially, I am white. I am a man. I am 70 years old. Ideologically, I am slightly liberal. I attend church. I am very interested in politics. ",Kamala Harris
2,2,1,22,6,2,1,white,woman,22,conservative,attend church,somewhat,"Racially, I am white. I am a woman. I am 22 years old. Ideologically, I am conservative. I attend church. I am somewhat interested in politics. ",Donald Trump
1,2,2,65,4,2,1,black,woman,65,moderate,attend church,somewhat,"Racially, I am black. I am a woman. I am 65 years old. Ideologically, I am moderate. I attend church. I am somewhat interested in politics. ",Kamala Harris
2,2,1,69,6,1,1,white,woman,69,conservative,attend church,very,"Racially, I am white. I am a woman. I am 69 years old. Ideologically, I am conservative. I attend church. I am very interested in politics. ",Donald Trump
1,2,2,80,4,2,1,black,woman,80,moderate,attend church,somewhat,"Racially, I am black. I am a woman. I am 80 years old. Ideologically, I am moderate. I attend church. I am somewhat interested in politics. ",Kamala Harris
1,2,3,34,2,2,1,hispanic,woman,34,liberal,attend church,somewhat,"Racially, I am hispanic. I am a woman. I am 34 years old. Ideologically, I am liberal. I attend church. I am somewhat interested in politics. ",Kamala Harris
1,1,1,30,1,2,2,white,man,30,extremely liberal,do not attend church,somewhat,"Racially, I am white. I am a man. I am 30 years old. Ideologically, I am extremely liberal. I do not attend church. I am somewhat interested in politics. ",Kamala Harris
1,2,1,55,4,1,2,white,woman,55,moderate,do not attend church,very,"Racially, I am white. I am a woman. I am 55 years old. Ideologically, I am moderate. I do not attend church. I am very interested in politics. ",Kamala Harris
1,2,1,49,3,2,1,white,woman,49,slightly liberal,attend church,somewhat,"Racially, I am white. I am a woman. I am 49 years old. Ideologically, I am slightly liberal. I attend church. I am somewhat interested in politics. ",Kamala Harris
1,2,1,70,2,2,1,white,woman,70,liberal,attend church,somewhat,"Racially, I am white. I am a woman. I am 70 years old. Ideologically, I am liberal. I attend church. I am somewhat interested in politics. ",Kamala Harris
2,2,1,69,6,3,1,white,woman,69,conservative,attend church,not very,"Racially, I am white. I am a woman. I am 69 years old. Ideologically, I am conservative. I attend church. I am not very interested in politics. ",Donald Trump
1,2,1,69,1,1,2,white,woman,69,extremely liberal,do not attend church,very,"Racially, I am white. I am a woman. I am 69 years old. Ideologically, I am extremely liberal. I do not attend church. I am very interested in politics. ",Kamala Harris
2,1,1,71,7,2,2,white,man,71,extremely conservative,do not attend church,somewhat,"Racially, I am white. I am a man. I am 71 years old. Ideologically, I am extremely conservative. I do not attend church. I am somewhat interested in politics. ",Donald Trump
2,1,1,51,6,2,2,white,man,51,conservative,do not attend church,somewhat,"Racially, I am white. I am a man. I am 51 years old. Ideologically, I am conservative. I do not attend church. I am somewhat interested in politics. ",Donald Trump
1,1,1,73,2,1,2,white,man,73,liberal,do not attend church,very,"Racially, I am white. I am a man. I am 73 years old. Ideologically, I am liberal. I do not attend church. I am very interested in politics. ",Kamala Harris
2,1,1,28,7,1,1,white,man,28,extremely conservative,attend church,very,"Racially, I am white. I am a man. I am 28 years old. Ideologically, I am extremely conservative. I attend church. I am very interested in politics. ",Donald Trump
1,1,1,65,4,2,1,white,man,65,moderate,attend church,somewhat,"Racially, I am white. I am a man. I am 65 years old. Ideologically, I am moderate. I attend church. I am somewhat interested in politics. ",Kamala Harris
1,2,6,48,7,3,2,mixed race,woman,48,extremely conservative,do not attend church,not very,"Racially, I am mixed race. I am a woman. I am 48 years old. Ideologically, I am extremely conservative. I do not attend church. I am not very interested in politics. ",Kamala Harris
2,2,1,32,5,2,1,white,woman,32,slightly conservative,attend church,somewhat,"Racially, I am white. I am a woman. I am 32 years old. Ideologically, I am slightly conservative. I attend church. I am somewhat interested in politics. ",Donald Trump
1,2,1,70,2,1,1,white,woman,70,liberal,attend church,very,"Racially, I am white. I am a woman. I am 70 years old. Ideologically, I am liberal. I attend church. I am very interested in politics. ",Kamala Harris
1,1,1,49,5,1,2,white,man,49,slightly conservative,do not attend church,very,"Racially, I am white. I am a man. I am 49 years old. Ideologically, I am slightly conservative. I do not attend church. I am very interested in politics. ",Kamala Harris
1,2,6,31,2,1,2,mixed race,woman,31,liberal,do not attend church,very,"Racially, I am mixed race. I am a woman. I am 31 years old. Ideologically, I am liberal. I do not attend church. I am very interested in politics. ",Kamala Harris
1,1,1,35,2,2,2,white,man,35,liberal,do not attend church,somewhat,"Racially, I am white. I am a man. I am 35 years old. Ideologically, I am liberal. I do not attend church. I am somewhat interested in politics. ",Kamala Harris
1,1,1,47,4,1,2,white,man,47,moderate,do not attend church,very,"Racially, I am white. I am a man. I am 47 years old. Ideologically, I am moderate. I do not attend church. I am very interested in politics. ",Kamala Harris
2,2,1,68,5,2,1,white,woman,68,slightly conservative,attend church,somewhat,"Racially, I am white. I am a woman. I am 68 years old. Ideologically, I am slightly conservative. I attend church. I am somewhat interested in politics. ",Donald Trump
1,1,1,64,3,2,2,white,man,64,slightly liberal,do not attend church,somewhat,"Racially, I am white. I am a man. I am 64 years old. Ideologically, I am slightly liberal. I do not attend church. I am somewhat interested in politics. ",Kamala Harris
2,2,1,80,7,1,1,white,woman,80,extremely conservative,attend church,very,"Racially, I am white. I am a woman. I am 80 years old. Ideologically, I am extremely conservative. I attend church. I am very interested in politics. ",Donald Trump
1,2,6,50,4,2,2,mixed race,woman,50,moderate,do not attend church,somewhat,"Racially, I am mixed race. I am a woman. I am 50 years old. Ideologically, I am moderate. I do not attend church. I am somewhat interested in politics. ",Kamala Harris
2,2,6,68,7,2,1,mixed race,woman,68,extremely conservative,attend church,somewhat,"Racially, I am mixed race. I am a woman. I am 68 years old. Ideologically, I am extremely conservative. I attend church. I am somewhat interested in politics. ",Donald Trump
2,2,1,45,4,2,1,white,woman,45,moderate,attend church,somewhat,"Racially, I am white. I am a woman. I am 45 years old. Ideologically, I am moderate. I attend church. I am somewhat interested in politics. ",Donald Trump
1,1,4,28,2,3,1,asian,man,28,liberal,attend church,not very,"Racially, I am asian. I am a man. I am 28 years old. Ideologically, I am liberal. I attend church. I am not very interested in politics. ",Kamala Harris
1,2,4,80,1,1,1,asian,woman,80,extremely liberal,attend church,very,"Racially, I am asian. I am a woman. I am 80 years old. Ideologically, I am extremely liberal. I attend church. I am very interested in politics. ",Kamala Harris
1,2,1,53,2,1,2,white,woman,53,liberal,do not attend church,very,"Racially, I am white. I am a woman. I am 53 years old. Ideologically, I am liberal. I do not attend church. I am very interested in politics. ",Kamala Harris
1,2,1,57,5,2,2,white,woman,57,slightly conservative,do not attend church,somewhat,"Racially, I am white. I am a woman. I am 57 years old. Ideologically, I am slightly conservative. I do not attend church. I am somewhat interested in politics. ",Kamala Harris
2,2,1,80,5,1,1,white,woman,80,slightly conservative,attend church,very,"Racially, I am white. I am a woman. I am 80 years old. Ideologically, I am slightly conservative. I attend church. I am very interested in politics. ",Donald Trump
2,2,3,58,6,2,2,hispanic,woman,58,conservative,do not attend church,somewhat,"Racially, I am hispanic. I am a woman. I am 58 years old. Ideologically, I am conservative. I do not attend church. I am somewhat interested in politics. ",Donald Trump
1,2,2,65,5,2,1,black,woman,65,slightly conservative,attend church,somewhat,"Racially, I am black. I am a woman. I am 65 years old. Ideologically, I am slightly conservative. I attend church. I am somewhat interested in politics. ",Kamala Harris
1,2,1,30,2,1,1,white,woman,30,liberal,attend church,very,"Racially, I am white. I am a woman. I am 30 years old. Ideologically, I am liberal. I attend church. I am very interested in politics. ",Kamala Harris
2,1,1,74,7,1,1,white,man,74,extremely conservative,attend church,very,"Racially, I am white. I am a man. I am 74 years old. Ideologically, I am extremely conservative. I attend church. I am very interested in politics. ",Donald Trump
2,2,1,76,6,1,2,white,woman,76,conservative,do not attend church,very,"Racially, I am white. I am a woman. I am 76 years old. Ideologically, I am conservative. I do not attend church. I am very interested in politics. ",Donald Trump
2,1,1,68,6,2,1,white,man,68,conservative,attend church,somewhat,"Racially, I am white. I am a man. I am 68 years old. Ideologically, I am conservative. I attend church. I am somewhat interested in politics. ",Donald Trump
2,2,1,66,5,3,2,white,woman,66,slightly conservative,do not attend church,not very,"Racially, I am white. I am a woman. I am 66 years old. Ideologically, I am slightly conservative. I do not attend church. I am not very interested in politics. ",Donald Trump
1,1,1,57,2,3,2,white,man,57,liberal,do not attend church,not very,"Racially, I am white. I am a man. I am 57 years old. Ideologically, I am liberal. I do not attend church. I am not very interested in politics. ",Kamala Harris
1,1,1,72,1,2,2,white,man,72,extremely liberal,do not attend church,somewhat,"Racially, I am white. I am a man. I am 72 years old. Ideologically, I am extremely liberal. I do not attend church. I am somewhat interested in politics. ",Kamala Harris
1,2,1,79,5,4,2,white,woman,79,slightly conservative,do not attend church,not at all,"Racially, I am white. I am a woman. I am 79 years old. Ideologically, I am slightly conservative. I do not attend church. I am not at all interested in politics. ",Kamala Harris
1,1,1,46,3,4,2,white,man,46,slightly liberal,do not attend church,not at all,"Racially, I am white. I am a man. I am 46 years old. Ideologically, I am slightly liberal. I do not attend church. I am not at all interested in politics. ",Kamala Harris
1,2,1,58,4,1,2,white,woman,58,moderate,do not attend church,very,"Racially, I am white. I am a woman. I am 58 years old. Ideologically, I am moderate. I do not attend church. I am very interested in politics. ",Kamala Harris
2,2,1,67,6,2,1,white,woman,67,conservative,attend church,somewhat,"Racially, I am white. I am a woman. I am 67 years old. Ideologically, I am conservative. I attend church. I am somewhat interested in politics. ",Donald Trump
1,2,3,47,4,3,1,hispanic,woman,47,moderate,attend church,not very,"Racially, I am hispanic. I am a woman. I am 47 years old. Ideologically, I am moderate. I attend church. I am not very interested in politics. ",Kamala Harris
1,2,1,41,4,3,1,white,woman,41,moderate,attend church,not very,"Racially, I am white. I am a woman. I am 41 years old. Ideologically, I am moderate. I attend church. I am not very interested in politics. ",Kamala Harris
1,1,2,62,2,2,2,black,man,62,liberal,do not attend church,somewhat,"Racially, I am black. I am a man. I am 62 years old. Ideologically, I am liberal. I do not attend church. I am somewhat interested in politics. ",Kamala Harris
2,2,1,66,7,1,1,white,woman,66,extremely conservative,attend church,very,"Racially, I am white. I am a woman. I am 66 years old. Ideologically, I am extremely conservative. I attend church. I am very interested in politics. ",Donald Trump
1,1,1,32,3,3,2,white,man,32,slightly liberal,do not attend church,not very,"Racially, I am white. I am a man. I am 32 years old. Ideologically, I am slightly liberal. I do not attend church. I am not very interested in politics. ",Kamala Harris
2,1,1,69,6,2,2,white,man,69,conservative,do not attend church,somewhat,"Racially, I am white. I am a man. I am 69 years old. Ideologically, I am conservative. I do not attend church. I am somewhat interested in politics. ",Donald Trump
1,1,1,54,1,2,2,white,man,54,extremely liberal,do not attend church,somewhat,"Racially, I am white. I am a man. I am 54 years old. Ideologically, I am extremely liberal. I do not attend church. I am somewhat interested in politics. ",Kamala Harris
1,1,1,68,3,2,1,white,man,68,slightly liberal,attend church,somewhat,"Racially, I am white. I am a man. I am 68 years old. Ideologically, I am slightly liberal. I attend church. I am somewhat interested in politics. ",Kamala Harris
2,2,1,54,6,3,2,white,woman,54,conservative,do not attend church,not very,"Racially, I am white. I am a woman. I am 54 years old. Ideologically, I am conservative. I do not attend church. I am not very interested in politics. ",Donald Trump
1,2,1,72,3,2,2,white,woman,72,slightly liberal,do not attend church,somewhat,"Racially, I am white. I am a woman. I am 72 years old. Ideologically, I am slightly liberal. I do not attend church. I am somewhat interested in politics. ",Kamala Harris
1,1,1,23,3,2,1,white,man,23,slightly liberal,attend church,somewhat,"Racially, I am white. I am a man. I am 23 years old. Ideologically, I am slightly liberal. I attend church. I am somewhat interested in politics. ",Kamala Harris
1,1,1,77,2,2,1,white,man,77,liberal,attend church,somewhat,"Racially, I am white. I am a man. I am 77 years old. Ideologically, I am liberal. I attend church. I am somewhat interested in politics. ",Kamala Harris
2,2,1,71,4,2,1,white,woman,71,moderate,attend church,somewhat,"Racially, I am white. I am a woman. I am 71 years old. Ideologically, I am moderate. I attend church. I am somewhat interested in politics. ",Donald Trump
1,2,1,32,3,4,1,white,woman,32,slightly liberal,attend church,not at all,"Racially, I am white. I am a woman. I am 32 years old. Ideologically, I am slightly liberal. I attend church. I am not at all interested in politics. ",Kamala Harris
2,2,1,61,6,3,2,white,woman,61,conservative,do not attend church,not very,"Racially, I am white. I am a woman. I am 61 years old. Ideologically, I am conservative. I do not attend church. I am not very interested in politics. ",Donald Trump
1,1,1,78,2,1,1,white,man,78,liberal,attend church,very,"Racially, I am white. I am a man. I am 78 years old. Ideologically, I am liberal. I attend church. I am very interested in politics. ",Kamala Harris
2,2,1,43,5,3,1,white,woman,43,slightly conservative,attend church,not very,"Racially, I am white. I am a woman. I am 43 years old. Ideologically, I am slightly conservative. I attend church. I am not very interested in politics. ",Donald Trump
2,1,1,59,7,1,2,white,man,59,extremely conservative,do not attend church,very,"Racially, I am white. I am a man. I am 59 years old. Ideologically, I am extremely conservative. I do not attend church. I am very interested in politics. ",Donald Trump
1,2,1,80,2,1,1,white,woman,80,liberal,attend church,very,"Racially, I am white. I am a woman. I am 80 years old. Ideologically, I am liberal. I attend church. I am very interested in politics. ",Kamala Harris
1,1,2,57,2,1,1,black,man,57,liberal,attend church,very,"Racially, I am black. I am a man. I am 57 years old. Ideologically, I am liberal. I attend church. I am very interested in politics. ",Kamala Harris
1,2,1,80,1,1,1,white,woman,80,extremely liberal,attend church,very,"Racially, I am white. I am a woman. I am 80 years old. Ideologically, I am extremely liberal. I attend church. I am very interested in politics. ",Kamala Harris
1,1,1,61,2,1,2,white,man,61,liberal,do not attend church,very,"Racially, I am white. I am a man. I am 61 years old. Ideologically, I am liberal. I do not attend church. I am very interested in politics. ",Kamala Harris
2,2,1,45,4,3,1,white,woman,45,moderate,attend church,not very,"Racially, I am white. I am a woman. I am 45 years old. Ideologically, I am moderate. I attend church. I am not very interested in politics. ",Donald Trump
2,1,1,68,6,2,2,white,man,68,conservative,do not attend church,somewhat,"Racially, I am white. I am a man. I am 68 years old. Ideologically, I am conservative. I do not attend church. I am somewhat interested in politics. ",Donald Trump
1,1,1,50,2,2,1,white,man,50,liberal,attend church,somewhat,"Racially, I am white. I am a man. I am 50 years old. Ideologically, I am liberal. I attend church. I am somewhat interested in politics. ",Kamala Harris
1,2,2,55,3,2,1,black,woman,55,slightly liberal,attend church,somewhat,"Racially, I am black. I am a woman. I am 55 years old. Ideologically, I am slightly liberal. I attend church. I am somewhat interested in politics. ",Kamala Harris
2,1,1,80,7,1,1,white,man,80,extremely conservative,attend church,very,"Racially, I am white. I am a man. I am 80 years old. Ideologically, I am extremely conservative. I attend church. I am very interested in politics. ",Donald Trump
1,1,1,56,3,1,1,white,man,56,slightly liberal,attend church,very,"Racially, I am white. I am a man. I am 56 years old. Ideologically, I am slightly liberal. I attend church. I am very interested in politics. ",Kamala Harris
1,2,1,48,3,1,2,white,woman,48,slightly liberal,do not attend church,very,"Racially, I am white. I am a woman. I am 48 years old. Ideologically, I am slightly liberal. I do not attend church. I am very interested in politics. ",Kamala Harris
1,1,1,80,2,1,1,white,man,80,liberal,attend church,very,"Racially, I am white. I am a man. I am 80 years old. Ideologically, I am liberal. I attend church. I am very interested in politics. ",Kamala Harris
1,2,2,63,2,3,1,black,woman,63,liberal,attend church,not very,"Racially, I am black. I am a woman. I am 63 years old. Ideologically, I am liberal. I attend church. I am not very interested in politics. ",Kamala Harris
1,1,1,64,3,2,1,white,man,64,slightly liberal,attend church,somewhat,"Racially, I am white. I am a man. I am 64 years old. Ideologically, I am slightly liberal. I attend church. I am somewhat interested in politics. ",Kamala Harris
1,1,1,58,5,2,2,white,man,58,slightly conservative,do not attend church,somewhat,"Racially, I am white. I am a man. I am 58 years old. Ideologically, I am slightly conservative. I do not attend church. I am somewhat interested in politics. ",Kamala Harris
1,2,1,47,4,3,1,white,woman,47,moderate,attend church,not very,"Racially, I am white. I am a woman. I am 47 years old. Ideologically, I am moderate. I attend church. I am not very interested in politics. ",Kamala Harris
2,2,1,54,5,2,2,white,woman,54,slightly conservative,do not attend church,somewhat,"Racially, I am white. I am a woman. I am 54 years old. Ideologically, I am slightly conservative. I do not attend church. I am somewhat interested in politics. ",Donald Trump
2,2,1,38,3,2,1,white,woman,38,slightly liberal,attend church,somewhat,"Racially, I am white. I am a woman. I am 38 years old. Ideologically, I am slightly liberal. I attend church. I am somewhat interested in politics. ",Donald Trump
2,2,1,58,4,3,1,white,woman,58,moderate,attend church,not very,"Racially, I am white. I am a woman. I am 58 years old. Ideologically, I am moderate. I attend church. I am not very interested in politics. ",Donald Trump
2,2,1,48,5,4,1,white,woman,48,slightly conservative,attend church,not at all,"Racially, I am white. I am a woman. I am 48 years old. Ideologically, I am slightly conservative. I attend church. I am not at all interested in politics. ",Donald Trump
1,2,4,80,3,2,1,asian,woman,80,slightly liberal,attend church,somewhat,"Racially, I am asian. I am a woman. I am 80 years old. Ideologically, I am slightly liberal. I attend church. I am somewhat interested in politics. ",Kamala Harris
1,1,1,32,4,1,2,white,man,32,moderate,do not attend church,very,"Racially, I am white. I am a man. I am 32 years old. Ideologically, I am moderate. I do not attend church. I am very interested in politics. ",Kamala Harris
1,1,1,80,4,1,1,white,man,80,moderate,attend church,very,"Racially, I am white. I am a man. I am 80 years old. Ideologically, I am moderate. I attend church. I am very interested in politics. ",Kamala Harris
2,2,2,49,5,2,2,black,woman,49,slightly conservative,do not attend church,somewhat,"Racially, I am black. I am a woman. I am 49 years old. Ideologically, I am slightly conservative. I do not attend church. I am somewhat interested in politics. ",Donald Trump
1,1,1,48,3,2,1,white,man,48,slightly liberal,attend church,somewhat,"Racially, I am white. I am a man. I am 48 years old. Ideologically, I am slightly liberal. I attend church. I am somewhat interested in politics. ",Kamala Harris
1,1,1,38,2,3,2,white,man,38,liberal,do not attend church,not very,"Racially, I am white. I am a man. I am 38 years old. Ideologically, I am liberal. I do not attend church. I am not very interested in politics. ",Kamala Harris
1,2,2,70,4,2,1,black,woman,70,moderate,attend church,somewhat,"Racially, I am black. I am a woman. I am 70 years old. Ideologically, I am moderate. I attend church. I am somewhat interested in politics. ",Kamala Harris
1,1,1,32,3,2,1,white,man,32,slightly liberal,attend church,somewhat,"Racially, I am white. I am a man. I am 32 years old. Ideologically, I am slightly liberal. I attend church. I am somewhat interested in politics. ",Kamala Harris
1,1,1,49,2,2,2,white,man,49,liberal,do not attend church,somewhat,"Racially, I am white. I am a man. I am 49 years old. Ideologically, I am liberal. I do not attend church. I am somewhat interested in politics. ",Kamala Harris
1,2,1,78,2,1,2,white,woman,78,liberal,do not attend church,very,"Racially, I am white. I am a woman. I am 78 years old. Ideologically, I am liberal. I do not attend church. I am very interested in politics. ",Kamala Harris
1,2,1,80,2,1,1,white,woman,80,liberal,attend church,very,"Racially, I am white. I am a woman. I am 80 years old. Ideologically, I am liberal. I attend church. I am very interested in politics. ",Kamala Harris
2,1,1,25,6,4,1,white,man,25,conservative,attend church,not at all,"Racially, I am white. I am a man. I am 25 years old. Ideologically, I am conservative. I attend church. I am not at all interested in politics. ",Donald Trump
1,2,1,45,2,2,1,white,woman,45,liberal,attend church,somewhat,"Racially, I am white. I am a woman. I am 45 years old. Ideologically, I am liberal. I attend church. I am somewhat interested in politics. ",Kamala Harris
1,1,1,48,4,3,1,white,man,48,moderate,attend church,not very,"Racially, I am white. I am a man. I am 48 years old. Ideologically, I am moderate. I attend church. I am not very interested in politics. ",Kamala Harris
1,2,1,53,2,2,2,white,woman,53,liberal,do not attend church,somewhat,"Racially, I am white. I am a woman. I am 53 years old. Ideologically, I am liberal. I do not attend church. I am somewhat interested in politics. ",Kamala Harris
2,2,6,61,7,3,2,mixed race,woman,61,extremely conservative,do not attend church,not very,"Racially, I am mixed race. I am a woman. I am 61 years old. Ideologically, I am extremely conservative. I do not attend church. I am not very interested in politics. ",Donald Trump
2,2,1,67,6,2,2,white,woman,67,conservative,do not attend church,somewhat,"Racially, I am white. I am a woman. I am 67 years old. Ideologically, I am conservative. I do not attend church. I am somewhat interested in politics. ",Donald Trump
2,2,1,41,6,1,2,white,woman,41,conservative,do not attend church,very,"Racially, I am white. I am a woman. I am 41 years old. Ideologically, I am conservative. I do not attend church. I am very interested in politics. ",Donald Trump
1,2,4,46,2,1,2,asian,woman,46,liberal,do not attend church,very,"Racially, I am asian. I am a woman. I am 46 years old. Ideologically, I am liberal. I do not attend church. I am very interested in politics. ",Kamala Harris
2,1,1,48,4,2,1,white,man,48,moderate,attend church,somewhat,"Racially, I am white. I am a man. I am 48 years old. Ideologically, I am moderate. I attend church. I am somewhat interested in politics. ",Donald Trump
1,2,3,34,3,3,2,hispanic,woman,34,slightly liberal,do not attend church,not very,"Racially, I am hispanic. I am a woman. I am 34 years old. Ideologically, I am slightly liberal. I do not attend church. I am not very interested in politics. ",Kamala Harris
1,2,6,48,1,1,1,mixed race,woman,48,extremely liberal,attend church,very,"Racially, I am mixed race. I am a woman. I am 48 years old. Ideologically, I am extremely liberal. I attend church. I am very interested in politics. ",Kamala Harris
1,2,1,45,2,1,2,white,woman,45,liberal,do not attend church,very,"Racially, I am white. I am a woman. I am 45 years old. Ideologically, I am liberal. I do not attend church. I am very interested in politics. ",Kamala Harris
2,1,1,80,6,1,1,white,man,80,conservative,attend church,very,"Racially, I am white. I am a man. I am 80 years old. Ideologically, I am conservative. I attend church. I am very interested in politics. ",Donald Trump
2,1,1,80,6,1,2,white,man,80,conservative,do not attend church,very,"Racially, I am white. I am a man. I am 80 years old. Ideologically, I am conservative. I do not attend church. I am very interested in politics. ",Donald Trump
2,1,5,42,7,1,2,native American,man,42,extremely conservative,do not attend church,very,"Racially, I am native American. I am a man. I am 42 years old. Ideologically, I am extremely conservative. I do not attend church. I am very interested in politics. ",Donald Trump
1,1,1,39,5,3,2,white,man,39,slightly conservative,do not attend church,not very,"Racially, I am white. I am a man. I am 39 years old. Ideologically, I am slightly conservative. I do not attend church. I am not very interested in politics. ",Kamala Harris
1,1,1,64,2,2,1,white,man,64,liberal,attend church,somewhat,"Racially, I am white. I am a man. I am 64 years old. Ideologically, I am liberal. I attend church. I am somewhat interested in politics. ",Kamala Harris
1,2,1,74,4,1,1,white,woman,74,moderate,attend church,very,"Racially, I am white. I am a woman. I am 74 years old. Ideologically, I am moderate. I attend church. I am very interested in politics. ",Kamala Harris
1,1,1,42,1,1,2,white,man,42,extremely liberal,do not attend church,very,"Racially, I am white. I am a man. I am 42 years old. Ideologically, I am extremely liberal. I do not attend church. I am very interested in politics. ",Kamala Harris
1,1,1,27,2,1,2,white,man,27,liberal,do not attend church,very,"Racially, I am white. I am a man. I am 27 years old. Ideologically, I am liberal. I do not attend church. I am very interested in politics. ",Kamala Harris
1,1,1,44,3,3,2,white,man,44,slightly liberal,do not attend church,not very,"Racially, I am white. I am a man. I am 44 years old. Ideologically, I am slightly liberal. I do not attend church. I am not very interested in politics. ",Kamala Harris
1,2,4,24,2,2,2,asian,woman,24,liberal,do not attend church,somewhat,"Racially, I am asian. I am a woman. I am 24 years old. Ideologically, I am liberal. I do not attend church. I am somewhat interested in politics. ",Kamala Harris
1,1,1,76,2,2,2,white,man,76,liberal,do not attend church,somewhat,"Racially, I am white. I am a man. I am 76 years old. Ideologically, I am liberal. I do not attend church. I am somewhat interested in politics. ",Kamala Harris
2,2,1,42,6,2,1,white,woman,42,conservative,attend church,somewhat,"Racially, I am white. I am a woman. I am 42 years old. Ideologically, I am conservative. I attend church. I am somewhat interested in politics. ",Donald Trump
1,2,1,72,3,2,1,white,woman,72,slightly liberal,attend church,somewhat,"Racially, I am white. I am a woman. I am 72 years old. Ideologically, I am slightly liberal. I attend church. I am somewhat interested in politics. ",Kamala Harris
1,1,1,69,2,2,2,white,man,69,liberal,do not attend church,somewhat,"Racially, I am white. I am a man. I am 69 years old. Ideologically, I am liberal. I do not attend church. I am somewhat interested in politics. ",Kamala Harris
2,1,4,55,2,2,2,asian,man,55,liberal,do not attend church,somewhat,"Racially, I am asian. I am a man. I am 55 years old. Ideologically, I am liberal. I do not attend church. I am somewhat interested in politics. ",Donald Trump
1,1,1,42,2,2,2,white,man,42,liberal,do not attend church,somewhat,"Racially, I am white. I am a man. I am 42 years old. Ideologically, I am liberal. I do not attend church. I am somewhat interested in politics. ",Kamala Harris
2,1,2,80,4,1,1,black,man,80,moderate,attend church,very,"Racially, I am black. I am a man. I am 80 years old. Ideologically, I am moderate. I attend church. I am very interested in politics. ",Donald Trump
1,1,1,64,2,1,2,white,man,64,liberal,do not attend church,very,"Racially, I am white. I am a man. I am 64 years old. Ideologically, I am liberal. I do not attend church. I am very interested in politics. ",Kamala Harris
1,2,1,55,3,2,2,white,woman,55,slightly liberal,do not attend church,somewhat,"Racially, I am white. I am a woman. I am 55 years old. Ideologically, I am slightly liberal. I do not attend church. I am somewhat interested in politics. ",Kamala Harris
1,2,1,50,2,1,2,white,woman,50,liberal,do not attend church,very,"Racially, I am white. I am a woman. I am 50 years old. Ideologically, I am liberal. I do not attend church. I am very interested in politics. ",Kamala Harris
2,2,3,43,6,1,2,hispanic,woman,43,conservative,do not attend church,very,"Racially, I am hispanic. I am a woman. I am 43 years old. Ideologically, I am conservative. I do not attend church. I am very interested in politics. ",Donald Trump
1,1,1,80,3,2,2,white,man,80,slightly liberal,do not attend church,somewhat,"Racially, I am white. I am a man. I am 80 years old. Ideologically, I am slightly liberal. I do not attend church. I am somewhat interested in politics. ",Kamala Harris
1,2,1,41,2,2,2,white,woman,41,liberal,do not attend church,somewhat,"Racially, I am white. I am a woman. I am 41 years old. Ideologically, I am liberal. I do not attend church. I am somewhat interested in politics. ",Kamala Harris
2,1,1,68,6,2,2,white,man,68,conservative,do not attend church,somewhat,"Racially, I am white. I am a man. I am 68 years old. Ideologically, I am conservative. I do not attend church. I am somewhat interested in politics. ",Donald Trump
2,2,1,55,5,2,1,white,woman,55,slightly conservative,attend church,somewhat,"Racially, I am white. I am a woman. I am 55 years old. Ideologically, I am slightly conservative. I attend church. I am somewhat interested in politics. ",Donald Trump
2,2,1,72,7,2,1,white,woman,72,extremely conservative,attend church,somewhat,"Racially, I am white. I am a woman. I am 72 years old. Ideologically, I am extremely conservative. I attend church. I am somewhat interested in politics. ",Donald Trump
1,2,2,74,2,1,1,black,woman,74,liberal,attend church,very,"Racially, I am black. I am a woman. I am 74 years old. Ideologically, I am liberal. I attend church. I am very interested in politics. ",Kamala Harris
2,1,1,51,5,3,1,white,man,51,slightly conservative,attend church,not very,"Racially, I am white. I am a man. I am 51 years old. Ideologically, I am slightly conservative. I attend church. I am not very interested in politics. ",Donald Trump
1,2,4,31,2,2,2,asian,woman,31,liberal,do not attend church,somewhat,"Racially, I am asian. I am a woman. I am 31 years old. Ideologically, I am liberal. I do not attend church. I am somewhat interested in politics. ",Kamala Harris
2,2,1,80,5,2,1,white,woman,80,slightly conservative,attend church,somewhat,"Racially, I am white. I am a woman. I am 80 years old. Ideologically, I am slightly conservative. I attend church. I am somewhat interested in politics. ",Donald Trump
2,2,1,41,4,3,1,white,woman,41,moderate,attend church,not very,"Racially, I am white. I am a woman. I am 41 years old. Ideologically, I am moderate. I attend church. I am not very interested in politics. ",Donald Trump
2,1,1,63,4,2,2,white,man,63,moderate,do not attend church,somewhat,"Racially, I am white. I am a man. I am 63 years old. Ideologically, I am moderate. I do not attend church. I am somewhat interested in politics. ",Donald Trump
1,1,1,47,3,3,2,white,man,47,slightly liberal,do not attend church,not very,"Racially, I am white. I am a man. I am 47 years old. Ideologically, I am slightly liberal. I do not attend church. I am not very interested in politics. ",Kamala Harris
2,1,6,26,6,2,1,mixed race,man,26,conservative,attend church,somewhat,"Racially, I am mixed race. I am a man. I am 26 years old. Ideologically, I am conservative. I attend church. I am somewhat interested in politics. ",Donald Trump
1,2,1,66,2,2,2,white,woman,66,liberal,do not attend church,somewhat,"Racially, I am white. I am a woman. I am 66 years old. Ideologically, I am liberal. I do not attend church. I am somewhat interested in politics. ",Kamala Harris
1,1,1,38,4,2,1,white,man,38,moderate,attend church,somewhat,"Racially, I am white. I am a man. I am 38 years old. Ideologically, I am moderate. I attend church. I am somewhat interested in politics. ",Kamala Harris
2,2,1,43,6,2,1,white,woman,43,conservative,attend church,somewhat,"Racially, I am white. I am a woman. I am 43 years old. Ideologically, I am conservative. I attend church. I am somewhat interested in politics. ",Donald Trump
1,2,1,42,2,2,2,white,woman,42,liberal,do not attend church,somewhat,"Racially, I am white. I am a woman. I am 42 years old. Ideologically, I am liberal. I do not attend church. I am somewhat interested in politics. ",Kamala Harris
1,2,1,47,4,2,1,white,woman,47,moderate,attend church,somewhat,"Racially, I am white. I am a woman. I am 47 years old. Ideologically, I am moderate. I attend church. I am somewhat interested in politics. ",Kamala Harris
1,1,1,46,2,1,2,white,man,46,liberal,do not attend church,very,"Racially, I am white. I am a man. I am 46 years old. Ideologically, I am liberal. I do not attend church. I am very interested in politics. ",Kamala Harris
1,2,1,60,4,3,2,white,woman,60,moderate,do not attend church,not very,"Racially, I am white. I am a woman. I am 60 years old. Ideologically, I am moderate. I do not attend church. I am not very interested in politics. ",Kamala Harris
2,2,1,69,6,3,1,white,woman,69,conservative,attend church,not very,"Racially, I am white. I am a woman. I am 69 years old. Ideologically, I am conservative. I attend church. I am not very interested in politics. ",Donald Trump
1,2,1,62,1,1,2,white,woman,62,extremely liberal,do not attend church,very,"Racially, I am white. I am a woman. I am 62 years old. Ideologically, I am extremely liberal. I do not attend church. I am very interested in politics. ",Kamala Harris
2,2,6,45,2,2,2,mixed race,woman,45,liberal,do not attend church,somewhat,"Racially, I am mixed race. I am a woman. I am 45 years old. Ideologically, I am liberal. I do not attend church. I am somewhat interested in politics. ",Donald Trump
1,1,1,78,2,2,2,white,man,78,liberal,do not attend church,somewhat,"Racially, I am white. I am a man. I am 78 years old. Ideologically, I am liberal. I do not attend church. I am somewhat interested in politics. ",Kamala Harris
2,2,1,80,7,1,1,white,woman,80,extremely conservative,attend church,very,"Racially, I am white. I am a woman. I am 80 years old. Ideologically, I am extremely conservative. I attend church. I am very interested in politics. ",Donald Trump
1,2,1,62,2,2,2,white,woman,62,liberal,do not attend church,somewhat,"Racially, I am white. I am a woman. I am 62 years old. Ideologically, I am liberal. I do not attend church. I am somewhat interested in politics. ",Kamala Harris
1,1,1,74,2,2,2,white,man,74,liberal,do not attend church,somewhat,"Racially, I am white. I am a man. I am 74 years old. Ideologically, I am liberal. I do not attend church. I am somewhat interested in politics. ",Kamala Harris
2,2,2,45,4,3,2,black,woman,45,moderate,do not attend church,not very,"Racially, I am black. I am a woman. I am 45 years old. Ideologically, I am moderate. I do not attend church. I am not very interested in politics. ",Donald Trump
1,1,3,39,2,1,2,hispanic,man,39,liberal,do not attend church,very,"Racially, I am hispanic. I am a man. I am 39 years old. Ideologically, I am liberal. I do not attend church. I am very interested in politics. ",Kamala Harris
1,1,3,68,6,2,1,hispanic,man,68,conservative,attend church,somewhat,"Racially, I am hispanic. I am a man. I am 68 years old. Ideologically, I am conservative. I attend church. I am somewhat interested in politics. ",Kamala Harris
1,1,1,80,2,1,2,white,man,80,liberal,do not attend church,very,"Racially, I am white. I am a man. I am 80 years old. Ideologically, I am liberal. I do not attend church. I am very interested in politics. ",Kamala Harris
2,2,1,72,6,2,1,white,woman,72,conservative,attend church,somewhat,"Racially, I am white. I am a woman. I am 72 years old. Ideologically, I am conservative. I attend church. I am somewhat interested in politics. ",Donald Trump
1,2,3,62,4,2,1,hispanic,woman,62,moderate,attend church,somewhat,"Racially, I am hispanic. I am a woman. I am 62 years old. Ideologically, I am moderate. I attend church. I am somewhat interested in politics. ",Kamala Harris
2,1,1,39,7,2,2,white,man,39,extremely conservative,do not attend church,somewhat,"Racially, I am white. I am a man. I am 39 years old. Ideologically, I am extremely conservative. I do not attend church. I am somewhat interested in politics. ",Donald Trump
2,1,1,52,6,3,1,white,man,52,conservative,attend church,not very,"Racially, I am white. I am a man. I am 52 years old. Ideologically, I am conservative. I attend church. I am not very interested in politics. ",Donald Trump
2,1,1,65,6,2,1,white,man,65,conservative,attend church,somewhat,"Racially, I am white. I am a man. I am 65 years old. Ideologically, I am conservative. I attend church. I am somewhat interested in politics. ",Donald Trump
1,2,1,72,2,2,1,white,woman,72,liberal,attend church,somewhat,"Racially, I am white. I am a woman. I am 72 years old. Ideologically, I am liberal. I attend church. I am somewhat interested in politics. ",Kamala Harris
1,2,1,68,2,3,2,white,woman,68,liberal,do not attend church,not very,"Racially, I am white. I am a woman. I am 68 years old. Ideologically, I am liberal. I do not attend church. I am not very interested in politics. ",Kamala Harris
2,1,1,58,6,2,1,white,man,58,conservative,attend church,somewhat,"Racially, I am white. I am a man. I am 58 years old. Ideologically, I am conservative. I attend church. I am somewhat interested in politics. ",Donald Trump
1,2,1,34,3,2,1,white,woman,34,slightly liberal,attend church,somewhat,"Racially, I am white. I am a woman. I am 34 years old. Ideologically, I am slightly liberal. I attend church. I am somewhat interested in politics. ",Kamala Harris
2,1,1,76,7,1,1,white,man,76,extremely conservative,attend church,very,"Racially, I am white. I am a man. I am 76 years old. Ideologically, I am extremely conservative. I attend church. I am very interested in politics. ",Donald Trump
2,2,1,55,6,2,1,white,woman,55,conservative,attend church,somewhat,"Racially, I am white. I am a woman. I am 55 years old. Ideologically, I am conservative. I attend church. I am somewhat interested in politics. ",Donald Trump
2,2,3,69,6,2,1,hispanic,woman,69,conservative,attend church,somewhat,"Racially, I am hispanic. I am a woman. I am 69 years old. Ideologically, I am conservative. I attend church. I am somewhat interested in politics. ",Donald Trump
1,1,1,49,2,3,1,white,man,49,liberal,attend church,not very,"Racially, I am white. I am a man. I am 49 years old. Ideologically, I am liberal. I attend church. I am not very interested in politics. ",Kamala Harris
1,2,1,50,2,3,2,white,woman,50,liberal,do not attend church,not very,"Racially, I am white. I am a woman. I am 50 years old. Ideologically, I am liberal. I do not attend church. I am not very interested in politics. ",Kamala Harris
1,2,2,71,2,2,1,black,woman,71,liberal,attend church,somewhat,"Racially, I am black. I am a woman. I am 71 years old. Ideologically, I am liberal. I attend church. I am somewhat interested in politics. ",Kamala Harris
2,2,1,67,6,2,1,white,woman,67,conservative,attend church,somewhat,"Racially, I am white. I am a woman. I am 67 years old. Ideologically, I am conservative. I attend church. I am somewhat interested in politics. ",Donald Trump
1,2,1,46,2,1,2,white,woman,46,liberal,do not attend church,very,"Racially, I am white. I am a woman. I am 46 years old. Ideologically, I am liberal. I do not attend church. I am very interested in politics. ",Kamala Harris
1,2,1,47,2,2,2,white,woman,47,liberal,do not attend church,somewhat,"Racially, I am white. I am a woman. I am 47 years old. Ideologically, I am liberal. I do not attend church. I am somewhat interested in politics. ",Kamala Harris
1,2,1,72,4,2,2,white,woman,72,moderate,do not attend church,somewhat,"Racially, I am white. I am a woman. I am 72 years old. Ideologically, I am moderate. I do not attend church. I am somewhat interested in politics. ",Kamala Harris
2,1,1,71,4,2,2,white,man,71,moderate,do not attend church,somewhat,"Racially, I am white. I am a man. I am 71 years old. Ideologically, I am moderate. I do not attend church. I am somewhat interested in politics. ",Donald Trump
2,1,1,63,6,2,2,white,man,63,conservative,do not attend church,somewhat,"Racially, I am white. I am a man. I am 63 years old. Ideologically, I am conservative. I do not attend church. I am somewhat interested in politics. ",Donald Trump
1,2,1,41,2,2,2,white,woman,41,liberal,do not attend church,somewhat,"Racially, I am white. I am a woman. I am 41 years old. Ideologically, I am liberal. I do not attend church. I am somewhat interested in politics. ",Kamala Harris
1,2,3,42,4,3,2,hispanic,woman,42,moderate,do not attend church,not very,"Racially, I am hispanic. I am a woman. I am 42 years old. Ideologically, I am moderate. I do not attend church. I am not very interested in politics. ",Kamala Harris
2,2,1,57,6,1,2,white,woman,57,conservative,do not attend church,very,"Racially, I am white. I am a woman. I am 57 years old. Ideologically, I am conservative. I do not attend church. I am very interested in politics. ",Donald Trump
2,2,1,51,5,2,2,white,woman,51,slightly conservative,do not attend church,somewhat,"Racially, I am white. I am a woman. I am 51 years old. Ideologically, I am slightly conservative. I do not attend church. I am somewhat interested in politics. ",Donald Trump
1,1,1,60,4,2,1,white,man,60,moderate,attend church,somewhat,"Racially, I am white. I am a man. I am 60 years old. Ideologically, I am moderate. I attend church. I am somewhat interested in politics. ",Kamala Harris
1,2,1,34,1,2,2,white,woman,34,extremely liberal,do not attend church,somewhat,"Racially, I am white. I am a woman. I am 34 years old. Ideologically, I am extremely liberal. I do not attend church. I am somewhat interested in politics. ",Kamala Harris
1,2,1,64,4,2,1,white,woman,64,moderate,attend church,somewhat,"Racially, I am white. I am a woman. I am 64 years old. Ideologically, I am moderate. I attend church. I am somewhat interested in politics. ",Kamala Harris
2,2,1,47,6,2,2,white,woman,47,conservative,do not attend church,somewhat,"Racially, I am white. I am a woman. I am 47 years old. Ideologically, I am conservative. I do not attend church. I am somewhat interested in politics. ",Donald Trump
2,2,1,47,5,2,2,white,woman,47,slightly conservative,do not attend church,somewhat,"Racially, I am white. I am a woman. I am 47 years old. Ideologically, I am slightly conservative. I do not attend church. I am somewhat interested in politics. ",Donald Trump
2,1,3,44,4,2,2,hispanic,man,44,moderate,do not attend church,somewhat,"Racially, I am hispanic. I am a man. I am 44 years old. Ideologically, I am moderate. I do not attend church. I am somewhat interested in politics. ",Donald Trump
2,1,3,36,7,2,1,hispanic,man,36,extremely conservative,attend church,somewhat,"Racially, I am hispanic. I am a man. I am 36 years old. Ideologically, I am extremely conservative. I attend church. I am somewhat interested in politics. ",Donald Trump
1,2,1,80,5,2,1,white,woman,80,slightly conservative,attend church,somewhat,"Racially, I am white. I am a woman. I am 80 years old. Ideologically, I am slightly conservative. I attend church. I am somewhat interested in politics. ",Kamala Harris
1,2,3,32,4,3,1,hispanic,woman,32,moderate,attend church,not very,"Racially, I am hispanic. I am a woman. I am 32 years old. Ideologically, I am moderate. I attend church. I am not very interested in politics. ",Kamala Harris
1,1,1,76,3,1,1,white,man,76,slightly liberal,attend church,very,"Racially, I am white. I am a man. I am 76 years old. Ideologically, I am slightly liberal. I attend church. I am very interested in politics. ",Kamala Harris
1,1,1,64,4,1,1,white,man,64,moderate,attend church,very,"Racially, I am white. I am a man. I am 64 years old. Ideologically, I am moderate. I attend church. I am very interested in politics. ",Kamala Harris
2,1,1,36,5,2,1,white,man,36,slightly conservative,attend church,somewhat,"Racially, I am white. I am a man. I am 36 years old. Ideologically, I am slightly conservative. I attend church. I am somewhat interested in politics. ",Donald Trump
2,1,1,73,6,1,2,white,man,73,conservative,do not attend church,very,"Racially, I am white. I am a man. I am 73 years old. Ideologically, I am conservative. I do not attend church. I am very interested in politics. ",Donald Trump
2,1,1,73,5,2,2,white,man,73,slightly conservative,do not attend church,somewhat,"Racially, I am white. I am a man. I am 73 years old. Ideologically, I am slightly conservative. I do not attend church. I am somewhat interested in politics. ",Donald Trump
2,1,1,47,6,2,2,white,man,47,conservative,do not attend church,somewhat,"Racially, I am white. I am a man. I am 47 years old. Ideologically, I am conservative. I do not attend church. I am somewhat interested in politics. ",Donald Trump
2,2,1,49,7,2,1,white,woman,49,extremely conservative,attend church,somewhat,"Racially, I am white. I am a woman. I am 49 years old. Ideologically, I am extremely conservative. I attend church. I am somewhat interested in politics. ",Donald Trump
1,2,6,61,2,1,2,mixed race,woman,61,liberal,do not attend church,very,"Racially, I am mixed race. I am a woman. I am 61 years old. Ideologically, I am liberal. I do not attend church. I am very interested in politics. ",Kamala Harris
1,2,1,27,3,3,2,white,woman,27,slightly liberal,do not attend church,not very,"Racially, I am white. I am a woman. I am 27 years old. Ideologically, I am slightly liberal. I do not attend church. I am not very interested in politics. ",Kamala Harris
1,2,1,33,2,2,2,white,woman,33,liberal,do not attend church,somewhat,"Racially, I am white. I am a woman. I am 33 years old. Ideologically, I am liberal. I do not attend church. I am somewhat interested in politics. ",Kamala Harris
1,1,1,56,3,3,1,white,man,56,slightly liberal,attend church,not very,"Racially, I am white. I am a man. I am 56 years old. Ideologically, I am slightly liberal. I attend church. I am not very interested in politics. ",Kamala Harris
2,1,3,75,5,1,2,hispanic,man,75,slightly conservative,do not attend church,very,"Racially, I am hispanic. I am a man. I am 75 years old. Ideologically, I am slightly conservative. I do not attend church. I am very interested in politics. ",Donald Trump
1,2,4,37,3,3,2,asian,woman,37,slightly liberal,do not attend church,not very,"Racially, I am asian. I am a woman. I am 37 years old. Ideologically, I am slightly liberal. I do not attend church. I am not very interested in politics. ",Kamala Harris
1,1,1,70,4,1,2,white,man,70,moderate,do not attend church,very,"Racially, I am white. I am a man. I am 70 years old. Ideologically, I am moderate. I do not attend church. I am very interested in politics. ",Kamala Harris
1,2,1,53,4,3,2,white,woman,53,moderate,do not attend church,not very,"Racially, I am white. I am a woman. I am 53 years old. Ideologically, I am moderate. I do not attend church. I am not very interested in politics. ",Kamala Harris
2,2,1,56,4,3,1,white,woman,56,moderate,attend church,not very,"Racially, I am white. I am a woman. I am 56 years old. Ideologically, I am moderate. I attend church. I am not very interested in politics. ",Donald Trump
1,2,1,29,1,3,2,white,woman,29,extremely liberal,do not attend church,not very,"Racially, I am white. I am a woman. I am 29 years old. Ideologically, I am extremely liberal. I do not attend church. I am not very interested in politics. ",Kamala Harris
2,1,1,68,6,2,1,white,man,68,conservative,attend church,somewhat,"Racially, I am white. I am a man. I am 68 years old. Ideologically, I am conservative. I attend church. I am somewhat interested in politics. ",Donald Trump
2,2,1,61,6,3,1,white,woman,61,conservative,attend church,not very,"Racially, I am white. I am a woman. I am 61 years old. Ideologically, I am conservative. I attend church. I am not very interested in politics. ",Donald Trump
2,2,1,35,6,2,1,white,woman,35,conservative,attend church,somewhat,"Racially, I am white. I am a woman. I am 35 years old. Ideologically, I am conservative. I attend church. I am somewhat interested in politics. ",Donald Trump
1,2,1,40,2,3,2,white,woman,40,liberal,do not attend church,not very,"Racially, I am white. I am a woman. I am 40 years old. Ideologically, I am liberal. I do not attend church. I am not very interested in politics. ",Kamala Harris
2,1,4,32,6,3,1,asian,man,32,conservative,attend church,not very,"Racially, I am asian. I am a man. I am 32 years old. Ideologically, I am conservative. I attend church. I am not very interested in politics. ",Donald Trump
2,1,1,80,7,3,2,white,man,80,extremely conservative,do not attend church,not very,"Racially, I am white. I am a man. I am 80 years old. Ideologically, I am extremely conservative. I do not attend church. I am not very interested in politics. ",Donald Trump
1,1,1,73,6,2,2,white,man,73,conservative,do not attend church,somewhat,"Racially, I am white. I am a man. I am 73 years old. Ideologically, I am conservative. I do not attend church. I am somewhat interested in politics. ",Kamala Harris
1,1,4,80,3,2,1,asian,man,80,slightly liberal,attend church,somewhat,"Racially, I am asian. I am a man. I am 80 years old. Ideologically, I am slightly liberal. I attend church. I am somewhat interested in politics. ",Kamala Harris
2,1,4,49,3,3,1,asian,man,49,slightly liberal,attend church,not very,"Racially, I am asian. I am a man. I am 49 years old. Ideologically, I am slightly liberal. I attend church. I am not very interested in politics. ",Donald Trump
1,1,1,75,5,3,1,white,man,75,slightly conservative,attend church,not very,"Racially, I am white. I am a man. I am 75 years old. Ideologically, I am slightly conservative. I attend church. I am not very interested in politics. ",Kamala Harris
1,2,1,32,3,1,2,white,woman,32,slightly liberal,do not attend church,very,"Racially, I am white. I am a woman. I am 32 years old. Ideologically, I am slightly liberal. I do not attend church. I am very interested in politics. ",Kamala Harris
2,2,1,49,4,4,1,white,woman,49,moderate,attend church,not at all,"Racially, I am white. I am a woman. I am 49 years old. Ideologically, I am moderate. I attend church. I am not at all interested in politics. ",Donald Trump
2,1,1,71,6,2,1,white,man,71,conservative,attend church,somewhat,"Racially, I am white. I am a man. I am 71 years old. Ideologically, I am conservative. I attend church. I am somewhat interested in politics. ",Donald Trump
1,1,1,73,3,1,1,white,man,73,slightly liberal,attend church,very,"Racially, I am white. I am a man. I am 73 years old. Ideologically, I am slightly liberal. I attend church. I am very interested in politics. ",Kamala Harris
1,1,1,44,2,2,2,white,man,44,liberal,do not attend church,somewhat,"Racially, I am white. I am a man. I am 44 years old. Ideologically, I am liberal. I do not attend church. I am somewhat interested in politics. ",Kamala Harris
1,1,1,58,4,2,2,white,man,58,moderate,do not attend church,somewhat,"Racially, I am white. I am a man. I am 58 years old. Ideologically, I am moderate. I do not attend church. I am somewhat interested in politics. ",Kamala Harris
1,2,1,45,3,2,1,white,woman,45,slightly liberal,attend church,somewhat,"Racially, I am white. I am a woman. I am 45 years old. Ideologically, I am slightly liberal. I attend church. I am somewhat interested in politics. ",Kamala Harris
1,2,1,49,2,2,1,white,woman,49,liberal,attend church,somewhat,"Racially, I am white. I am a woman. I am 49 years old. Ideologically, I am liberal. I attend church. I am somewhat interested in politics. ",Kamala Harris
2,1,1,77,5,2,2,white,man,77,slightly conservative,do not attend church,somewhat,"Racially, I am white. I am a man. I am 77 years old. Ideologically, I am slightly conservative. I do not attend church. I am somewhat interested in politics. ",Donald Trump
1,1,4,33,5,3,2,asian,man,33,slightly conservative,do not attend church,not very,"Racially, I am asian. I am a man. I am 33 years old. Ideologically, I am slightly conservative. I do not attend church. I am not very interested in politics. ",Kamala Harris
2,2,1,65,5,2,1,white,woman,65,slightly conservative,attend church,somewhat,"Racially, I am white. I am a woman. I am 65 years old. Ideologically, I am slightly conservative. I attend church. I am somewhat interested in politics. ",Donald Trump
1,2,2,59,1,2,1,black,woman,59,extremely liberal,attend church,somewhat,"Racially, I am black. I am a woman. I am 59 years old. Ideologically, I am extremely liberal. I attend church. I am somewhat interested in politics. ",Kamala Harris
1,1,1,75,4,2,2,white,man,75,moderate,do not attend church,somewhat,"Racially, I am white. I am a man. I am 75 years old. Ideologically, I am moderate. I do not attend church. I am somewhat interested in politics. ",Kamala Harris
1,2,1,70,2,1,2,white,woman,70,liberal,do not attend church,very,"Racially, I am white. I am a woman. I am 70 years old. Ideologically, I am liberal. I do not attend church. I am very interested in politics. ",Kamala Harris
1,2,2,70,2,3,1,black,woman,70,liberal,attend church,not very,"Racially, I am black. I am a woman. I am 70 years old. Ideologically, I am liberal. I attend church. I am not very interested in politics. ",Kamala Harris
2,1,1,80,6,2,1,white,man,80,conservative,attend church,somewhat,"Racially, I am white. I am a man. I am 80 years old. Ideologically, I am conservative. I attend church. I am somewhat interested in politics. ",Donald Trump
1,2,4,67,3,2,2,asian,woman,67,slightly liberal,do not attend church,somewhat,"Racially, I am asian. I am a woman. I am 67 years old. Ideologically, I am slightly liberal. I do not attend church. I am somewhat interested in politics. ",Kamala Harris
2,1,1,71,7,1,1,white,man,71,extremely conservative,attend church,very,"Racially, I am white. I am a man. I am 71 years old. Ideologically, I am extremely conservative. I attend church. I am very interested in politics. ",Donald Trump
1,2,1,74,1,2,1,white,woman,74,extremely liberal,attend church,somewhat,"Racially, I am white. I am a woman. I am 74 years old. Ideologically, I am extremely liberal. I attend church. I am somewhat interested in politics. ",Kamala Harris
2,1,1,65,7,3,1,white,man,65,extremely conservative,attend church,not very,"Racially, I am white. I am a man. I am 65 years old. Ideologically, I am extremely conservative. I attend church. I am not very interested in politics. ",Donald Trump
1,1,1,40,4,2,2,white,man,40,moderate,do not attend church,somewhat,"Racially, I am white. I am a man. I am 40 years old. Ideologically, I am moderate. I do not attend church. I am somewhat interested in politics. ",Kamala Harris
2,1,1,48,6,2,1,white,man,48,conservative,attend church,somewhat,"Racially, I am white. I am a man. I am 48 years old. Ideologically, I am conservative. I attend church. I am somewhat interested in politics. ",Donald Trump
1,2,4,74,2,2,1,asian,woman,74,liberal,attend church,somewhat,"Racially, I am asian. I am a woman. I am 74 years old. Ideologically, I am liberal. I attend church. I am somewhat interested in politics. ",Kamala Harris
1,2,1,58,4,3,2,white,woman,58,moderate,do not attend church,not very,"Racially, I am white. I am a woman. I am 58 years old. Ideologically, I am moderate. I do not attend church. I am not very interested in politics. ",Kamala Harris
1,2,1,63,4,2,2,white,woman,63,moderate,do not attend church,somewhat,"Racially, I am white. I am a woman. I am 63 years old. Ideologically, I am moderate. I do not attend church. I am somewhat interested in politics. ",Kamala Harris
1,2,1,22,4,4,2,white,woman,22,moderate,do not attend church,not at all,"Racially, I am white. I am a woman. I am 22 years old. Ideologically, I am moderate. I do not attend church. I am not at all interested in politics. ",Kamala Harris
1,2,1,52,3,2,2,white,woman,52,slightly liberal,do not attend church,somewhat,"Racially, I am white. I am a woman. I am 52 years old. Ideologically, I am slightly liberal. I do not attend church. I am somewhat interested in politics. ",Kamala Harris
2,1,2,46,1,2,1,black,man,46,extremely liberal,attend church,somewhat,"Racially, I am black. I am a man. I am 46 years old. Ideologically, I am extremely liberal. I attend church. I am somewhat interested in politics. ",Donald Trump
2,1,1,34,6,1,2,white,man,34,conservative,do not attend church,very,"Racially, I am white. I am a man. I am 34 years old. Ideologically, I am conservative. I do not attend church. I am very interested in politics. ",Donald Trump
1,1,2,72,4,3,2,black,man,72,moderate,do not attend church,not very,"Racially, I am black. I am a man. I am 72 years old. Ideologically, I am moderate. I do not attend church. I am not very interested in politics. ",Kamala Harris
1,1,1,73,4,2,2,white,man,73,moderate,do not attend church,somewhat,"Racially, I am white. I am a man. I am 73 years old. Ideologically, I am moderate. I do not attend church. I am somewhat interested in politics. ",Kamala Harris
2,2,1,28,6,4,1,white,woman,28,conservative,attend church,not at all,"Racially, I am white. I am a woman. I am 28 years old. Ideologically, I am conservative. I attend church. I am not at all interested in politics. ",Donald Trump
2,1,1,80,7,1,1,white,man,80,extremely conservative,attend church,very,"Racially, I am white. I am a man. I am 80 years old. Ideologically, I am extremely conservative. I attend church. I am very interested in politics. ",Donald Trump
1,2,1,67,5,2,1,white,woman,67,slightly conservative,attend church,somewhat,"Racially, I am white. I am a woman. I am 67 years old. Ideologically, I am slightly conservative. I attend church. I am somewhat interested in politics. ",Kamala Harris
2,1,2,58,4,1,1,black,man,58,moderate,attend church,very,"Racially, I am black. I am a man. I am 58 years old. Ideologically, I am moderate. I attend church. I am very interested in politics. ",Donald Trump
1,2,2,45,4,1,1,black,woman,45,moderate,attend church,very,"Racially, I am black. I am a woman. I am 45 years old. Ideologically, I am moderate. I attend church. I am very interested in politics. ",Kamala Harris
1,1,1,59,4,1,2,white,man,59,moderate,do not attend church,very,"Racially, I am white. I am a man. I am 59 years old. Ideologically, I am moderate. I do not attend church. I am very interested in politics. ",Kamala Harris
2,1,1,80,7,2,2,white,man,80,extremely conservative,do not attend church,somewhat,"Racially, I am white. I am a man. I am 80 years old. Ideologically, I am extremely conservative. I do not attend church. I am somewhat interested in politics. ",Donald Trump
1,2,1,29,3,2,2,white,woman,29,slightly liberal,do not attend church,somewhat,"Racially, I am white. I am a woman. I am 29 years old. Ideologically, I am slightly liberal. I do not attend church. I am somewhat interested in politics. ",Kamala Harris
1,2,1,67,2,1,1,white,woman,67,liberal,attend church,very,"Racially, I am white. I am a woman. I am 67 years old. Ideologically, I am liberal. I attend church. I am very interested in politics. ",Kamala Harris
2,2,1,77,7,2,1,white,woman,77,extremely conservative,attend church,somewhat,"Racially, I am white. I am a woman. I am 77 years old. Ideologically, I am extremely conservative. I attend church. I am somewhat interested in politics. ",Donald Trump
2,1,1,54,6,3,2,white,man,54,conservative,do not attend church,not very,"Racially, I am white. I am a man. I am 54 years old. Ideologically, I am conservative. I do not attend church. I am not very interested in politics. ",Donald Trump
1,2,6,30,2,3,2,mixed race,woman,30,liberal,do not attend church,not very,"Racially, I am mixed race. I am a woman. I am 30 years old. Ideologically, I am liberal. I do not attend church. I am not very interested in politics. ",Kamala Harris
2,2,6,44,6,2,1,mixed race,woman,44,conservative,attend church,somewhat,"Racially, I am mixed race. I am a woman. I am 44 years old. Ideologically, I am conservative. I attend church. I am somewhat interested in politics. ",Donald Trump
1,2,1,80,4,3,1,white,woman,80,moderate,attend church,not very,"Racially, I am white. I am a woman. I am 80 years old. Ideologically, I am moderate. I attend church. I am not very interested in politics. ",Kamala Harris
2,2,1,43,7,2,1,white,woman,43,extremely conservative,attend church,somewhat,"Racially, I am white. I am a woman. I am 43 years old. Ideologically, I am extremely conservative. I attend church. I am somewhat interested in politics. ",Donald Trump
2,1,1,80,7,1,1,white,man,80,extremely conservative,attend church,very,"Racially, I am white. I am a man. I am 80 years old. Ideologically, I am extremely conservative. I attend church. I am very interested in politics. ",Donald Trump
1,2,1,32,2,1,2,white,woman,32,liberal,do not attend church,very,"Racially, I am white. I am a woman. I am 32 years old. Ideologically, I am liberal. I do not attend church. I am very interested in politics. ",Kamala Harris
2,2,1,69,6,2,2,white,woman,69,conservative,do not attend church,somewhat,"Racially, I am white. I am a woman. I am 69 years old. Ideologically, I am conservative. I do not attend church. I am somewhat interested in politics. ",Donald Trump
2,2,1,66,6,2,1,white,woman,66,conservative,attend church,somewhat,"Racially, I am white. I am a woman. I am 66 years old. Ideologically, I am conservative. I attend church. I am somewhat interested in politics. ",Donald Trump
1,2,2,41,3,2,2,black,woman,41,slightly liberal,do not attend church,somewhat,"Racially, I am black. I am a woman. I am 41 years old. Ideologically, I am slightly liberal. I do not attend church. I am somewhat interested in politics. ",Kamala Harris
2,1,1,64,6,2,2,white,man,64,conservative,do not attend church,somewhat,"Racially, I am white. I am a man. I am 64 years old. Ideologically, I am conservative. I do not attend church. I am somewhat interested in politics. ",Donald Trump
1,2,1,41,3,2,2,white,woman,41,slightly liberal,do not attend church,somewhat,"Racially, I am white. I am a woman. I am 41 years old. Ideologically, I am slightly liberal. I do not attend church. I am somewhat interested in politics. ",Kamala Harris
1,1,2,66,3,2,2,black,man,66,slightly liberal,do not attend church,somewhat,"Racially, I am black. I am a man. I am 66 years old. Ideologically, I am slightly liberal. I do not attend church. I am somewhat interested in politics. ",Kamala Harris
2,1,1,80,6,1,1,white,man,80,conservative,attend church,very,"Racially, I am white. I am a man. I am 80 years old. Ideologically, I am conservative. I attend church. I am very interested in politics. ",Donald Trump
1,2,2,74,2,2,1,black,woman,74,liberal,attend church,somewhat,"Racially, I am black. I am a woman. I am 74 years old. Ideologically, I am liberal. I attend church. I am somewhat interested in politics. ",Kamala Harris
1,2,1,36,1,3,2,white,woman,36,extremely liberal,do not attend church,not very,"Racially, I am white. I am a woman. I am 36 years old. Ideologically, I am extremely liberal. I do not attend church. I am not very interested in politics. ",Kamala Harris
2,2,1,79,5,2,1,white,woman,79,slightly conservative,attend church,somewhat,"Racially, I am white. I am a woman. I am 79 years old. Ideologically, I am slightly conservative. I attend church. I am somewhat interested in politics. ",Donald Trump
1,1,1,80,2,1,1,white,man,80,liberal,attend church,very,"Racially, I am white. I am a man. I am 80 years old. Ideologically, I am liberal. I attend church. I am very interested in politics. ",Kamala Harris
1,2,1,56,4,3,1,white,woman,56,moderate,attend church,not very,"Racially, I am white. I am a woman. I am 56 years old. Ideologically, I am moderate. I attend church. I am not very interested in politics. ",Kamala Harris
1,2,2,42,4,3,2,black,woman,42,moderate,do not attend church,not very,"Racially, I am black. I am a woman. I am 42 years old. Ideologically, I am moderate. I do not attend church. I am not very interested in politics. ",Kamala Harris
1,1,6,40,4,3,2,mixed race,man,40,moderate,do not attend church,not very,"Racially, I am mixed race. I am a man. I am 40 years old. Ideologically, I am moderate. I do not attend church. I am not very interested in politics. ",Kamala Harris
2,2,1,55,6,3,2,white,woman,55,conservative,do not attend church,not very,"Racially, I am white. I am a woman. I am 55 years old. Ideologically, I am conservative. I do not attend church. I am not very interested in politics. ",Donald Trump
2,1,3,66,6,2,1,hispanic,man,66,conservative,attend church,somewhat,"Racially, I am hispanic. I am a man. I am 66 years old. Ideologically, I am conservative. I attend church. I am somewhat interested in politics. ",Donald Trump
1,1,3,24,3,1,1,hispanic,man,24,slightly liberal,attend church,very,"Racially, I am hispanic. I am a man. I am 24 years old. Ideologically, I am slightly liberal. I attend church. I am very interested in politics. ",Kamala Harris
2,1,1,61,7,1,2,white,man,61,extremely conservative,do not attend church,very,"Racially, I am white. I am a man. I am 61 years old. Ideologically, I am extremely conservative. I do not attend church. I am very interested in politics. ",Donald Trump
1,1,1,48,3,2,2,white,man,48,slightly liberal,do not attend church,somewhat,"Racially, I am white. I am a man. I am 48 years old. Ideologically, I am slightly liberal. I do not attend church. I am somewhat interested in politics. ",Kamala Harris
2,2,1,62,6,2,1,white,woman,62,conservative,attend church,somewhat,"Racially, I am white. I am a woman. I am 62 years old. Ideologically, I am conservative. I attend church. I am somewhat interested in politics. ",Donald Trump
1,2,1,67,2,3,2,white,woman,67,liberal,do not attend church,not very,"Racially, I am white. I am a woman. I am 67 years old. Ideologically, I am liberal. I do not attend church. I am not very interested in politics. ",Kamala Harris
1,1,1,34,2,1,2,white,man,34,liberal,do not attend church,very,"Racially, I am white. I am a man. I am 34 years old. Ideologically, I am liberal. I do not attend church. I am very interested in politics. ",Kamala Harris
1,2,1,44,4,3,1,white,woman,44,moderate,attend church,not very,"Racially, I am white. I am a woman. I am 44 years old. Ideologically, I am moderate. I attend church. I am not very interested in politics. ",Kamala Harris
1,1,1,69,2,1,2,white,man,69,liberal,do not attend church,very,"Racially, I am white. I am a man. I am 69 years old. Ideologically, I am liberal. I do not attend church. I am very interested in politics. ",Kamala Harris
1,1,3,51,4,2,2,hispanic,man,51,moderate,do not attend church,somewhat,"Racially, I am hispanic. I am a man. I am 51 years old. Ideologically, I am moderate. I do not attend church. I am somewhat interested in politics. ",Kamala Harris
1,1,1,29,3,3,2,white,man,29,slightly liberal,do not attend church,not very,"Racially, I am white. I am a man. I am 29 years old. Ideologically, I am slightly liberal. I do not attend church. I am not very interested in politics. ",Kamala Harris
2,2,1,80,7,1,2,white,woman,80,extremely conservative,do not attend church,very,"Racially, I am white. I am a woman. I am 80 years old. Ideologically, I am extremely conservative. I do not attend church. I am very interested in politics. ",Donald Trump
1,2,1,64,3,2,1,white,woman,64,slightly liberal,attend church,somewhat,"Racially, I am white. I am a woman. I am 64 years old. Ideologically, I am slightly liberal. I attend church. I am somewhat interested in politics. ",Kamala Harris
1,2,1,48,4,2,2,white,woman,48,moderate,do not attend church,somewhat,"Racially, I am white. I am a woman. I am 48 years old. Ideologically, I am moderate. I do not attend church. I am somewhat interested in politics. ",Kamala Harris
1,1,1,27,1,1,2,white,man,27,extremely liberal,do not attend church,very,"Racially, I am white. I am a man. I am 27 years old. Ideologically, I am extremely liberal. I do not attend church. I am very interested in politics. ",Kamala Harris
1,2,1,80,3,2,1,white,woman,80,slightly liberal,attend church,somewhat,"Racially, I am white. I am a woman. I am 80 years old. Ideologically, I am slightly liberal. I attend church. I am somewhat interested in politics. ",Kamala Harris
2,2,1,68,6,2,2,white,woman,68,conservative,do not attend church,somewhat,"Racially, I am white. I am a woman. I am 68 years old. Ideologically, I am conservative. I do not attend church. I am somewhat interested in politics. ",Donald Trump
2,2,1,37,7,2,1,white,woman,37,extremely conservative,attend church,somewhat,"Racially, I am white. I am a woman. I am 37 years old. Ideologically, I am extremely conservative. I attend church. I am somewhat interested in politics. ",Donald Trump
2,2,1,46,7,2,1,white,woman,46,extremely conservative,attend church,somewhat,"Racially, I am white. I am a woman. I am 46 years old. Ideologically, I am extremely conservative. I attend church. I am somewhat interested in politics. ",Donald Trump
2,2,1,46,6,2,1,white,woman,46,conservative,attend church,somewhat,"Racially, I am white. I am a woman. I am 46 years old. Ideologically, I am conservative. I attend church. I am somewhat interested in politics. ",Donald Trump
2,1,1,49,5,3,1,white,man,49,slightly conservative,attend church,not very,"Racially, I am white. I am a man. I am 49 years old. Ideologically, I am slightly conservative. I attend church. I am not very interested in politics. ",Donald Trump
1,1,1,31,2,2,1,white,man,31,liberal,attend church,somewhat,"Racially, I am white. I am a man. I am 31 years old. Ideologically, I am liberal. I attend church. I am somewhat interested in politics. ",Kamala Harris
1,2,2,55,4,2,1,black,woman,55,moderate,attend church,somewhat,"Racially, I am black. I am a woman. I am 55 years old. Ideologically, I am moderate. I attend church. I am somewhat interested in politics. ",Kamala Harris
2,1,3,30,5,2,1,hispanic,man,30,slightly conservative,attend church,somewhat,"Racially, I am hispanic. I am a man. I am 30 years old. Ideologically, I am slightly conservative. I attend church. I am somewhat interested in politics. ",Donald Trump
1,2,1,36,3,3,2,white,woman,36,slightly liberal,do not attend church,not very,"Racially, I am white. I am a woman. I am 36 years old. Ideologically, I am slightly liberal. I do not attend church. I am not very interested in politics. ",Kamala Harris
1,2,1,78,5,3,1,white,woman,78,slightly conservative,attend church,not very,"Racially, I am white. I am a woman. I am 78 years old. Ideologically, I am slightly conservative. I attend church. I am not very interested in politics. ",Kamala Harris
1,2,1,57,4,2,2,white,woman,57,moderate,do not attend church,somewhat,"Racially, I am white. I am a woman. I am 57 years old. Ideologically, I am moderate. I do not attend church. I am somewhat interested in politics. ",Kamala Harris
1,2,1,28,2,1,2,white,woman,28,liberal,do not attend church,very,"Racially, I am white. I am a woman. I am 28 years old. Ideologically, I am liberal. I do not attend church. I am very interested in politics. ",Kamala Harris
1,1,1,71,2,1,1,white,man,71,liberal,attend church,very,"Racially, I am white. I am a man. I am 71 years old. Ideologically, I am liberal. I attend church. I am very interested in politics. ",Kamala Harris
2,1,1,70,6,2,1,white,man,70,conservative,attend church,somewhat,"Racially, I am white. I am a man. I am 70 years old. Ideologically, I am conservative. I attend church. I am somewhat interested in politics. ",Donald Trump
1,2,1,37,1,2,1,white,woman,37,extremely liberal,attend church,somewhat,"Racially, I am white. I am a woman. I am 37 years old. Ideologically, I am extremely liberal. I attend church. I am somewhat interested in politics. ",Kamala Harris
2,1,1,61,6,1,2,white,man,61,conservative,do not attend church,very,"Racially, I am white. I am a man. I am 61 years old. Ideologically, I am conservative. I do not attend church. I am very interested in politics. ",Donald Trump
1,1,1,62,2,1,2,white,man,62,liberal,do not attend church,very,"Racially, I am white. I am a man. I am 62 years old. Ideologically, I am liberal. I do not attend church. I am very interested in politics. ",Kamala Harris
1,2,2,75,2,2,1,black,woman,75,liberal,attend church,somewhat,"Racially, I am black. I am a woman. I am 75 years old. Ideologically, I am liberal. I attend church. I am somewhat interested in politics. ",Kamala Harris
1,2,1,26,4,3,1,white,woman,26,moderate,attend church,not very,"Racially, I am white. I am a woman. I am 26 years old. Ideologically, I am moderate. I attend church. I am not very interested in politics. ",Kamala Harris
2,1,1,52,6,2,1,white,man,52,conservative,attend church,somewhat,"Racially, I am white. I am a man. I am 52 years old. Ideologically, I am conservative. I attend church. I am somewhat interested in politics. ",Donald Trump
1,2,2,76,2,2,1,black,woman,76,liberal,attend church,somewhat,"Racially, I am black. I am a woman. I am 76 years old. Ideologically, I am liberal. I attend church. I am somewhat interested in politics. ",Kamala Harris
1,1,3,19,2,2,2,hispanic,man,19,liberal,do not attend church,somewhat,"Racially, I am hispanic. I am a man. I am 19 years old. Ideologically, I am liberal. I do not attend church. I am somewhat interested in politics. ",Kamala Harris
1,2,3,49,5,4,1,hispanic,woman,49,slightly conservative,attend church,not at all,"Racially, I am hispanic. I am a woman. I am 49 years old. Ideologically, I am slightly conservative. I attend church. I am not at all interested in politics. ",Kamala Harris
1,2,1,65,2,2,2,white,woman,65,liberal,do not attend church,somewhat,"Racially, I am white. I am a woman. I am 65 years old. Ideologically, I am liberal. I do not attend church. I am somewhat interested in politics. ",Kamala Harris
1,2,3,79,5,2,2,hispanic,woman,79,slightly conservative,do not attend church,somewhat,"Racially, I am hispanic. I am a woman. I am 79 years old. Ideologically, I am slightly conservative. I do not attend church. I am somewhat interested in politics. ",Kamala Harris
1,2,1,60,3,3,1,white,woman,60,slightly liberal,attend church,not very,"Racially, I am white. I am a woman. I am 60 years old. Ideologically, I am slightly liberal. I attend church. I am not very interested in politics. ",Kamala Harris
1,2,1,65,3,1,2,white,woman,65,slightly liberal,do not attend church,very,"Racially, I am white. I am a woman. I am 65 years old. Ideologically, I am slightly liberal. I do not attend church. I am very interested in politics. ",Kamala Harris
1,2,1,76,3,1,1,white,woman,76,slightly liberal,attend church,very,"Racially, I am white. I am a woman. I am 76 years old. Ideologically, I am slightly liberal. I attend church. I am very interested in politics. ",Kamala Harris
1,2,1,52,3,2,1,white,woman,52,slightly liberal,attend church,somewhat,"Racially, I am white. I am a woman. I am 52 years old. Ideologically, I am slightly liberal. I attend church. I am somewhat interested in politics. ",Kamala Harris
1,2,1,33,2,2,2,white,woman,33,liberal,do not attend church,somewhat,"Racially, I am white. I am a woman. I am 33 years old. Ideologically, I am liberal. I do not attend church. I am somewhat interested in politics. ",Kamala Harris
1,2,3,52,4,2,1,hispanic,woman,52,moderate,attend church,somewhat,"Racially, I am hispanic. I am a woman. I am 52 years old. Ideologically, I am moderate. I attend church. I am somewhat interested in politics. ",Kamala Harris
2,2,1,61,4,3,2,white,woman,61,moderate,do not attend church,not very,"Racially, I am white. I am a woman. I am 61 years old. Ideologically, I am moderate. I do not attend church. I am not very interested in politics. ",Donald Trump
1,2,1,53,2,2,2,white,woman,53,liberal,do not attend church,somewhat,"Racially, I am white. I am a woman. I am 53 years old. Ideologically, I am liberal. I do not attend church. I am somewhat interested in politics. ",Kamala Harris
2,1,1,55,6,1,1,white,man,55,conservative,attend church,very,"Racially, I am white. I am a man. I am 55 years old. Ideologically, I am conservative. I attend church. I am very interested in politics. ",Donald Trump
2,2,1,80,6,2,1,white,woman,80,conservative,attend church,somewhat,"Racially, I am white. I am a woman. I am 80 years old. Ideologically, I am conservative. I attend church. I am somewhat interested in politics. ",Donald Trump
1,1,6,32,1,4,2,mixed race,man,32,extremely liberal,do not attend church,not at all,"Racially, I am mixed race. I am a man. I am 32 years old. Ideologically, I am extremely liberal. I do not attend church. I am not at all interested in politics. ",Kamala Harris
1,2,1,34,2,2,2,white,woman,34,liberal,do not attend church,somewhat,"Racially, I am white. I am a woman. I am 34 years old. Ideologically, I am liberal. I do not attend church. I am somewhat interested in politics. ",Kamala Harris
2,2,3,38,1,2,1,hispanic,woman,38,extremely liberal,attend church,somewhat,"Racially, I am hispanic. I am a woman. I am 38 years old. Ideologically, I am extremely liberal. I attend church. I am somewhat interested in politics. ",Donald Trump
2,1,1,32,6,3,1,white,man,32,conservative,attend church,not very,"Racially, I am white. I am a man. I am 32 years old. Ideologically, I am conservative. I attend church. I am not very interested in politics. ",Donald Trump
1,1,1,51,1,1,2,white,man,51,extremely liberal,do not attend church,very,"Racially, I am white. I am a man. I am 51 years old. Ideologically, I am extremely liberal. I do not attend church. I am very interested in politics. ",Kamala Harris
1,1,1,57,3,2,2,white,man,57,slightly liberal,do not attend church,somewhat,"Racially, I am white. I am a man. I am 57 years old. Ideologically, I am slightly liberal. I do not attend church. I am somewhat interested in politics. ",Kamala Harris
1,2,1,73,5,2,2,white,woman,73,slightly conservative,do not attend church,somewhat,"Racially, I am white. I am a woman. I am 73 years old. Ideologically, I am slightly conservative. I do not attend church. I am somewhat interested in politics. ",Kamala Harris
1,2,1,52,5,4,1,white,woman,52,slightly conservative,attend church,not at all,"Racially, I am white. I am a woman. I am 52 years old. Ideologically, I am slightly conservative. I attend church. I am not at all interested in politics. ",Kamala Harris
2,1,1,26,6,3,1,white,man,26,conservative,attend church,not very,"Racially, I am white. I am a man. I am 26 years old. Ideologically, I am conservative. I attend church. I am not very interested in politics. ",Donald Trump
1,1,1,35,2,2,2,white,man,35,liberal,do not attend church,somewhat,"Racially, I am white. I am a man. I am 35 years old. Ideologically, I am liberal. I do not attend church. I am somewhat interested in politics. ",Kamala Harris
2,2,1,44,5,3,1,white,woman,44,slightly conservative,attend church,not very,"Racially, I am white. I am a woman. I am 44 years old. Ideologically, I am slightly conservative. I attend church. I am not very interested in politics. ",Donald Trump
2,1,1,52,5,2,1,white,man,52,slightly conservative,attend church,somewhat,"Racially, I am white. I am a man. I am 52 years old. Ideologically, I am slightly conservative. I attend church. I am somewhat interested in politics. ",Donald Trump
1,2,1,54,3,4,2,white,woman,54,slightly liberal,do not attend church,not at all,"Racially, I am white. I am a woman. I am 54 years old. Ideologically, I am slightly liberal. I do not attend church. I am not at all interested in politics. ",Kamala Harris
1,2,1,29,1,2,2,white,woman,29,extremely liberal,do not attend church,somewhat,"Racially, I am white. I am a woman. I am 29 years old. Ideologically, I am extremely liberal. I do not attend church. I am somewhat interested in politics. ",Kamala Harris
1,2,1,42,4,3,2,white,woman,42,moderate,do not attend church,not very,"Racially, I am white. I am a woman. I am 42 years old. Ideologically, I am moderate. I do not attend church. I am not very interested in politics. ",Kamala Harris
1,2,1,53,4,3,2,white,woman,53,moderate,do not attend church,not very,"Racially, I am white. I am a woman. I am 53 years old. Ideologically, I am moderate. I do not attend church. I am not very interested in politics. ",Kamala Harris
1,2,1,52,3,2,1,white,woman,52,slightly liberal,attend church,somewhat,"Racially, I am white. I am a woman. I am 52 years old. Ideologically, I am slightly liberal. I attend church. I am somewhat interested in politics. ",Kamala Harris
1,2,3,21,7,2,2,hispanic,woman,21,extremely conservative,do not attend church,somewhat,"Racially, I am hispanic. I am a woman. I am 21 years old. Ideologically, I am extremely conservative. I do not attend church. I am somewhat interested in politics. ",Kamala Harris
2,1,1,65,4,2,1,white,man,65,moderate,attend church,somewhat,"Racially, I am white. I am a man. I am 65 years old. Ideologically, I am moderate. I attend church. I am somewhat interested in politics. ",Donald Trump
2,2,3,51,6,4,1,hispanic,woman,51,conservative,attend church,not at all,"Racially, I am hispanic. I am a woman. I am 51 years old. Ideologically, I am conservative. I attend church. I am not at all interested in politics. ",Donald Trump
1,1,2,63,3,1,1,black,man,63,slightly liberal,attend church,very,"Racially, I am black. I am a man. I am 63 years old. Ideologically, I am slightly liberal. I attend church. I am very interested in politics. ",Kamala Harris
1,2,1,28,3,2,2,white,woman,28,slightly liberal,do not attend church,somewhat,"Racially, I am white. I am a woman. I am 28 years old. Ideologically, I am slightly liberal. I do not attend church. I am somewhat interested in politics. ",Kamala Harris
1,2,1,48,2,1,1,white,woman,48,liberal,attend church,very,"Racially, I am white. I am a woman. I am 48 years old. Ideologically, I am liberal. I attend church. I am very interested in politics. ",Kamala Harris
2,1,1,74,6,2,1,white,man,74,conservative,attend church,somewhat,"Racially, I am white. I am a man. I am 74 years old. Ideologically, I am conservative. I attend church. I am somewhat interested in politics. ",Donald Trump
1,2,1,53,2,1,2,white,woman,53,liberal,do not attend church,very,"Racially, I am white. I am a woman. I am 53 years old. Ideologically, I am liberal. I do not attend church. I am very interested in politics. ",Kamala Harris
1,2,1,49,4,3,2,white,woman,49,moderate,do not attend church,not very,"Racially, I am white. I am a woman. I am 49 years old. Ideologically, I am moderate. I do not attend church. I am not very interested in politics. ",Kamala Harris
1,1,1,70,5,1,2,white,man,70,slightly conservative,do not attend church,very,"Racially, I am white. I am a man. I am 70 years old. Ideologically, I am slightly conservative. I do not attend church. I am very interested in politics. ",Kamala Harris
1,2,1,55,2,2,2,white,woman,55,liberal,do not attend church,somewhat,"Racially, I am white. I am a woman. I am 55 years old. Ideologically, I am liberal. I do not attend church. I am somewhat interested in politics. ",Kamala Harris
2,1,1,31,5,3,1,white,man,31,slightly conservative,attend church,not very,"Racially, I am white. I am a man. I am 31 years old. Ideologically, I am slightly conservative. I attend church. I am not very interested in politics. ",Donald Trump
2,2,1,70,7,1,2,white,woman,70,extremely conservative,do not attend church,very,"Racially, I am white. I am a woman. I am 70 years old. Ideologically, I am extremely conservative. I do not attend church. I am very interested in politics. ",Donald Trump
1,2,1,65,3,2,2,white,woman,65,slightly liberal,do not attend church,somewhat,"Racially, I am white. I am a woman. I am 65 years old. Ideologically, I am slightly liberal. I do not attend church. I am somewhat interested in politics. ",Kamala Harris
2,1,3,60,4,2,2,hispanic,man,60,moderate,do not attend church,somewhat,"Racially, I am hispanic. I am a man. I am 60 years old. Ideologically, I am moderate. I do not attend church. I am somewhat interested in politics. ",Donald Trump
2,1,1,67,6,1,1,white,man,67,conservative,attend church,very,"Racially, I am white. I am a man. I am 67 years old. Ideologically, I am conservative. I attend church. I am very interested in politics. ",Donald Trump
1,2,1,42,1,1,2,white,woman,42,extremely liberal,do not attend church,very,"Racially, I am white. I am a woman. I am 42 years old. Ideologically, I am extremely liberal. I do not attend church. I am very interested in politics. ",Kamala Harris
2,1,1,31,6,2,1,white,man,31,conservative,attend church,somewhat,"Racially, I am white. I am a man. I am 31 years old. Ideologically, I am conservative. I attend church. I am somewhat interested in politics. ",Donald Trump
1,2,1,42,3,2,1,white,woman,42,slightly liberal,attend church,somewhat,"Racially, I am white. I am a woman. I am 42 years old. Ideologically, I am slightly liberal. I attend church. I am somewhat interested in politics. ",Kamala Harris
1,2,3,58,2,1,2,hispanic,woman,58,liberal,do not attend church,very,"Racially, I am hispanic. I am a woman. I am 58 years old. Ideologically, I am liberal. I do not attend church. I am very interested in politics. ",Kamala Harris
1,1,1,72,2,2,2,white,man,72,liberal,do not attend church,somewhat,"Racially, I am white. I am a man. I am 72 years old. Ideologically, I am liberal. I do not attend church. I am somewhat interested in politics. ",Kamala Harris
2,2,1,60,6,2,1,white,woman,60,conservative,attend church,somewhat,"Racially, I am white. I am a woman. I am 60 years old. Ideologically, I am conservative. I attend church. I am somewhat interested in politics. ",Donald Trump
1,1,1,39,4,2,2,white,man,39,moderate,do not attend church,somewhat,"Racially, I am white. I am a man. I am 39 years old. Ideologically, I am moderate. I do not attend church. I am somewhat interested in politics. ",Kamala Harris
2,1,1,61,3,2,1,white,man,61,slightly liberal,attend church,somewhat,"Racially, I am white. I am a man. I am 61 years old. Ideologically, I am slightly liberal. I attend church. I am somewhat interested in politics. ",Donald Trump
1,1,1,37,4,3,2,white,man,37,moderate,do not attend church,not very,"Racially, I am white. I am a man. I am 37 years old. Ideologically, I am moderate. I do not attend church. I am not very interested in politics. ",Kamala Harris
1,2,1,44,2,1,2,white,woman,44,liberal,do not attend church,very,"Racially, I am white. I am a woman. I am 44 years old. Ideologically, I am liberal. I do not attend church. I am very interested in politics. ",Kamala Harris
2,2,1,26,6,3,1,white,woman,26,conservative,attend church,not very,"Racially, I am white. I am a woman. I am 26 years old. Ideologically, I am conservative. I attend church. I am not very interested in politics. ",Donald Trump
1,2,1,63,4,3,2,white,woman,63,moderate,do not attend church,not very,"Racially, I am white. I am a woman. I am 63 years old. Ideologically, I am moderate. I do not attend church. I am not very interested in politics. ",Kamala Harris
1,2,3,74,7,1,1,hispanic,woman,74,extremely conservative,attend church,very,"Racially, I am hispanic. I am a woman. I am 74 years old. Ideologically, I am extremely conservative. I attend church. I am very interested in politics. ",Kamala Harris
1,1,1,70,4,2,2,white,man,70,moderate,do not attend church,somewhat,"Racially, I am white. I am a man. I am 70 years old. Ideologically, I am moderate. I do not attend church. I am somewhat interested in politics. ",Kamala Harris
2,1,1,22,6,1,1,white,man,22,conservative,attend church,very,"Racially, I am white. I am a man. I am 22 years old. Ideologically, I am conservative. I attend church. I am very interested in politics. ",Donald Trump
1,2,1,69,2,3,1,white,woman,69,liberal,attend church,not very,"Racially, I am white. I am a woman. I am 69 years old. Ideologically, I am liberal. I attend church. I am not very interested in politics. ",Kamala Harris
2,1,1,76,6,1,1,white,man,76,conservative,attend church,very,"Racially, I am white. I am a man. I am 76 years old. Ideologically, I am conservative. I attend church. I am very interested in politics. ",Donald Trump
2,1,1,72,6,2,2,white,man,72,conservative,do not attend church,somewhat,"Racially, I am white. I am a man. I am 72 years old. Ideologically, I am conservative. I do not attend church. I am somewhat interested in politics. ",Donald Trump
1,1,1,52,4,1,2,white,man,52,moderate,do not attend church,very,"Racially, I am white. I am a man. I am 52 years old. Ideologically, I am moderate. I do not attend church. I am very interested in politics. ",Kamala Harris
1,2,1,58,4,3,1,white,woman,58,moderate,attend church,not very,"Racially, I am white. I am a woman. I am 58 years old. Ideologically, I am moderate. I attend church. I am not very interested in politics. ",Kamala Harris
1,2,6,33,2,2,2,mixed race,woman,33,liberal,do not attend church,somewhat,"Racially, I am mixed race. I am a woman. I am 33 years old. Ideologically, I am liberal. I do not attend church. I am somewhat interested in politics. ",Kamala Harris
1,2,2,78,1,1,1,black,woman,78,extremely liberal,attend church,very,"Racially, I am black. I am a woman. I am 78 years old. Ideologically, I am extremely liberal. I attend church. I am very interested in politics. ",Kamala Harris
2,2,1,50,6,2,1,white,woman,50,conservative,attend church,somewhat,"Racially, I am white. I am a woman. I am 50 years old. Ideologically, I am conservative. I attend church. I am somewhat interested in politics. ",Donald Trump
2,1,1,25,4,4,2,white,man,25,moderate,do not attend church,not at all,"Racially, I am white. I am a man. I am 25 years old. Ideologically, I am moderate. I do not attend church. I am not at all interested in politics. ",Donald Trump
2,1,1,55,6,2,2,white,man,55,conservative,do not attend church,somewhat,"Racially, I am white. I am a man. I am 55 years old. Ideologically, I am conservative. I do not attend church. I am somewhat interested in politics. ",Donald Trump
2,2,1,80,6,2,1,white,woman,80,conservative,attend church,somewhat,"Racially, I am white. I am a woman. I am 80 years old. Ideologically, I am conservative. I attend church. I am somewhat interested in politics. ",Donald Trump
1,2,1,71,1,1,1,white,woman,71,extremely liberal,attend church,very,"Racially, I am white. I am a woman. I am 71 years old. Ideologically, I am extremely liberal. I attend church. I am very interested in politics. ",Kamala Harris
1,2,1,63,2,2,2,white,woman,63,liberal,do not attend church,somewhat,"Racially, I am white. I am a woman. I am 63 years old. Ideologically, I am liberal. I do not attend church. I am somewhat interested in politics. ",Kamala Harris
2,1,1,68,5,2,1,white,man,68,slightly conservative,attend church,somewhat,"Racially, I am white. I am a man. I am 68 years old. Ideologically, I am slightly conservative. I attend church. I am somewhat interested in politics. ",Donald Trump
1,2,2,40,3,1,1,black,woman,40,slightly liberal,attend church,very,"Racially, I am black. I am a woman. I am 40 years old. Ideologically, I am slightly liberal. I attend church. I am very interested in politics. ",Kamala Harris
2,1,3,52,5,1,1,hispanic,man,52,slightly conservative,attend church,very,"Racially, I am hispanic. I am a man. I am 52 years old. Ideologically, I am slightly conservative. I attend church. I am very interested in politics. ",Donald Trump
2,1,1,60,6,2,1,white,man,60,conservative,attend church,somewhat,"Racially, I am white. I am a man. I am 60 years old. Ideologically, I am conservative. I attend church. I am somewhat interested in politics. ",Donald Trump
1,2,1,47,3,3,1,white,woman,47,slightly liberal,attend church,not very,"Racially, I am white. I am a woman. I am 47 years old. Ideologically, I am slightly liberal. I attend church. I am not very interested in politics. ",Kamala Harris
2,1,1,80,1,1,1,white,man,80,extremely liberal,attend church,very,"Racially, I am white. I am a man. I am 80 years old. Ideologically, I am extremely liberal. I attend church. I am very interested in politics. ",Donald Trump
1,2,2,30,3,2,1,black,woman,30,slightly liberal,attend church,somewhat,"Racially, I am black. I am a woman. I am 30 years old. Ideologically, I am slightly liberal. I attend church. I am somewhat interested in politics. ",Kamala Harris
1,2,1,37,4,2,2,white,woman,37,moderate,do not attend church,somewhat,"Racially, I am white. I am a woman. I am 37 years old. Ideologically, I am moderate. I do not attend church. I am somewhat interested in politics. ",Kamala Harris
2,2,1,34,7,3,1,white,woman,34,extremely conservative,attend church,not very,"Racially, I am white. I am a woman. I am 34 years old. Ideologically, I am extremely conservative. I attend church. I am not very interested in politics. ",Donald Trump
2,1,1,46,5,2,1,white,man,46,slightly conservative,attend church,somewhat,"Racially, I am white. I am a man. I am 46 years old. Ideologically, I am slightly conservative. I attend church. I am somewhat interested in politics. ",Donald Trump
1,1,1,80,5,2,1,white,man,80,slightly conservative,attend church,somewhat,"Racially, I am white. I am a man. I am 80 years old. Ideologically, I am slightly conservative. I attend church. I am somewhat interested in politics. ",Kamala Harris
2,2,1,67,6,4,1,white,woman,67,conservative,attend church,not at all,"Racially, I am white. I am a woman. I am 67 years old. Ideologically, I am conservative. I attend church. I am not at all interested in politics. ",Donald Trump
1,1,1,41,3,2,2,white,man,41,slightly liberal,do not attend church,somewhat,"Racially, I am white. I am a man. I am 41 years old. Ideologically, I am slightly liberal. I do not attend church. I am somewhat interested in politics. ",Kamala Harris
1,1,1,66,4,2,2,white,man,66,moderate,do not attend church,somewhat,"Racially, I am white. I am a man. I am 66 years old. Ideologically, I am moderate. I do not attend church. I am somewhat interested in politics. ",Kamala Harris
2,2,1,80,7,1,1,white,woman,80,extremely conservative,attend church,very,"Racially, I am white. I am a woman. I am 80 years old. Ideologically, I am extremely conservative. I attend church. I am very interested in politics. ",Donald Trump
1,1,1,53,1,2,1,white,man,53,extremely liberal,attend church,somewhat,"Racially, I am white. I am a man. I am 53 years old. Ideologically, I am extremely liberal. I attend church. I am somewhat interested in politics. ",Kamala Harris
1,2,1,45,3,2,2,white,woman,45,slightly liberal,do not attend church,somewhat,"Racially, I am white. I am a woman. I am 45 years old. Ideologically, I am slightly liberal. I do not attend church. I am somewhat interested in politics. ",Kamala Harris
1,2,1,75,4,1,1,white,woman,75,moderate,attend church,very,"Racially, I am white. I am a woman. I am 75 years old. Ideologically, I am moderate. I attend church. I am very interested in politics. ",Kamala Harris
1,2,1,76,4,2,1,white,woman,76,moderate,attend church,somewhat,"Racially, I am white. I am a woman. I am 76 years old. Ideologically, I am moderate. I attend church. I am somewhat interested in politics. ",Kamala Harris
1,1,1,40,3,3,2,white,man,40,slightly liberal,do not attend church,not very,"Racially, I am white. I am a man. I am 40 years old. Ideologically, I am slightly liberal. I do not attend church. I am not very interested in politics. ",Kamala Harris
2,2,1,80,5,1,2,white,woman,80,slightly conservative,do not attend church,very,"Racially, I am white. I am a woman. I am 80 years old. Ideologically, I am slightly conservative. I do not attend church. I am very interested in politics. ",Donald Trump
2,1,1,26,5,1,2,white,man,26,slightly conservative,do not attend church,very,"Racially, I am white. I am a man. I am 26 years old. Ideologically, I am slightly conservative. I do not attend church. I am very interested in politics. ",Donald Trump
1,2,1,66,5,2,1,white,woman,66,slightly conservative,attend church,somewhat,"Racially, I am white. I am a woman. I am 66 years old. Ideologically, I am slightly conservative. I attend church. I am somewhat interested in politics. ",Kamala Harris
1,1,4,52,2,2,1,asian,man,52,liberal,attend church,somewhat,"Racially, I am asian. I am a man. I am 52 years old. Ideologically, I am liberal. I attend church. I am somewhat interested in politics. ",Kamala Harris
2,2,1,80,7,2,1,white,woman,80,extremely conservative,attend church,somewhat,"Racially, I am white. I am a woman. I am 80 years old. Ideologically, I am extremely conservative. I attend church. I am somewhat interested in politics. ",Donald Trump
1,1,1,71,1,2,2,white,man,71,extremely liberal,do not attend church,somewhat,"Racially, I am white. I am a man. I am 71 years old. Ideologically, I am extremely liberal. I do not attend church. I am somewhat interested in politics. ",Kamala Harris
1,2,4,35,2,2,1,asian,woman,35,liberal,attend church,somewhat,"Racially, I am asian. I am a woman. I am 35 years old. Ideologically, I am liberal. I attend church. I am somewhat interested in politics. ",Kamala Harris
2,1,6,26,5,3,2,mixed race,man,26,slightly conservative,do not attend church,not very,"Racially, I am mixed race. I am a man. I am 26 years old. Ideologically, I am slightly conservative. I do not attend church. I am not very interested in politics. ",Donald Trump
1,1,1,66,2,2,1,white,man,66,liberal,attend church,somewhat,"Racially, I am white. I am a man. I am 66 years old. Ideologically, I am liberal. I attend church. I am somewhat interested in politics. ",Kamala Harris
2,2,1,64,7,1,2,white,woman,64,extremely conservative,do not attend church,very,"Racially, I am white. I am a woman. I am 64 years old. Ideologically, I am extremely conservative. I do not attend church. I am very interested in politics. ",Donald Trump
2,2,1,80,6,2,2,white,woman,80,conservative,do not attend church,somewhat,"Racially, I am white. I am a woman. I am 80 years old. Ideologically, I am conservative. I do not attend church. I am somewhat interested in politics. ",Donald Trump
2,2,1,36,4,2,1,white,woman,36,moderate,attend church,somewhat,"Racially, I am white. I am a woman. I am 36 years old. Ideologically, I am moderate. I attend church. I am somewhat interested in politics. ",Donald Trump
1,2,1,61,3,2,1,white,woman,61,slightly liberal,attend church,somewhat,"Racially, I am white. I am a woman. I am 61 years old. Ideologically, I am slightly liberal. I attend church. I am somewhat interested in politics. ",Kamala Harris
2,1,3,28,5,2,2,hispanic,man,28,slightly conservative,do not attend church,somewhat,"Racially, I am hispanic. I am a man. I am 28 years old. Ideologically, I am slightly conservative. I do not attend church. I am somewhat interested in politics. ",Donald Trump
2,2,1,48,7,2,1,white,woman,48,extremely conservative,attend church,somewhat,"Racially, I am white. I am a woman. I am 48 years old. Ideologically, I am extremely conservative. I attend church. I am somewhat interested in politics. ",Donald Trump
2,1,1,43,6,2,1,white,man,43,conservative,attend church,somewhat,"Racially, I am white. I am a man. I am 43 years old. Ideologically, I am conservative. I attend church. I am somewhat interested in politics. ",Donald Trump
2,1,1,80,6,1,1,white,man,80,conservative,attend church,very,"Racially, I am white. I am a man. I am 80 years old. Ideologically, I am conservative. I attend church. I am very interested in politics. ",Donald Trump
1,2,1,35,2,1,1,white,woman,35,liberal,attend church,very,"Racially, I am white. I am a woman. I am 35 years old. Ideologically, I am liberal. I attend church. I am very interested in politics. ",Kamala Harris
1,2,1,76,4,2,2,white,woman,76,moderate,do not attend church,somewhat,"Racially, I am white. I am a woman. I am 76 years old. Ideologically, I am moderate. I do not attend church. I am somewhat interested in politics. ",Kamala Harris
2,1,1,42,6,2,2,white,man,42,conservative,do not attend church,somewhat,"Racially, I am white. I am a man. I am 42 years old. Ideologically, I am conservative. I do not attend church. I am somewhat interested in politics. ",Donald Trump
1,2,2,68,4,2,1,black,woman,68,moderate,attend church,somewhat,"Racially, I am black. I am a woman. I am 68 years old. Ideologically, I am moderate. I attend church. I am somewhat interested in politics. ",Kamala Harris
1,2,1,35,2,2,1,white,woman,35,liberal,attend church,somewhat,"Racially, I am white. I am a woman. I am 35 years old. Ideologically, I am liberal. I attend church. I am somewhat interested in politics. ",Kamala Harris
1,2,3,80,6,2,1,hispanic,woman,80,conservative,attend church,somewhat,"Racially, I am hispanic. I am a woman. I am 80 years old. Ideologically, I am conservative. I attend church. I am somewhat interested in politics. ",Kamala Harris
2,1,1,80,6,2,1,white,man,80,conservative,attend church,somewhat,"Racially, I am white. I am a man. I am 80 years old. Ideologically, I am conservative. I attend church. I am somewhat interested in politics. ",Donald Trump
2,1,1,55,5,4,2,white,man,55,slightly conservative,do not attend church,not at all,"Racially, I am white. I am a man. I am 55 years old. Ideologically, I am slightly conservative. I do not attend church. I am not at all interested in politics. ",Donald Trump
1,2,1,67,4,1,2,white,woman,67,moderate,do not attend church,very,"Racially, I am white. I am a woman. I am 67 years old. Ideologically, I am moderate. I do not attend church. I am very interested in politics. ",Kamala Harris
2,2,1,33,4,4,1,white,woman,33,moderate,attend church,not at all,"Racially, I am white. I am a woman. I am 33 years old. Ideologically, I am moderate. I attend church. I am not at all interested in politics. ",Donald Trump
1,2,2,42,3,3,1,black,woman,42,slightly liberal,attend church,not very,"Racially, I am black. I am a woman. I am 42 years old. Ideologically, I am slightly liberal. I attend church. I am not very interested in politics. ",Kamala Harris
2,2,1,68,5,2,1,white,woman,68,slightly conservative,attend church,somewhat,"Racially, I am white. I am a woman. I am 68 years old. Ideologically, I am slightly conservative. I attend church. I am somewhat interested in politics. ",Donald Trump
2,2,1,30,7,3,1,white,woman,30,extremely conservative,attend church,not very,"Racially, I am white. I am a woman. I am 30 years old. Ideologically, I am extremely conservative. I attend church. I am not very interested in politics. ",Donald Trump
1,2,1,61,4,3,2,white,woman,61,moderate,do not attend church,not very,"Racially, I am white. I am a woman. I am 61 years old. Ideologically, I am moderate. I do not attend church. I am not very interested in politics. ",Kamala Harris
2,2,1,41,5,1,1,white,woman,41,slightly conservative,attend church,very,"Racially, I am white. I am a woman. I am 41 years old. Ideologically, I am slightly conservative. I attend church. I am very interested in politics. ",Donald Trump
2,1,1,73,6,2,1,white,man,73,conservative,attend church,somewhat,"Racially, I am white. I am a man. I am 73 years old. Ideologically, I am conservative. I attend church. I am somewhat interested in politics. ",Donald Trump
2,2,1,70,6,2,1,white,woman,70,conservative,attend church,somewhat,"Racially, I am white. I am a woman. I am 70 years old. Ideologically, I am conservative. I attend church. I am somewhat interested in politics. ",Donald Trump
2,1,1,44,6,1,1,white,man,44,conservative,attend church,very,"Racially, I am white. I am a man. I am 44 years old. Ideologically, I am conservative. I attend church. I am very interested in politics. ",Donald Trump
2,2,1,66,6,1,1,white,woman,66,conservative,attend church,very,"Racially, I am white. I am a woman. I am 66 years old. Ideologically, I am conservative. I attend church. I am very interested in politics. ",Donald Trump
1,2,1,74,4,3,1,white,woman,74,moderate,attend church,not very,"Racially, I am white. I am a woman. I am 74 years old. Ideologically, I am moderate. I attend church. I am not very interested in politics. ",Kamala Harris
2,1,1,73,4,1,1,white,man,73,moderate,attend church,very,"Racially, I am white. I am a man. I am 73 years old. Ideologically, I am moderate. I attend church. I am very interested in politics. ",Donald Trump
2,2,1,40,6,2,2,white,woman,40,conservative,do not attend church,somewhat,"Racially, I am white. I am a woman. I am 40 years old. Ideologically, I am conservative. I do not attend church. I am somewhat interested in politics. ",Donald Trump
1,1,1,33,2,2,1,white,man,33,liberal,attend church,somewhat,"Racially, I am white. I am a man. I am 33 years old. Ideologically, I am liberal. I attend church. I am somewhat interested in politics. ",Kamala Harris
1,2,1,52,2,2,2,white,woman,52,liberal,do not attend church,somewhat,"Racially, I am white. I am a woman. I am 52 years old. Ideologically, I am liberal. I do not attend church. I am somewhat interested in politics. ",Kamala Harris
2,2,1,29,6,2,1,white,woman,29,conservative,attend church,somewhat,"Racially, I am white. I am a woman. I am 29 years old. Ideologically, I am conservative. I attend church. I am somewhat interested in politics. ",Donald Trump
2,2,3,46,5,2,1,hispanic,woman,46,slightly conservative,attend church,somewhat,"Racially, I am hispanic. I am a woman. I am 46 years old. Ideologically, I am slightly conservative. I attend church. I am somewhat interested in politics. ",Donald Trump
1,2,1,45,2,2,1,white,woman,45,liberal,attend church,somewhat,"Racially, I am white. I am a woman. I am 45 years old. Ideologically, I am liberal. I attend church. I am somewhat interested in politics. ",Kamala Harris
1,1,1,66,3,1,2,white,man,66,slightly liberal,do not attend church,very,"Racially, I am white. I am a man. I am 66 years old. Ideologically, I am slightly liberal. I do not attend church. I am very interested in politics. ",Kamala Harris
1,2,1,71,2,2,2,white,woman,71,liberal,do not attend church,somewhat,"Racially, I am white. I am a woman. I am 71 years old. Ideologically, I am liberal. I do not attend church. I am somewhat interested in politics. ",Kamala Harris
2,1,1,76,6,1,1,white,man,76,conservative,attend church,very,"Racially, I am white. I am a man. I am 76 years old. Ideologically, I am conservative. I attend church. I am very interested in politics. ",Donald Trump
1,1,1,64,4,4,1,white,man,64,moderate,attend church,not at all,"Racially, I am white. I am a man. I am 64 years old. Ideologically, I am moderate. I attend church. I am not at all interested in politics. ",Kamala Harris
2,1,1,27,5,4,1,white,man,27,slightly conservative,attend church,not at all,"Racially, I am white. I am a man. I am 27 years old. Ideologically, I am slightly conservative. I attend church. I am not at all interested in politics. ",Donald Trump
2,2,1,78,6,1,1,white,woman,78,conservative,attend church,very,"Racially, I am white. I am a woman. I am 78 years old. Ideologically, I am conservative. I attend church. I am very interested in politics. ",Donald Trump
2,2,1,67,7,1,1,white,woman,67,extremely conservative,attend church,very,"Racially, I am white. I am a woman. I am 67 years old. Ideologically, I am extremely conservative. I attend church. I am very interested in politics. ",Donald Trump
1,1,3,34,2,1,2,hispanic,man,34,liberal,do not attend church,very,"Racially, I am hispanic. I am a man. I am 34 years old. Ideologically, I am liberal. I do not attend church. I am very interested in politics. ",Kamala Harris
1,1,2,34,3,3,1,black,man,34,slightly liberal,attend church,not very,"Racially, I am black. I am a man. I am 34 years old. Ideologically, I am slightly liberal. I attend church. I am not very interested in politics. ",Kamala Harris
1,2,3,25,1,1,2,hispanic,woman,25,extremely liberal,do not attend church,very,"Racially, I am hispanic. I am a woman. I am 25 years old. Ideologically, I am extremely liberal. I do not attend church. I am very interested in politics. ",Kamala Harris
2,2,3,37,5,2,2,hispanic,woman,37,slightly conservative,do not attend church,somewhat,"Racially, I am hispanic. I am a woman. I am 37 years old. Ideologically, I am slightly conservative. I do not attend church. I am somewhat interested in politics. ",Donald Trump
2,1,1,73,6,1,1,white,man,73,conservative,attend church,very,"Racially, I am white. I am a man. I am 73 years old. Ideologically, I am conservative. I attend church. I am very interested in politics. ",Donald Trump
1,2,2,72,4,1,1,black,woman,72,moderate,attend church,very,"Racially, I am black. I am a woman. I am 72 years old. Ideologically, I am moderate. I attend church. I am very interested in politics. ",Kamala Harris
2,2,1,74,6,1,1,white,woman,74,conservative,attend church,very,"Racially, I am white. I am a woman. I am 74 years old. Ideologically, I am conservative. I attend church. I am very interested in politics. ",Donald Trump
1,2,1,36,2,2,2,white,woman,36,liberal,do not attend church,somewhat,"Racially, I am white. I am a woman. I am 36 years old. Ideologically, I am liberal. I do not attend church. I am somewhat interested in politics. ",Kamala Harris
1,2,1,69,3,2,2,white,woman,69,slightly liberal,do not attend church,somewhat,"Racially, I am white. I am a woman. I am 69 years old. Ideologically, I am slightly liberal. I do not attend church. I am somewhat interested in politics. ",Kamala Harris
1,1,1,66,5,2,2,white,man,66,slightly conservative,do not attend church,somewhat,"Racially, I am white. I am a man. I am 66 years old. Ideologically, I am slightly conservative. I do not attend church. I am somewhat interested in politics. ",Kamala Harris
2,2,1,63,6,3,2,white,woman,63,conservative,do not attend church,not very,"Racially, I am white. I am a woman. I am 63 years old. Ideologically, I am conservative. I do not attend church. I am not very interested in politics. ",Donald Trump
2,1,1,40,6,1,1,white,man,40,conservative,attend church,very,"Racially, I am white. I am a man. I am 40 years old. Ideologically, I am conservative. I attend church. I am very interested in politics. ",Donald Trump
1,2,1,56,1,2,1,white,woman,56,extremely liberal,attend church,somewhat,"Racially, I am white. I am a woman. I am 56 years old. Ideologically, I am extremely liberal. I attend church. I am somewhat interested in politics. ",Kamala Harris
1,2,1,47,3,1,1,white,woman,47,slightly liberal,attend church,very,"Racially, I am white. I am a woman. I am 47 years old. Ideologically, I am slightly liberal. I attend church. I am very interested in politics. ",Kamala Harris
1,2,2,77,3,1,1,black,woman,77,slightly liberal,attend church,very,"Racially, I am black. I am a woman. I am 77 years old. Ideologically, I am slightly liberal. I attend church. I am very interested in politics. ",Kamala Harris
1,2,3,71,2,1,1,hispanic,woman,71,liberal,attend church,very,"Racially, I am hispanic. I am a woman. I am 71 years old. Ideologically, I am liberal. I attend church. I am very interested in politics. ",Kamala Harris
1,2,4,39,6,1,1,asian,woman,39,conservative,attend church,very,"Racially, I am asian. I am a woman. I am 39 years old. Ideologically, I am conservative. I attend church. I am very interested in politics. ",Kamala Harris
2,2,1,38,4,3,1,white,woman,38,moderate,attend church,not very,"Racially, I am white. I am a woman. I am 38 years old. Ideologically, I am moderate. I attend church. I am not very interested in politics. ",Donald Trump
2,2,1,62,6,1,1,white,woman,62,conservative,attend church,very,"Racially, I am white. I am a woman. I am 62 years old. Ideologically, I am conservative. I attend church. I am very interested in politics. ",Donald Trump
1,1,1,56,5,2,2,white,man,56,slightly conservative,do not attend church,somewhat,"Racially, I am white. I am a man. I am 56 years old. Ideologically, I am slightly conservative. I do not attend church. I am somewhat interested in politics. ",Kamala Harris
1,1,1,65,4,1,2,white,man,65,moderate,do not attend church,very,"Racially, I am white. I am a man. I am 65 years old. Ideologically, I am moderate. I do not attend church. I am very interested in politics. ",Kamala Harris
1,1,1,79,2,1,1,white,man,79,liberal,attend church,very,"Racially, I am white. I am a man. I am 79 years old. Ideologically, I am liberal. I attend church. I am very interested in politics. ",Kamala Harris
2,1,1,66,7,1,1,white,man,66,extremely conservative,attend church,very,"Racially, I am white. I am a man. I am 66 years old. Ideologically, I am extremely conservative. I attend church. I am very interested in politics. ",Donald Trump
2,2,1,57,7,2,1,white,woman,57,extremely conservative,attend church,somewhat,"Racially, I am white. I am a woman. I am 57 years old. Ideologically, I am extremely conservative. I attend church. I am somewhat interested in politics. ",Donald Trump
1,2,1,66,4,2,2,white,woman,66,moderate,do not attend church,somewhat,"Racially, I am white. I am a woman. I am 66 years old. Ideologically, I am moderate. I do not attend church. I am somewhat interested in politics. ",Kamala Harris
2,2,1,66,7,1,1,white,woman,66,extremely conservative,attend church,very,"Racially, I am white. I am a woman. I am 66 years old. Ideologically, I am extremely conservative. I attend church. I am very interested in politics. ",Donald Trump
1,1,4,29,1,4,2,asian,man,29,extremely liberal,do not attend church,not at all,"Racially, I am asian. I am a man. I am 29 years old. Ideologically, I am extremely liberal. I do not attend church. I am not at all interested in politics. ",Kamala Harris
1,2,2,50,4,3,2,black,woman,50,moderate,do not attend church,not very,"Racially, I am black. I am a woman. I am 50 years old. Ideologically, I am moderate. I do not attend church. I am not very interested in politics. ",Kamala Harris
2,2,1,40,6,2,2,white,woman,40,conservative,do not attend church,somewhat,"Racially, I am white. I am a woman. I am 40 years old. Ideologically, I am conservative. I do not attend church. I am somewhat interested in politics. ",Donald Trump
2,1,1,38,4,1,2,white,man,38,moderate,do not attend church,very,"Racially, I am white. I am a man. I am 38 years old. Ideologically, I am moderate. I do not attend church. I am very interested in politics. ",Donald Trump
1,2,2,35,2,2,1,black,woman,35,liberal,attend church,somewhat,"Racially, I am black. I am a woman. I am 35 years old. Ideologically, I am liberal. I attend church. I am somewhat interested in politics. ",Kamala Harris
1,1,1,77,6,1,1,white,man,77,conservative,attend church,very,"Racially, I am white. I am a man. I am 77 years old. Ideologically, I am conservative. I attend church. I am very interested in politics. ",Kamala Harris
1,1,1,61,2,1,2,white,man,61,liberal,do not attend church,very,"Racially, I am white. I am a man. I am 61 years old. Ideologically, I am liberal. I do not attend church. I am very interested in politics. ",Kamala Harris
1,1,3,65,2,2,2,hispanic,man,65,liberal,do not attend church,somewhat,"Racially, I am hispanic. I am a man. I am 65 years old. Ideologically, I am liberal. I do not attend church. I am somewhat interested in politics. ",Kamala Harris
2,2,1,80,6,2,1,white,woman,80,conservative,attend church,somewhat,"Racially, I am white. I am a woman. I am 80 years old. Ideologically, I am conservative. I attend church. I am somewhat interested in politics. ",Donald Trump
2,1,1,33,4,2,2,white,man,33,moderate,do not attend church,somewhat,"Racially, I am white. I am a man. I am 33 years old. Ideologically, I am moderate. I do not attend church. I am somewhat interested in politics. ",Donald Trump
1,1,1,64,2,1,2,white,man,64,liberal,do not attend church,very,"Racially, I am white. I am a man. I am 64 years old. Ideologically, I am liberal. I do not attend church. I am very interested in politics. ",Kamala Harris
2,1,3,39,6,1,1,hispanic,man,39,conservative,attend church,very,"Racially, I am hispanic. I am a man. I am 39 years old. Ideologically, I am conservative. I attend church. I am very interested in politics. ",Donald Trump
1,1,1,80,5,2,2,white,man,80,slightly conservative,do not attend church,somewhat,"Racially, I am white. I am a man. I am 80 years old. Ideologically, I am slightly conservative. I do not attend church. I am somewhat interested in politics. ",Kamala Harris
2,2,1,64,6,2,1,white,woman,64,conservative,attend church,somewhat,"Racially, I am white. I am a woman. I am 64 years old. Ideologically, I am conservative. I attend church. I am somewhat interested in politics. ",Donald Trump
1,1,1,36,4,1,1,white,man,36,moderate,attend church,very,"Racially, I am white. I am a man. I am 36 years old. Ideologically, I am moderate. I attend church. I am very interested in politics. ",Kamala Harris
1,1,3,62,2,2,1,hispanic,man,62,liberal,attend church,somewhat,"Racially, I am hispanic. I am a man. I am 62 years old. Ideologically, I am liberal. I attend church. I am somewhat interested in politics. ",Kamala Harris
1,2,1,74,3,3,2,white,woman,74,slightly liberal,do not attend church,not very,"Racially, I am white. I am a woman. I am 74 years old. Ideologically, I am slightly liberal. I do not attend church. I am not very interested in politics. ",Kamala Harris
1,2,2,80,2,1,2,black,woman,80,liberal,do not attend church,very,"Racially, I am black. I am a woman. I am 80 years old. Ideologically, I am liberal. I do not attend church. I am very interested in politics. ",Kamala Harris
1,1,1,72,1,1,2,white,man,72,extremely liberal,do not attend church,very,"Racially, I am white. I am a man. I am 72 years old. Ideologically, I am extremely liberal. I do not attend church. I am very interested in politics. ",Kamala Harris
1,1,1,60,3,3,1,white,man,60,slightly liberal,attend church,not very,"Racially, I am white. I am a man. I am 60 years old. Ideologically, I am slightly liberal. I attend church. I am not very interested in politics. ",Kamala Harris
1,2,1,77,3,1,2,white,woman,77,slightly liberal,do not attend church,very,"Racially, I am white. I am a woman. I am 77 years old. Ideologically, I am slightly liberal. I do not attend church. I am very interested in politics. ",Kamala Harris
1,1,1,55,2,1,2,white,man,55,liberal,do not attend church,very,"Racially, I am white. I am a man. I am 55 years old. Ideologically, I am liberal. I do not attend church. I am very interested in politics. ",Kamala Harris
1,2,3,29,3,2,2,hispanic,woman,29,slightly liberal,do not attend church,somewhat,"Racially, I am hispanic. I am a woman. I am 29 years old. Ideologically, I am slightly liberal. I do not attend church. I am somewhat interested in politics. ",Kamala Harris
1,2,1,73,3,2,1,white,woman,73,slightly liberal,attend church,somewhat,"Racially, I am white. I am a woman. I am 73 years old. Ideologically, I am slightly liberal. I attend church. I am somewhat interested in politics. ",Kamala Harris
2,1,1,33,7,3,1,white,man,33,extremely conservative,attend church,not very,"Racially, I am white. I am a man. I am 33 years old. Ideologically, I am extremely conservative. I attend church. I am not very interested in politics. ",Donald Trump
2,2,1,74,4,2,2,white,woman,74,moderate,do not attend church,somewhat,"Racially, I am white. I am a woman. I am 74 years old. Ideologically, I am moderate. I do not attend church. I am somewhat interested in politics. ",Donald Trump
1,2,1,33,2,4,2,white,woman,33,liberal,do not attend church,not at all,"Racially, I am white. I am a woman. I am 33 years old. Ideologically, I am liberal. I do not attend church. I am not at all interested in politics. ",Kamala Harris
1,2,1,24,2,2,2,white,woman,24,liberal,do not attend church,somewhat,"Racially, I am white. I am a woman. I am 24 years old. Ideologically, I am liberal. I do not attend church. I am somewhat interested in politics. ",Kamala Harris
2,2,1,60,6,2,1,white,woman,60,conservative,attend church,somewhat,"Racially, I am white. I am a woman. I am 60 years old. Ideologically, I am conservative. I attend church. I am somewhat interested in politics. ",Donald Trump
1,1,2,38,5,2,1,black,man,38,slightly conservative,attend church,somewhat,"Racially, I am black. I am a man. I am 38 years old. Ideologically, I am slightly conservative. I attend church. I am somewhat interested in politics. ",Kamala Harris
1,1,3,35,2,3,2,hispanic,man,35,liberal,do not attend church,not very,"Racially, I am hispanic. I am a man. I am 35 years old. Ideologically, I am liberal. I do not attend church. I am not very interested in politics. ",Kamala Harris
1,1,2,67,5,2,1,black,man,67,slightly conservative,attend church,somewhat,"Racially, I am black. I am a man. I am 67 years old. Ideologically, I am slightly conservative. I attend church. I am somewhat interested in politics. ",Kamala Harris
2,1,1,43,5,4,2,white,man,43,slightly conservative,do not attend church,not at all,"Racially, I am white. I am a man. I am 43 years old. Ideologically, I am slightly conservative. I do not attend church. I am not at all interested in politics. ",Donald Trump
1,2,1,69,3,1,2,white,woman,69,slightly liberal,do not attend church,very,"Racially, I am white. I am a woman. I am 69 years old. Ideologically, I am slightly liberal. I do not attend church. I am very interested in politics. ",Kamala Harris
1,2,1,22,1,1,2,white,woman,22,extremely liberal,do not attend church,very,"Racially, I am white. I am a woman. I am 22 years old. Ideologically, I am extremely liberal. I do not attend church. I am very interested in politics. ",Kamala Harris
1,2,1,57,2,2,2,white,woman,57,liberal,do not attend church,somewhat,"Racially, I am white. I am a woman. I am 57 years old. Ideologically, I am liberal. I do not attend church. I am somewhat interested in politics. ",Kamala Harris
2,1,1,57,4,2,1,white,man,57,moderate,attend church,somewhat,"Racially, I am white. I am a man. I am 57 years old. Ideologically, I am moderate. I attend church. I am somewhat interested in politics. ",Donald Trump
1,1,1,65,4,2,1,white,man,65,moderate,attend church,somewhat,"Racially, I am white. I am a man. I am 65 years old. Ideologically, I am moderate. I attend church. I am somewhat interested in politics. ",Kamala Harris
2,2,1,77,6,2,1,white,woman,77,conservative,attend church,somewhat,"Racially, I am white. I am a woman. I am 77 years old. Ideologically, I am conservative. I attend church. I am somewhat interested in politics. ",Donald Trump
1,1,1,45,3,1,2,white,man,45,slightly liberal,do not attend church,very,"Racially, I am white. I am a man. I am 45 years old. Ideologically, I am slightly liberal. I do not attend church. I am very interested in politics. ",Kamala Harris
1,2,1,71,3,2,2,white,woman,71,slightly liberal,do not attend church,somewhat,"Racially, I am white. I am a woman. I am 71 years old. Ideologically, I am slightly liberal. I do not attend church. I am somewhat interested in politics. ",Kamala Harris
1,1,1,33,2,2,2,white,man,33,liberal,do not attend church,somewhat,"Racially, I am white. I am a man. I am 33 years old. Ideologically, I am liberal. I do not attend church. I am somewhat interested in politics. ",Kamala Harris
1,2,1,67,3,1,1,white,woman,67,slightly liberal,attend church,very,"Racially, I am white. I am a woman. I am 67 years old. Ideologically, I am slightly liberal. I attend church. I am very interested in politics. ",Kamala Harris
1,2,1,70,4,3,2,white,woman,70,moderate,do not attend church,not very,"Racially, I am white. I am a woman. I am 70 years old. Ideologically, I am moderate. I do not attend church. I am not very interested in politics. ",Kamala Harris
2,1,3,76,6,2,1,hispanic,man,76,conservative,attend church,somewhat,"Racially, I am hispanic. I am a man. I am 76 years old. Ideologically, I am conservative. I attend church. I am somewhat interested in politics. ",Donald Trump
2,1,1,42,5,4,1,white,man,42,slightly conservative,attend church,not at all,"Racially, I am white. I am a man. I am 42 years old. Ideologically, I am slightly conservative. I attend church. I am not at all interested in politics. ",Donald Trump
1,1,1,50,5,2,2,white,man,50,slightly conservative,do not attend church,somewhat,"Racially, I am white. I am a man. I am 50 years old. Ideologically, I am slightly conservative. I do not attend church. I am somewhat interested in politics. ",Kamala Harris
2,1,1,50,5,3,1,white,man,50,slightly conservative,attend church,not very,"Racially, I am white. I am a man. I am 50 years old. Ideologically, I am slightly conservative. I attend church. I am not very interested in politics. ",Donald Trump
2,1,1,76,5,2,1,white,man,76,slightly conservative,attend church,somewhat,"Racially, I am white. I am a man. I am 76 years old. Ideologically, I am slightly conservative. I attend church. I am somewhat interested in politics. ",Donald Trump
1,2,1,63,2,2,2,white,woman,63,liberal,do not attend church,somewhat,"Racially, I am white. I am a woman. I am 63 years old. Ideologically, I am liberal. I do not attend church. I am somewhat interested in politics. ",Kamala Harris
1,1,1,68,2,1,1,white,man,68,liberal,attend church,very,"Racially, I am white. I am a man. I am 68 years old. Ideologically, I am liberal. I attend church. I am very interested in politics. ",Kamala Harris
1,2,2,41,3,2,1,black,woman,41,slightly liberal,attend church,somewhat,"Racially, I am black. I am a woman. I am 41 years old. Ideologically, I am slightly liberal. I attend church. I am somewhat interested in politics. ",Kamala Harris
2,2,1,44,7,2,1,white,woman,44,extremely conservative,attend church,somewhat,"Racially, I am white. I am a woman. I am 44 years old. Ideologically, I am extremely conservative. I attend church. I am somewhat interested in politics. ",Donald Trump
1,2,1,80,7,2,2,white,woman,80,extremely conservative,do not attend church,somewhat,"Racially, I am white. I am a woman. I am 80 years old. Ideologically, I am extremely conservative. I do not attend church. I am somewhat interested in politics. ",Kamala Harris
1,2,1,55,5,2,2,white,woman,55,slightly conservative,do not attend church,somewhat,"Racially, I am white. I am a woman. I am 55 years old. Ideologically, I am slightly conservative. I do not attend church. I am somewhat interested in politics. ",Kamala Harris
1,1,1,72,2,2,1,white,man,72,liberal,attend church,somewhat,"Racially, I am white. I am a man. I am 72 years old. Ideologically, I am liberal. I attend church. I am somewhat interested in politics. ",Kamala Harris
2,2,1,72,6,1,1,white,woman,72,conservative,attend church,very,"Racially, I am white. I am a woman. I am 72 years old. Ideologically, I am conservative. I attend church. I am very interested in politics. ",Donald Trump
1,1,2,64,4,3,2,black,man,64,moderate,do not attend church,not very,"Racially, I am black. I am a man. I am 64 years old. Ideologically, I am moderate. I do not attend church. I am not very interested in politics. ",Kamala Harris
2,1,1,45,5,3,2,white,man,45,slightly conservative,do not attend church,not very,"Racially, I am white. I am a man. I am 45 years old. Ideologically, I am slightly conservative. I do not attend church. I am not very interested in politics. ",Donald Trump
2,2,1,80,6,1,1,white,woman,80,conservative,attend church,very,"Racially, I am white. I am a woman. I am 80 years old. Ideologically, I am conservative. I attend church. I am very interested in politics. ",Donald Trump
1,1,4,42,4,1,1,asian,man,42,moderate,attend church,very,"Racially, I am asian. I am a man. I am 42 years old. Ideologically, I am moderate. I attend church. I am very interested in politics. ",Kamala Harris
2,1,1,60,6,1,2,white,man,60,conservative,do not attend church,very,"Racially, I am white. I am a man. I am 60 years old. Ideologically, I am conservative. I do not attend church. I am very interested in politics. ",Donald Trump
2,2,1,43,7,3,1,white,woman,43,extremely conservative,attend church,not very,"Racially, I am white. I am a woman. I am 43 years old. Ideologically, I am extremely conservative. I attend church. I am not very interested in politics. ",Donald Trump
1,1,1,71,3,4,1,white,man,71,slightly liberal,attend church,not at all,"Racially, I am white. I am a man. I am 71 years old. Ideologically, I am slightly liberal. I attend church. I am not at all interested in politics. ",Kamala Harris
1,2,1,33,4,3,1,white,woman,33,moderate,attend church,not very,"Racially, I am white. I am a woman. I am 33 years old. Ideologically, I am moderate. I attend church. I am not very interested in politics. ",Kamala Harris
2,2,3,51,2,1,1,hispanic,woman,51,liberal,attend church,very,"Racially, I am hispanic. I am a woman. I am 51 years old. Ideologically, I am liberal. I attend church. I am very interested in politics. ",Donald Trump
1,2,1,75,2,1,1,white,woman,75,liberal,attend church,very,"Racially, I am white. I am a woman. I am 75 years old. Ideologically, I am liberal. I attend church. I am very interested in politics. ",Kamala Harris
1,2,2,74,6,2,2,black,woman,74,conservative,do not attend church,somewhat,"Racially, I am black. I am a woman. I am 74 years old. Ideologically, I am conservative. I do not attend church. I am somewhat interested in politics. ",Kamala Harris
1,1,1,34,2,2,1,white,man,34,liberal,attend church,somewhat,"Racially, I am white. I am a man. I am 34 years old. Ideologically, I am liberal. I attend church. I am somewhat interested in politics. ",Kamala Harris
2,1,6,55,6,2,1,mixed race,man,55,conservative,attend church,somewhat,"Racially, I am mixed race. I am a man. I am 55 years old. Ideologically, I am conservative. I attend church. I am somewhat interested in politics. ",Donald Trump
2,2,1,80,5,2,1,white,woman,80,slightly conservative,attend church,somewhat,"Racially, I am white. I am a woman. I am 80 years old. Ideologically, I am slightly conservative. I attend church. I am somewhat interested in politics. ",Donald Trump
2,1,1,63,7,2,1,white,man,63,extremely conservative,attend church,somewhat,"Racially, I am white. I am a man. I am 63 years old. Ideologically, I am extremely conservative. I attend church. I am somewhat interested in politics. ",Donald Trump
1,1,1,75,3,2,1,white,man,75,slightly liberal,attend church,somewhat,"Racially, I am white. I am a man. I am 75 years old. Ideologically, I am slightly liberal. I attend church. I am somewhat interested in politics. ",Kamala Harris
1,2,6,62,3,2,2,mixed race,woman,62,slightly liberal,do not attend church,somewhat,"Racially, I am mixed race. I am a woman. I am 62 years old. Ideologically, I am slightly liberal. I do not attend church. I am somewhat interested in politics. ",Kamala Harris
1,2,1,21,1,1,2,white,woman,21,extremely liberal,do not attend church,very,"Racially, I am white. I am a woman. I am 21 years old. Ideologically, I am extremely liberal. I do not attend church. I am very interested in politics. ",Kamala Harris
1,2,2,40,5,3,2,black,woman,40,slightly conservative,do not attend church,not very,"Racially, I am black. I am a woman. I am 40 years old. Ideologically, I am slightly conservative. I do not attend church. I am not very interested in politics. ",Kamala Harris
2,1,1,55,6,4,1,white,man,55,conservative,attend church,not at all,"Racially, I am white. I am a man. I am 55 years old. Ideologically, I am conservative. I attend church. I am not at all interested in politics. ",Donald Trump
2,2,1,32,5,2,2,white,woman,32,slightly conservative,do not attend church,somewhat,"Racially, I am white. I am a woman. I am 32 years old. Ideologically, I am slightly conservative. I do not attend church. I am somewhat interested in politics. ",Donald Trump
2,2,1,57,6,1,1,white,woman,57,conservative,attend church,very,"Racially, I am white. I am a woman. I am 57 years old. Ideologically, I am conservative. I attend church. I am very interested in politics. ",Donald Trump
2,2,1,80,4,3,1,white,woman,80,moderate,attend church,not very,"Racially, I am white. I am a woman. I am 80 years old. Ideologically, I am moderate. I attend church. I am not very interested in politics. ",Donald Trump
2,1,1,77,6,1,2,white,man,77,conservative,do not attend church,very,"Racially, I am white. I am a man. I am 77 years old. Ideologically, I am conservative. I do not attend church. I am very interested in politics. ",Donald Trump
2,1,1,31,5,2,1,white,man,31,slightly conservative,attend church,somewhat,"Racially, I am white. I am a man. I am 31 years old. Ideologically, I am slightly conservative. I attend church. I am somewhat interested in politics. ",Donald Trump
1,1,1,36,2,1,1,white,man,36,liberal,attend church,very,"Racially, I am white. I am a man. I am 36 years old. Ideologically, I am liberal. I attend church. I am very interested in politics. ",Kamala Harris
1,2,1,45,2,2,2,white,woman,45,liberal,do not attend church,somewhat,"Racially, I am white. I am a woman. I am 45 years old. Ideologically, I am liberal. I do not attend church. I am somewhat interested in politics. ",Kamala Harris
2,2,6,68,6,3,2,mixed race,woman,68,conservative,do not attend church,not very,"Racially, I am mixed race. I am a woman. I am 68 years old. Ideologically, I am conservative. I do not attend church. I am not very interested in politics. ",Donald Trump
1,1,1,79,3,2,2,white,man,79,slightly liberal,do not attend church,somewhat,"Racially, I am white. I am a man. I am 79 years old. Ideologically, I am slightly liberal. I do not attend church. I am somewhat interested in politics. ",Kamala Harris
2,1,1,64,5,2,2,white,man,64,slightly conservative,do not attend church,somewhat,"Racially, I am white. I am a man. I am 64 years old. Ideologically, I am slightly conservative. I do not attend church. I am somewhat interested in politics. ",Donald Trump
2,1,1,66,5,3,1,white,man,66,slightly conservative,attend church,not very,"Racially, I am white. I am a man. I am 66 years old. Ideologically, I am slightly conservative. I attend church. I am not very interested in politics. ",Donald Trump
2,1,1,70,6,2,2,white,man,70,conservative,do not attend church,somewhat,"Racially, I am white. I am a man. I am 70 years old. Ideologically, I am conservative. I do not attend church. I am somewhat interested in politics. ",Donald Trump
1,2,1,78,2,2,1,white,woman,78,liberal,attend church,somewhat,"Racially, I am white. I am a woman. I am 78 years old. Ideologically, I am liberal. I attend church. I am somewhat interested in politics. ",Kamala Harris
2,1,1,43,6,1,1,white,man,43,conservative,attend church,very,"Racially, I am white. I am a man. I am 43 years old. Ideologically, I am conservative. I attend church. I am very interested in politics. ",Donald Trump
1,2,1,73,2,1,2,white,woman,73,liberal,do not attend church,very,"Racially, I am white. I am a woman. I am 73 years old. Ideologically, I am liberal. I do not attend church. I am very interested in politics. ",Kamala Harris
1,1,1,80,5,4,2,white,man,80,slightly conservative,do not attend church,not at all,"Racially, I am white. I am a man. I am 80 years old. Ideologically, I am slightly conservative. I do not attend church. I am not at all interested in politics. ",Kamala Harris
2,2,1,80,4,4,1,white,woman,80,moderate,attend church,not at all,"Racially, I am white. I am a woman. I am 80 years old. Ideologically, I am moderate. I attend church. I am not at all interested in politics. ",Donald Trump
1,2,1,42,5,2,1,white,woman,42,slightly conservative,attend church,somewhat,"Racially, I am white. I am a woman. I am 42 years old. Ideologically, I am slightly conservative. I attend church. I am somewhat interested in politics. ",Kamala Harris
1,2,3,72,4,1,2,hispanic,woman,72,moderate,do not attend church,very,"Racially, I am hispanic. I am a woman. I am 72 years old. Ideologically, I am moderate. I do not attend church. I am very interested in politics. ",Kamala Harris
1,2,3,29,1,2,2,hispanic,woman,29,extremely liberal,do not attend church,somewhat,"Racially, I am hispanic. I am a woman. I am 29 years old. Ideologically, I am extremely liberal. I do not attend church. I am somewhat interested in politics. ",Kamala Harris
2,2,1,80,6,2,2,white,woman,80,conservative,do not attend church,somewhat,"Racially, I am white. I am a woman. I am 80 years old. Ideologically, I am conservative. I do not attend church. I am somewhat interested in politics. ",Donald Trump
1,1,2,32,4,2,2,black,man,32,moderate,do not attend church,somewhat,"Racially, I am black. I am a man. I am 32 years old. Ideologically, I am moderate. I do not attend church. I am somewhat interested in politics. ",Kamala Harris
1,1,1,72,1,1,2,white,man,72,extremely liberal,do not attend church,very,"Racially, I am white. I am a man. I am 72 years old. Ideologically, I am extremely liberal. I do not attend church. I am very interested in politics. ",Kamala Harris
2,1,1,65,4,2,2,white,man,65,moderate,do not attend church,somewhat,"Racially, I am white. I am a man. I am 65 years old. Ideologically, I am moderate. I do not attend church. I am somewhat interested in politics. ",Donald Trump
2,1,1,58,4,3,2,white,man,58,moderate,do not attend church,not very,"Racially, I am white. I am a man. I am 58 years old. Ideologically, I am moderate. I do not attend church. I am not very interested in politics. ",Donald Trump
1,1,1,60,2,2,2,white,man,60,liberal,do not attend church,somewhat,"Racially, I am white. I am a man. I am 60 years old. Ideologically, I am liberal. I do not attend church. I am somewhat interested in politics. ",Kamala Harris
1,2,1,54,4,2,2,white,woman,54,moderate,do not attend church,somewhat,"Racially, I am white. I am a woman. I am 54 years old. Ideologically, I am moderate. I do not attend church. I am somewhat interested in politics. ",Kamala Harris
2,1,1,51,5,3,2,white,man,51,slightly conservative,do not attend church,not very,"Racially, I am white. I am a man. I am 51 years old. Ideologically, I am slightly conservative. I do not attend church. I am not very interested in politics. ",Donald Trump
2,2,1,54,6,1,2,white,woman,54,conservative,do not attend church,very,"Racially, I am white. I am a woman. I am 54 years old. Ideologically, I am conservative. I do not attend church. I am very interested in politics. ",Donald Trump
1,2,1,71,2,2,1,white,woman,71,liberal,attend church,somewhat,"Racially, I am white. I am a woman. I am 71 years old. Ideologically, I am liberal. I attend church. I am somewhat interested in politics. ",Kamala Harris
1,2,1,41,4,3,1,white,woman,41,moderate,attend church,not very,"Racially, I am white. I am a woman. I am 41 years old. Ideologically, I am moderate. I attend church. I am not very interested in politics. ",Kamala Harris
2,1,1,43,7,1,1,white,man,43,extremely conservative,attend church,very,"Racially, I am white. I am a man. I am 43 years old. Ideologically, I am extremely conservative. I attend church. I am very interested in politics. ",Donald Trump
2,1,1,41,5,2,2,white,man,41,slightly conservative,do not attend church,somewhat,"Racially, I am white. I am a man. I am 41 years old. Ideologically, I am slightly conservative. I do not attend church. I am somewhat interested in politics. ",Donald Trump
2,2,1,79,6,3,2,white,woman,79,conservative,do not attend church,not very,"Racially, I am white. I am a woman. I am 79 years old. Ideologically, I am conservative. I do not attend church. I am not very interested in politics. ",Donald Trump
2,1,1,76,6,1,1,white,man,76,conservative,attend church,very,"Racially, I am white. I am a man. I am 76 years old. Ideologically, I am conservative. I attend church. I am very interested in politics. ",Donald Trump
1,2,1,80,4,1,1,white,woman,80,moderate,attend church,very,"Racially, I am white. I am a woman. I am 80 years old. Ideologically, I am moderate. I attend church. I am very interested in politics. ",Kamala Harris
2,1,1,70,6,2,1,white,man,70,conservative,attend church,somewhat,"Racially, I am white. I am a man. I am 70 years old. Ideologically, I am conservative. I attend church. I am somewhat interested in politics. ",Donald Trump
2,2,1,35,6,3,1,white,woman,35,conservative,attend church,not very,"Racially, I am white. I am a woman. I am 35 years old. Ideologically, I am conservative. I attend church. I am not very interested in politics. ",Donald Trump
1,1,1,74,4,1,1,white,man,74,moderate,attend church,very,"Racially, I am white. I am a man. I am 74 years old. Ideologically, I am moderate. I attend church. I am very interested in politics. ",Kamala Harris
1,2,2,38,4,1,1,black,woman,38,moderate,attend church,very,"Racially, I am black. I am a woman. I am 38 years old. Ideologically, I am moderate. I attend church. I am very interested in politics. ",Kamala Harris
1,1,2,62,4,1,2,black,man,62,moderate,do not attend church,very,"Racially, I am black. I am a man. I am 62 years old. Ideologically, I am moderate. I do not attend church. I am very interested in politics. ",Kamala Harris
1,2,1,76,2,1,2,white,woman,76,liberal,do not attend church,very,"Racially, I am white. I am a woman. I am 76 years old. Ideologically, I am liberal. I do not attend church. I am very interested in politics. ",Kamala Harris
1,2,1,66,2,2,2,white,woman,66,liberal,do not attend church,somewhat,"Racially, I am white. I am a woman. I am 66 years old. Ideologically, I am liberal. I do not attend church. I am somewhat interested in politics. ",Kamala Harris
2,1,3,79,5,2,1,hispanic,man,79,slightly conservative,attend church,somewhat,"Racially, I am hispanic. I am a man. I am 79 years old. Ideologically, I am slightly conservative. I attend church. I am somewhat interested in politics. ",Donald Trump
1,1,1,80,2,1,1,white,man,80,liberal,attend church,very,"Racially, I am white. I am a man. I am 80 years old. Ideologically, I am liberal. I attend church. I am very interested in politics. ",Kamala Harris
1,2,1,77,2,2,1,white,woman,77,liberal,attend church,somewhat,"Racially, I am white. I am a woman. I am 77 years old. Ideologically, I am liberal. I attend church. I am somewhat interested in politics. ",Kamala Harris
1,1,2,26,2,1,1,black,man,26,liberal,attend church,very,"Racially, I am black. I am a man. I am 26 years old. Ideologically, I am liberal. I attend church. I am very interested in politics. ",Kamala Harris
2,1,1,38,6,1,1,white,man,38,conservative,attend church,very,"Racially, I am white. I am a man. I am 38 years old. Ideologically, I am conservative. I attend church. I am very interested in politics. ",Donald Trump
1,2,1,80,3,2,1,white,woman,80,slightly liberal,attend church,somewhat,"Racially, I am white. I am a woman. I am 80 years old. Ideologically, I am slightly liberal. I attend church. I am somewhat interested in politics. ",Kamala Harris
1,1,1,50,2,3,2,white,man,50,liberal,do not attend church,not very,"Racially, I am white. I am a man. I am 50 years old. Ideologically, I am liberal. I do not attend church. I am not very interested in politics. ",Kamala Harris
2,1,1,60,6,1,1,white,man,60,conservative,attend church,very,"Racially, I am white. I am a man. I am 60 years old. Ideologically, I am conservative. I attend church. I am very interested in politics. ",Donald Trump
2,1,1,31,6,1,1,white,man,31,conservative,attend church,very,"Racially, I am white. I am a man. I am 31 years old. Ideologically, I am conservative. I attend church. I am very interested in politics. ",Donald Trump
1,2,1,34,2,2,2,white,woman,34,liberal,do not attend church,somewhat,"Racially, I am white. I am a woman. I am 34 years old. Ideologically, I am liberal. I do not attend church. I am somewhat interested in politics. ",Kamala Harris
1,1,1,58,1,1,1,white,man,58,extremely liberal,attend church,very,"Racially, I am white. I am a man. I am 58 years old. Ideologically, I am extremely liberal. I attend church. I am very interested in politics. ",Kamala Harris
1,1,1,50,5,1,1,white,man,50,slightly conservative,attend church,very,"Racially, I am white. I am a man. I am 50 years old. Ideologically, I am slightly conservative. I attend church. I am very interested in politics. ",Kamala Harris
1,1,1,39,5,2,1,white,man,39,slightly conservative,attend church,somewhat,"Racially, I am white. I am a man. I am 39 years old. Ideologically, I am slightly conservative. I attend church. I am somewhat interested in politics. ",Kamala Harris
1,1,3,34,2,3,2,hispanic,man,34,liberal,do not attend church,not very,"Racially, I am hispanic. I am a man. I am 34 years old. Ideologically, I am liberal. I do not attend church. I am not very interested in politics. ",Kamala Harris
1,2,1,32,2,2,2,white,woman,32,liberal,do not attend church,somewhat,"Racially, I am white. I am a woman. I am 32 years old. Ideologically, I am liberal. I do not attend church. I am somewhat interested in politics. ",Kamala Harris
2,2,1,80,4,2,1,white,woman,80,moderate,attend church,somewhat,"Racially, I am white. I am a woman. I am 80 years old. Ideologically, I am moderate. I attend church. I am somewhat interested in politics. ",Donald Trump
2,1,3,44,4,2,1,hispanic,man,44,moderate,attend church,somewhat,"Racially, I am hispanic. I am a man. I am 44 years old. Ideologically, I am moderate. I attend church. I am somewhat interested in politics. ",Donald Trump
1,2,1,57,3,3,1,white,woman,57,slightly liberal,attend church,not very,"Racially, I am white. I am a woman. I am 57 years old. Ideologically, I am slightly liberal. I attend church. I am not very interested in politics. ",Kamala Harris
2,2,1,65,6,1,2,white,woman,65,conservative,do not attend church,very,"Racially, I am white. I am a woman. I am 65 years old. Ideologically, I am conservative. I do not attend church. I am very interested in politics. ",Donald Trump
2,2,1,64,6,2,2,white,woman,64,conservative,do not attend church,somewhat,"Racially, I am white. I am a woman. I am 64 years old. Ideologically, I am conservative. I do not attend church. I am somewhat interested in politics. ",Donald Trump
2,2,1,61,7,2,1,white,woman,61,extremely conservative,attend church,somewhat,"Racially, I am white. I am a woman. I am 61 years old. Ideologically, I am extremely conservative. I attend church. I am somewhat interested in politics. ",Donald Trump
1,1,1,32,3,2,1,white,man,32,slightly liberal,attend church,somewhat,"Racially, I am white. I am a man. I am 32 years old. Ideologically, I am slightly liberal. I attend church. I am somewhat interested in politics. ",Kamala Harris
1,1,1,74,3,2,1,white,man,74,slightly liberal,attend church,somewhat,"Racially, I am white. I am a man. I am 74 years old. Ideologically, I am slightly liberal. I attend church. I am somewhat interested in politics. ",Kamala Harris
2,1,1,69,6,2,1,white,man,69,conservative,attend church,somewhat,"Racially, I am white. I am a man. I am 69 years old. Ideologically, I am conservative. I attend church. I am somewhat interested in politics. ",Donald Trump
2,1,2,37,6,3,2,black,man,37,conservative,do not attend church,not very,"Racially, I am black. I am a man. I am 37 years old. Ideologically, I am conservative. I do not attend church. I am not very interested in politics. ",Donald Trump
1,1,1,55,2,1,2,white,man,55,liberal,do not attend church,very,"Racially, I am white. I am a man. I am 55 years old. Ideologically, I am liberal. I do not attend church. I am very interested in politics. ",Kamala Harris
1,2,4,43,2,2,2,asian,woman,43,liberal,do not attend church,somewhat,"Racially, I am asian. I am a woman. I am 43 years old. Ideologically, I am liberal. I do not attend church. I am somewhat interested in politics. ",Kamala Harris
2,1,1,62,6,3,1,white,man,62,conservative,attend church,not very,"Racially, I am white. I am a man. I am 62 years old. Ideologically, I am conservative. I attend church. I am not very interested in politics. ",Donald Trump
2,1,1,55,6,1,1,white,man,55,conservative,attend church,very,"Racially, I am white. I am a man. I am 55 years old. Ideologically, I am conservative. I attend church. I am very interested in politics. ",Donald Trump
1,1,5,50,1,1,2,native American,man,50,extremely liberal,do not attend church,very,"Racially, I am native American. I am a man. I am 50 years old. Ideologically, I am extremely liberal. I do not attend church. I am very interested in politics. ",Kamala Harris
2,1,1,54,6,1,1,white,man,54,conservative,attend church,very,"Racially, I am white. I am a man. I am 54 years old. Ideologically, I am conservative. I attend church. I am very interested in politics. ",Donald Trump
1,1,1,27,1,2,1,white,man,27,extremely liberal,attend church,somewhat,"Racially, I am white. I am a man. I am 27 years old. Ideologically, I am extremely liberal. I attend church. I am somewhat interested in politics. ",Kamala Harris
1,1,1,61,2,1,2,white,man,61,liberal,do not attend church,very,"Racially, I am white. I am a man. I am 61 years old. Ideologically, I am liberal. I do not attend church. I am very interested in politics. ",Kamala Harris
2,2,1,77,7,3,1,white,woman,77,extremely conservative,attend church,not very,"Racially, I am white. I am a woman. I am 77 years old. Ideologically, I am extremely conservative. I attend church. I am not very interested in politics. ",Donald Trump
1,1,1,80,2,1,1,white,man,80,liberal,attend church,very,"Racially, I am white. I am a man. I am 80 years old. Ideologically, I am liberal. I attend church. I am very interested in politics. ",Kamala Harris
1,1,2,61,3,2,1,black,man,61,slightly liberal,attend church,somewhat,"Racially, I am black. I am a man. I am 61 years old. Ideologically, I am slightly liberal. I attend church. I am somewhat interested in politics. ",Kamala Harris
2,1,1,53,5,2,2,white,man,53,slightly conservative,do not attend church,somewhat,"Racially, I am white. I am a man. I am 53 years old. Ideologically, I am slightly conservative. I do not attend church. I am somewhat interested in politics. ",Donald Trump
1,2,6,66,2,2,1,mixed race,woman,66,liberal,attend church,somewhat,"Racially, I am mixed race. I am a woman. I am 66 years old. Ideologically, I am liberal. I attend church. I am somewhat interested in politics. ",Kamala Harris
1,1,1,53,3,2,1,white,man,53,slightly liberal,attend church,somewhat,"Racially, I am white. I am a man. I am 53 years old. Ideologically, I am slightly liberal. I attend church. I am somewhat interested in politics. ",Kamala Harris
2,2,6,44,5,2,1,mixed race,woman,44,slightly conservative,attend church,somewhat,"Racially, I am mixed race. I am a woman. I am 44 years old. Ideologically, I am slightly conservative. I attend church. I am somewhat interested in politics. ",Donald Trump
1,2,2,64,4,2,1,black,woman,64,moderate,attend church,somewhat,"Racially, I am black. I am a woman. I am 64 years old. Ideologically, I am moderate. I attend church. I am somewhat interested in politics. ",Kamala Harris
2,2,1,70,6,2,1,white,woman,70,conservative,attend church,somewhat,"Racially, I am white. I am a woman. I am 70 years old. Ideologically, I am conservative. I attend church. I am somewhat interested in politics. ",Donald Trump
1,1,2,73,3,2,1,black,man,73,slightly liberal,attend church,somewhat,"Racially, I am black. I am a man. I am 73 years old. Ideologically, I am slightly liberal. I attend church. I am somewhat interested in politics. ",Kamala Harris
1,1,1,33,4,1,1,white,man,33,moderate,attend church,very,"Racially, I am white. I am a man. I am 33 years old. Ideologically, I am moderate. I attend church. I am very interested in politics. ",Kamala Harris
1,1,1,42,2,2,2,white,man,42,liberal,do not attend church,somewhat,"Racially, I am white. I am a man. I am 42 years old. Ideologically, I am liberal. I do not attend church. I am somewhat interested in politics. ",Kamala Harris
2,2,1,36,6,1,1,white,woman,36,conservative,attend church,very,"Racially, I am white. I am a woman. I am 36 years old. Ideologically, I am conservative. I attend church. I am very interested in politics. ",Donald Trump
2,2,1,75,4,2,2,white,woman,75,moderate,do not attend church,somewhat,"Racially, I am white. I am a woman. I am 75 years old. Ideologically, I am moderate. I do not attend church. I am somewhat interested in politics. ",Donald Trump
2,2,3,36,5,3,1,hispanic,woman,36,slightly conservative,attend church,not very,"Racially, I am hispanic. I am a woman. I am 36 years old. Ideologically, I am slightly conservative. I attend church. I am not very interested in politics. ",Donald Trump
1,1,1,80,4,1,1,white,man,80,moderate,attend church,very,"Racially, I am white. I am a man. I am 80 years old. Ideologically, I am moderate. I attend church. I am very interested in politics. ",Kamala Harris
2,1,1,59,6,2,2,white,man,59,conservative,do not attend church,somewhat,"Racially, I am white. I am a man. I am 59 years old. Ideologically, I am conservative. I do not attend church. I am somewhat interested in politics. ",Donald Trump
1,1,1,66,2,1,2,white,man,66,liberal,do not attend church,very,"Racially, I am white. I am a man. I am 66 years old. Ideologically, I am liberal. I do not attend church. I am very interested in politics. ",Kamala Harris
1,1,1,49,2,2,2,white,man,49,liberal,do not attend church,somewhat,"Racially, I am white. I am a man. I am 49 years old. Ideologically, I am liberal. I do not attend church. I am somewhat interested in politics. ",Kamala Harris
1,1,3,80,2,1,1,hispanic,man,80,liberal,attend church,very,"Racially, I am hispanic. I am a man. I am 80 years old. Ideologically, I am liberal. I attend church. I am very interested in politics. ",Kamala Harris
1,2,1,62,3,1,1,white,woman,62,slightly liberal,attend church,very,"Racially, I am white. I am a woman. I am 62 years old. Ideologically, I am slightly liberal. I attend church. I am very interested in politics. ",Kamala Harris
1,2,1,80,2,2,2,white,woman,80,liberal,do not attend church,somewhat,"Racially, I am white. I am a woman. I am 80 years old. Ideologically, I am liberal. I do not attend church. I am somewhat interested in politics. ",Kamala Harris
2,2,1,57,6,2,1,white,woman,57,conservative,attend church,somewhat,"Racially, I am white. I am a woman. I am 57 years old. Ideologically, I am conservative. I attend church. I am somewhat interested in politics. ",Donald Trump
1,1,1,49,4,2,2,white,man,49,moderate,do not attend church,somewhat,"Racially, I am white. I am a man. I am 49 years old. Ideologically, I am moderate. I do not attend church. I am somewhat interested in politics. ",Kamala Harris
1,2,6,21,3,4,2,mixed race,woman,21,slightly liberal,do not attend church,not at all,"Racially, I am mixed race. I am a woman. I am 21 years old. Ideologically, I am slightly liberal. I do not attend church. I am not at all interested in politics. ",Kamala Harris
2,2,1,51,6,2,1,white,woman,51,conservative,attend church,somewhat,"Racially, I am white. I am a woman. I am 51 years old. Ideologically, I am conservative. I attend church. I am somewhat interested in politics. ",Donald Trump
1,1,1,65,2,1,2,white,man,65,liberal,do not attend church,very,"Racially, I am white. I am a man. I am 65 years old. Ideologically, I am liberal. I do not attend church. I am very interested in politics. ",Kamala Harris
1,1,1,79,3,2,1,white,man,79,slightly liberal,attend church,somewhat,"Racially, I am white. I am a man. I am 79 years old. Ideologically, I am slightly liberal. I attend church. I am somewhat interested in politics. ",Kamala Harris
1,2,1,74,2,1,1,white,woman,74,liberal,attend church,very,"Racially, I am white. I am a woman. I am 74 years old. Ideologically, I am liberal. I attend church. I am very interested in politics. ",Kamala Harris
2,2,1,74,4,4,2,white,woman,74,moderate,do not attend church,not at all,"Racially, I am white. I am a woman. I am 74 years old. Ideologically, I am moderate. I do not attend church. I am not at all interested in politics. ",Donald Trump
2,2,1,29,5,2,2,white,woman,29,slightly conservative,do not attend church,somewhat,"Racially, I am white. I am a woman. I am 29 years old. Ideologically, I am slightly conservative. I do not attend church. I am somewhat interested in politics. ",Donald Trump
2,1,1,72,7,1,1,white,man,72,extremely conservative,attend church,very,"Racially, I am white. I am a man. I am 72 years old. Ideologically, I am extremely conservative. I attend church. I am very interested in politics. ",Donald Trump
2,1,3,28,5,2,2,hispanic,man,28,slightly conservative,do not attend church,somewhat,"Racially, I am hispanic. I am a man. I am 28 years old. Ideologically, I am slightly conservative. I do not attend church. I am somewhat interested in politics. ",Donald Trump
2,2,1,67,6,2,2,white,woman,67,conservative,do not attend church,somewhat,"Racially, I am white. I am a woman. I am 67 years old. Ideologically, I am conservative. I do not attend church. I am somewhat interested in politics. ",Donald Trump
1,2,3,27,2,3,1,hispanic,woman,27,liberal,attend church,not very,"Racially, I am hispanic. I am a woman. I am 27 years old. Ideologically, I am liberal. I attend church. I am not very interested in politics. ",Kamala Harris
2,2,1,54,4,2,2,white,woman,54,moderate,do not attend church,somewhat,"Racially, I am white. I am a woman. I am 54 years old. Ideologically, I am moderate. I do not attend church. I am somewhat interested in politics. ",Donald Trump
2,2,1,55,6,2,1,white,woman,55,conservative,attend church,somewhat,"Racially, I am white. I am a woman. I am 55 years old. Ideologically, I am conservative. I attend church. I am somewhat interested in politics. ",Donald Trump
2,2,5,42,4,2,1,native American,woman,42,moderate,attend church,somewhat,"Racially, I am native American. I am a woman. I am 42 years old. Ideologically, I am moderate. I attend church. I am somewhat interested in politics. ",Donald Trump
1,1,1,79,3,1,2,white,man,79,slightly liberal,do not attend church,very,"Racially, I am white. I am a man. I am 79 years old. Ideologically, I am slightly liberal. I do not attend church. I am very interested in politics. ",Kamala Harris
1,1,1,61,4,1,2,white,man,61,moderate,do not attend church,very,"Racially, I am white. I am a man. I am 61 years old. Ideologically, I am moderate. I do not attend church. I am very interested in politics. ",Kamala Harris
1,2,1,42,4,3,2,white,woman,42,moderate,do not attend church,not very,"Racially, I am white. I am a woman. I am 42 years old. Ideologically, I am moderate. I do not attend church. I am not very interested in politics. ",Kamala Harris
1,2,3,46,2,2,1,hispanic,woman,46,liberal,attend church,somewhat,"Racially, I am hispanic. I am a woman. I am 46 years old. Ideologically, I am liberal. I attend church. I am somewhat interested in politics. ",Kamala Harris
2,1,1,76,5,1,2,white,man,76,slightly conservative,do not attend church,very,"Racially, I am white. I am a man. I am 76 years old. Ideologically, I am slightly conservative. I do not attend church. I am very interested in politics. ",Donald Trump
1,2,1,76,5,1,2,white,woman,76,slightly conservative,do not attend church,very,"Racially, I am white. I am a woman. I am 76 years old. Ideologically, I am slightly conservative. I do not attend church. I am very interested in politics. ",Kamala Harris
1,2,1,46,2,3,2,white,woman,46,liberal,do not attend church,not very,"Racially, I am white. I am a woman. I am 46 years old. Ideologically, I am liberal. I do not attend church. I am not very interested in politics. ",Kamala Harris
1,2,6,22,3,3,1,mixed race,woman,22,slightly liberal,attend church,not very,"Racially, I am mixed race. I am a woman. I am 22 years old. Ideologically, I am slightly liberal. I attend church. I am not very interested in politics. ",Kamala Harris
1,1,1,56,2,2,2,white,man,56,liberal,do not attend church,somewhat,"Racially, I am white. I am a man. I am 56 years old. Ideologically, I am liberal. I do not attend church. I am somewhat interested in politics. ",Kamala Harris
2,1,1,69,5,2,1,white,man,69,slightly conservative,attend church,somewhat,"Racially, I am white. I am a man. I am 69 years old. Ideologically, I am slightly conservative. I attend church. I am somewhat interested in politics. ",Donald Trump
1,1,1,30,3,2,2,white,man,30,slightly liberal,do not attend church,somewhat,"Racially, I am white. I am a man. I am 30 years old. Ideologically, I am slightly liberal. I do not attend church. I am somewhat interested in politics. ",Kamala Harris
2,2,1,63,5,2,1,white,woman,63,slightly conservative,attend church,somewhat,"Racially, I am white. I am a woman. I am 63 years old. Ideologically, I am slightly conservative. I attend church. I am somewhat interested in politics. ",Donald Trump
1,2,2,40,4,2,1,black,woman,40,moderate,attend church,somewhat,"Racially, I am black. I am a woman. I am 40 years old. Ideologically, I am moderate. I attend church. I am somewhat interested in politics. ",Kamala Harris
1,2,1,62,3,2,2,white,woman,62,slightly liberal,do not attend church,somewhat,"Racially, I am white. I am a woman. I am 62 years old. Ideologically, I am slightly liberal. I do not attend church. I am somewhat interested in politics. ",Kamala Harris
2,1,4,54,4,2,2,asian,man,54,moderate,do not attend church,somewhat,"Racially, I am asian. I am a man. I am 54 years old. Ideologically, I am moderate. I do not attend church. I am somewhat interested in politics. ",Donald Trump
1,2,5,65,4,3,2,native American,woman,65,moderate,do not attend church,not very,"Racially, I am native American. I am a woman. I am 65 years old. Ideologically, I am moderate. I do not attend church. I am not very interested in politics. ",Kamala Harris
2,1,1,61,5,3,2,white,man,61,slightly conservative,do not attend church,not very,"Racially, I am white. I am a man. I am 61 years old. Ideologically, I am slightly conservative. I do not attend church. I am not very interested in politics. ",Donald Trump
1,2,1,42,2,2,2,white,woman,42,liberal,do not attend church,somewhat,"Racially, I am white. I am a woman. I am 42 years old. Ideologically, I am liberal. I do not attend church. I am somewhat interested in politics. ",Kamala Harris
2,1,1,57,6,2,1,white,man,57,conservative,attend church,somewhat,"Racially, I am white. I am a man. I am 57 years old. Ideologically, I am conservative. I attend church. I am somewhat interested in politics. ",Donald Trump
1,1,3,56,5,3,2,hispanic,man,56,slightly conservative,do not attend church,not very,"Racially, I am hispanic. I am a man. I am 56 years old. Ideologically, I am slightly conservative. I do not attend church. I am not very interested in politics. ",Kamala Harris
2,2,1,58,6,3,1,white,woman,58,conservative,attend church,not very,"Racially, I am white. I am a woman. I am 58 years old. Ideologically, I am conservative. I attend church. I am not very interested in politics. ",Donald Trump
2,1,1,62,6,1,2,white,man,62,conservative,do not attend church,very,"Racially, I am white. I am a man. I am 62 years old. Ideologically, I am conservative. I do not attend church. I am very interested in politics. ",Donald Trump
2,2,1,54,6,1,1,white,woman,54,conservative,attend church,very,"Racially, I am white. I am a woman. I am 54 years old. Ideologically, I am conservative. I attend church. I am very interested in politics. ",Donald Trump
1,2,6,48,3,2,1,mixed race,woman,48,slightly liberal,attend church,somewhat,"Racially, I am mixed race. I am a woman. I am 48 years old. Ideologically, I am slightly liberal. I attend church. I am somewhat interested in politics. ",Kamala Harris
2,2,1,24,7,1,1,white,woman,24,extremely conservative,attend church,very,"Racially, I am white. I am a woman. I am 24 years old. Ideologically, I am extremely conservative. I attend church. I am very interested in politics. ",Donald Trump
2,2,1,78,6,1,2,white,woman,78,conservative,do not attend church,very,"Racially, I am white. I am a woman. I am 78 years old. Ideologically, I am conservative. I do not attend church. I am very interested in politics. ",Donald Trump
1,1,1,42,2,3,2,white,man,42,liberal,do not attend church,not very,"Racially, I am white. I am a man. I am 42 years old. Ideologically, I am liberal. I do not attend church. I am not very interested in politics. ",Kamala Harris
1,2,1,60,2,2,2,white,woman,60,liberal,do not attend church,somewhat,"Racially, I am white. I am a woman. I am 60 years old. Ideologically, I am liberal. I do not attend church. I am somewhat interested in politics. ",Kamala Harris
1,1,1,41,5,2,1,white,man,41,slightly conservative,attend church,somewhat,"Racially, I am white. I am a man. I am 41 years old. Ideologically, I am slightly conservative. I attend church. I am somewhat interested in politics. ",Kamala Harris
2,2,3,63,5,1,1,hispanic,woman,63,slightly conservative,attend church,very,"Racially, I am hispanic. I am a woman. I am 63 years old. Ideologically, I am slightly conservative. I attend church. I am very interested in politics. ",Donald Trump
2,1,6,47,4,2,1,mixed race,man,47,moderate,attend church,somewhat,"Racially, I am mixed race. I am a man. I am 47 years old. Ideologically, I am moderate. I attend church. I am somewhat interested in politics. ",Donald Trump
2,2,1,36,6,3,1,white,woman,36,conservative,attend church,not very,"Racially, I am white. I am a woman. I am 36 years old. Ideologically, I am conservative. I attend church. I am not very interested in politics. ",Donald Trump
2,2,1,34,5,2,1,white,woman,34,slightly conservative,attend church,somewhat,"Racially, I am white. I am a woman. I am 34 years old. Ideologically, I am slightly conservative. I attend church. I am somewhat interested in politics. ",Donald Trump
1,1,1,80,4,2,1,white,man,80,moderate,attend church,somewhat,"Racially, I am white. I am a man. I am 80 years old. Ideologically, I am moderate. I attend church. I am somewhat interested in politics. ",Kamala Harris
1,2,1,66,2,3,1,white,woman,66,liberal,attend church,not very,"Racially, I am white. I am a woman. I am 66 years old. Ideologically, I am liberal. I attend church. I am not very interested in politics. ",Kamala Harris
1,2,2,47,2,1,2,black,woman,47,liberal,do not attend church,very,"Racially, I am black. I am a woman. I am 47 years old. Ideologically, I am liberal. I do not attend church. I am very interested in politics. ",Kamala Harris
1,2,1,73,2,1,2,white,woman,73,liberal,do not attend church,very,"Racially, I am white. I am a woman. I am 73 years old. Ideologically, I am liberal. I do not attend church. I am very interested in politics. ",Kamala Harris
1,2,1,27,1,1,2,white,woman,27,extremely liberal,do not attend church,very,"Racially, I am white. I am a woman. I am 27 years old. Ideologically, I am extremely liberal. I do not attend church. I am very interested in politics. ",Kamala Harris
2,1,6,38,4,2,1,mixed race,man,38,moderate,attend church,somewhat,"Racially, I am mixed race. I am a man. I am 38 years old. Ideologically, I am moderate. I attend church. I am somewhat interested in politics. ",Donald Trump
1,2,2,34,4,2,1,black,woman,34,moderate,attend church,somewhat,"Racially, I am black. I am a woman. I am 34 years old. Ideologically, I am moderate. I attend church. I am somewhat interested in politics. ",Kamala Harris
1,2,1,73,4,2,2,white,woman,73,moderate,do not attend church,somewhat,"Racially, I am white. I am a woman. I am 73 years old. Ideologically, I am moderate. I do not attend church. I am somewhat interested in politics. ",Kamala Harris
1,2,1,55,3,2,2,white,woman,55,slightly liberal,do not attend church,somewhat,"Racially, I am white. I am a woman. I am 55 years old. Ideologically, I am slightly liberal. I do not attend church. I am somewhat interested in politics. ",Kamala Harris
1,2,1,63,2,1,2,white,woman,63,liberal,do not attend church,very,"Racially, I am white. I am a woman. I am 63 years old. Ideologically, I am liberal. I do not attend church. I am very interested in politics. ",Kamala Harris
2,1,1,80,6,2,1,white,man,80,conservative,attend church,somewhat,"Racially, I am white. I am a man. I am 80 years old. Ideologically, I am conservative. I attend church. I am somewhat interested in politics. ",Donald Trump
2,2,1,76,6,2,1,white,woman,76,conservative,attend church,somewhat,"Racially, I am white. I am a woman. I am 76 years old. Ideologically, I am conservative. I attend church. I am somewhat interested in politics. ",Donald Trump
1,2,1,49,2,4,1,white,woman,49,liberal,attend church,not at all,"Racially, I am white. I am a woman. I am 49 years old. Ideologically, I am liberal. I attend church. I am not at all interested in politics. ",Kamala Harris
1,2,1,80,4,1,1,white,woman,80,moderate,attend church,very,"Racially, I am white. I am a woman. I am 80 years old. Ideologically, I am moderate. I attend church. I am very interested in politics. ",Kamala Harris
1,2,2,59,2,2,1,black,woman,59,liberal,attend church,somewhat,"Racially, I am black. I am a woman. I am 59 years old. Ideologically, I am liberal. I attend church. I am somewhat interested in politics. ",Kamala Harris
1,2,2,55,2,3,2,black,woman,55,liberal,do not attend church,not very,"Racially, I am black. I am a woman. I am 55 years old. Ideologically, I am liberal. I do not attend church. I am not very interested in politics. ",Kamala Harris
2,1,1,54,6,2,1,white,man,54,conservative,attend church,somewhat,"Racially, I am white. I am a man. I am 54 years old. Ideologically, I am conservative. I attend church. I am somewhat interested in politics. ",Donald Trump
1,1,3,62,4,2,1,hispanic,man,62,moderate,attend church,somewhat,"Racially, I am hispanic. I am a man. I am 62 years old. Ideologically, I am moderate. I attend church. I am somewhat interested in politics. ",Kamala Harris
2,1,1,29,7,1,2,white,man,29,extremely conservative,do not attend church,very,"Racially, I am white. I am a man. I am 29 years old. Ideologically, I am extremely conservative. I do not attend church. I am very interested in politics. ",Donald Trump
1,2,1,71,3,3,2,white,woman,71,slightly liberal,do not attend church,not very,"Racially, I am white. I am a woman. I am 71 years old. Ideologically, I am slightly liberal. I do not attend church. I am not very interested in politics. ",Kamala Harris
1,2,1,65,4,2,1,white,woman,65,moderate,attend church,somewhat,"Racially, I am white. I am a woman. I am 65 years old. Ideologically, I am moderate. I attend church. I am somewhat interested in politics. ",Kamala Harris
2,1,4,33,5,2,1,asian,man,33,slightly conservative,attend church,somewhat,"Racially, I am asian. I am a man. I am 33 years old. Ideologically, I am slightly conservative. I attend church. I am somewhat interested in politics. ",Donald Trump
1,2,4,48,2,2,2,asian,woman,48,liberal,do not attend church,somewhat,"Racially, I am asian. I am a woman. I am 48 years old. Ideologically, I am liberal. I do not attend church. I am somewhat interested in politics. ",Kamala Harris
1,2,3,73,6,2,1,hispanic,woman,73,conservative,attend church,somewhat,"Racially, I am hispanic. I am a woman. I am 73 years old. Ideologically, I am conservative. I attend church. I am somewhat interested in politics. ",Kamala Harris
1,1,4,31,3,3,1,asian,man,31,slightly liberal,attend church,not very,"Racially, I am asian. I am a man. I am 31 years old. Ideologically, I am slightly liberal. I attend church. I am not very interested in politics. ",Kamala Harris
2,1,1,59,5,3,2,white,man,59,slightly conservative,do not attend church,not very,"Racially, I am white. I am a man. I am 59 years old. Ideologically, I am slightly conservative. I do not attend church. I am not very interested in politics. ",Donald Trump
2,2,6,52,6,2,1,mixed race,woman,52,conservative,attend church,somewhat,"Racially, I am mixed race. I am a woman. I am 52 years old. Ideologically, I am conservative. I attend church. I am somewhat interested in politics. ",Donald Trump
2,2,1,56,6,3,2,white,woman,56,conservative,do not attend church,not very,"Racially, I am white. I am a woman. I am 56 years old. Ideologically, I am conservative. I do not attend church. I am not very interested in politics. ",Donald Trump
1,2,1,54,2,2,2,white,woman,54,liberal,do not attend church,somewhat,"Racially, I am white. I am a woman. I am 54 years old. Ideologically, I am liberal. I do not attend church. I am somewhat interested in politics. ",Kamala Harris
1,2,1,74,3,3,2,white,woman,74,slightly liberal,do not attend church,not very,"Racially, I am white. I am a woman. I am 74 years old. Ideologically, I am slightly liberal. I do not attend church. I am not very interested in politics. ",Kamala Harris
1,1,1,78,2,1,2,white,man,78,liberal,do not attend church,very,"Racially, I am white. I am a man. I am 78 years old. Ideologically, I am liberal. I do not attend church. I am very interested in politics. ",Kamala Harris
2,2,3,30,5,4,1,hispanic,woman,30,slightly conservative,attend church,not at all,"Racially, I am hispanic. I am a woman. I am 30 years old. Ideologically, I am slightly conservative. I attend church. I am not at all interested in politics. ",Donald Trump
1,2,6,68,4,2,1,mixed race,woman,68,moderate,attend church,somewhat,"Racially, I am mixed race. I am a woman. I am 68 years old. Ideologically, I am moderate. I attend church. I am somewhat interested in politics. ",Kamala Harris
1,1,1,80,4,1,1,white,man,80,moderate,attend church,very,"Racially, I am white. I am a man. I am 80 years old. Ideologically, I am moderate. I attend church. I am very interested in politics. ",Kamala Harris
1,1,4,58,5,1,1,asian,man,58,slightly conservative,attend church,very,"Racially, I am asian. I am a man. I am 58 years old. Ideologically, I am slightly conservative. I attend church. I am very interested in politics. ",Kamala Harris
2,1,1,64,6,2,1,white,man,64,conservative,attend church,somewhat,"Racially, I am white. I am a man. I am 64 years old. Ideologically, I am conservative. I attend church. I am somewhat interested in politics. ",Donald Trump
1,1,2,33,3,4,1,black,man,33,slightly liberal,attend church,not at all,"Racially, I am black. I am a man. I am 33 years old. Ideologically, I am slightly liberal. I attend church. I am not at all interested in politics. ",Kamala Harris
2,2,1,41,7,2,1,white,woman,41,extremely conservative,attend church,somewhat,"Racially, I am white. I am a woman. I am 41 years old. Ideologically, I am extremely conservative. I attend church. I am somewhat interested in politics. ",Donald Trump
1,2,2,33,2,1,2,black,woman,33,liberal,do not attend church,very,"Racially, I am black. I am a woman. I am 33 years old. Ideologically, I am liberal. I do not attend church. I am very interested in politics. ",Kamala Harris
1,2,1,18,3,3,2,white,woman,18,slightly liberal,do not attend church,not very,"Racially, I am white. I am a woman. I am 18 years old. Ideologically, I am slightly liberal. I do not attend church. I am not very interested in politics. ",Kamala Harris
1,1,1,73,1,1,1,white,man,73,extremely liberal,attend church,very,"Racially, I am white. I am a man. I am 73 years old. Ideologically, I am extremely liberal. I attend church. I am very interested in politics. ",Kamala Harris
1,1,1,55,4,2,1,white,man,55,moderate,attend church,somewhat,"Racially, I am white. I am a man. I am 55 years old. Ideologically, I am moderate. I attend church. I am somewhat interested in politics. ",Kamala Harris
1,1,1,80,4,2,1,white,man,80,moderate,attend church,somewhat,"Racially, I am white. I am a man. I am 80 years old. Ideologically, I am moderate. I attend church. I am somewhat interested in politics. ",Kamala Harris
2,2,1,36,5,3,1,white,woman,36,slightly conservative,attend church,not very,"Racially, I am white. I am a woman. I am 36 years old. Ideologically, I am slightly conservative. I attend church. I am not very interested in politics. ",Donald Trump
1,2,1,25,7,2,2,white,woman,25,extremely conservative,do not attend church,somewhat,"Racially, I am white. I am a woman. I am 25 years old. Ideologically, I am extremely conservative. I do not attend church. I am somewhat interested in politics. ",Kamala Harris
1,1,1,67,2,2,2,white,man,67,liberal,do not attend church,somewhat,"Racially, I am white. I am a man. I am 67 years old. Ideologically, I am liberal. I do not attend church. I am somewhat interested in politics. ",Kamala Harris
2,1,1,68,7,1,1,white,man,68,extremely conservative,attend church,very,"Racially, I am white. I am a man. I am 68 years old. Ideologically, I am extremely conservative. I attend church. I am very interested in politics. ",Donald Trump
2,1,1,80,7,3,1,white,man,80,extremely conservative,attend church,not very,"Racially, I am white. I am a man. I am 80 years old. Ideologically, I am extremely conservative. I attend church. I am not very interested in politics. ",Donald Trump
2,2,1,72,4,1,1,white,woman,72,moderate,attend church,very,"Racially, I am white. I am a woman. I am 72 years old. Ideologically, I am moderate. I attend church. I am very interested in politics. ",Donald Trump
2,1,1,59,7,1,2,white,man,59,extremely conservative,do not attend church,very,"Racially, I am white. I am a man. I am 59 years old. Ideologically, I am extremely conservative. I do not attend church. I am very interested in politics. ",Donald Trump
1,2,1,54,2,2,2,white,woman,54,liberal,do not attend church,somewhat,"Racially, I am white. I am a woman. I am 54 years old. Ideologically, I am liberal. I do not attend church. I am somewhat interested in politics. ",Kamala Harris
1,2,2,57,4,2,1,black,woman,57,moderate,attend church,somewhat,"Racially, I am black. I am a woman. I am 57 years old. Ideologically, I am moderate. I attend church. I am somewhat interested in politics. ",Kamala Harris
1,2,2,73,5,2,1,black,woman,73,slightly conservative,attend church,somewhat,"Racially, I am black. I am a woman. I am 73 years old. Ideologically, I am slightly conservative. I attend church. I am somewhat interested in politics. ",Kamala Harris
1,1,1,80,6,1,1,white,man,80,conservative,attend church,very,"Racially, I am white. I am a man. I am 80 years old. Ideologically, I am conservative. I attend church. I am very interested in politics. ",Kamala Harris
1,2,1,61,2,2,2,white,woman,61,liberal,do not attend church,somewhat,"Racially, I am white. I am a woman. I am 61 years old. Ideologically, I am liberal. I do not attend church. I am somewhat interested in politics. ",Kamala Harris
2,2,1,73,6,2,1,white,woman,73,conservative,attend church,somewhat,"Racially, I am white. I am a woman. I am 73 years old. Ideologically, I am conservative. I attend church. I am somewhat interested in politics. ",Donald Trump
1,1,1,47,5,1,2,white,man,47,slightly conservative,do not attend church,very,"Racially, I am white. I am a man. I am 47 years old. Ideologically, I am slightly conservative. I do not attend church. I am very interested in politics. ",Kamala Harris
1,1,1,68,3,2,1,white,man,68,slightly liberal,attend church,somewhat,"Racially, I am white. I am a man. I am 68 years old. Ideologically, I am slightly liberal. I attend church. I am somewhat interested in politics. ",Kamala Harris
1,1,1,56,4,2,1,white,man,56,moderate,attend church,somewhat,"Racially, I am white. I am a man. I am 56 years old. Ideologically, I am moderate. I attend church. I am somewhat interested in politics. ",Kamala Harris
1,1,2,34,2,1,2,black,man,34,liberal,do not attend church,very,"Racially, I am black. I am a man. I am 34 years old. Ideologically, I am liberal. I do not attend church. I am very interested in politics. ",Kamala Harris
2,1,1,66,6,2,1,white,man,66,conservative,attend church,somewhat,"Racially, I am white. I am a man. I am 66 years old. Ideologically, I am conservative. I attend church. I am somewhat interested in politics. ",Donald Trump
1,2,1,72,2,1,2,white,woman,72,liberal,do not attend church,very,"Racially, I am white. I am a woman. I am 72 years old. Ideologically, I am liberal. I do not attend church. I am very interested in politics. ",Kamala Harris
1,2,1,62,2,1,2,white,woman,62,liberal,do not attend church,very,"Racially, I am white. I am a woman. I am 62 years old. Ideologically, I am liberal. I do not attend church. I am very interested in politics. ",Kamala Harris
1,2,1,67,2,2,2,white,woman,67,liberal,do not attend church,somewhat,"Racially, I am white. I am a woman. I am 67 years old. Ideologically, I am liberal. I do not attend church. I am somewhat interested in politics. ",Kamala Harris
1,1,1,45,2,1,2,white,man,45,liberal,do not attend church,very,"Racially, I am white. I am a man. I am 45 years old. Ideologically, I am liberal. I do not attend church. I am very interested in politics. ",Kamala Harris
1,1,1,80,5,2,2,white,man,80,slightly conservative,do not attend church,somewhat,"Racially, I am white. I am a man. I am 80 years old. Ideologically, I am slightly conservative. I do not attend church. I am somewhat interested in politics. ",Kamala Harris
2,1,1,59,6,2,1,white,man,59,conservative,attend church,somewhat,"Racially, I am white. I am a man. I am 59 years old. Ideologically, I am conservative. I attend church. I am somewhat interested in politics. ",Donald Trump
1,1,1,63,4,3,2,white,man,63,moderate,do not attend church,not very,"Racially, I am white. I am a man. I am 63 years old. Ideologically, I am moderate. I do not attend church. I am not very interested in politics. ",Kamala Harris
1,2,1,78,4,2,1,white,woman,78,moderate,attend church,somewhat,"Racially, I am white. I am a woman. I am 78 years old. Ideologically, I am moderate. I attend church. I am somewhat interested in politics. ",Kamala Harris
1,1,4,54,3,2,2,asian,man,54,slightly liberal,do not attend church,somewhat,"Racially, I am asian. I am a man. I am 54 years old. Ideologically, I am slightly liberal. I do not attend church. I am somewhat interested in politics. ",Kamala Harris
1,2,3,60,4,2,2,hispanic,woman,60,moderate,do not attend church,somewhat,"Racially, I am hispanic. I am a woman. I am 60 years old. Ideologically, I am moderate. I do not attend church. I am somewhat interested in politics. ",Kamala Harris
1,2,6,18,1,1,2,mixed race,woman,18,extremely liberal,do not attend church,very,"Racially, I am mixed race. I am a woman. I am 18 years old. Ideologically, I am extremely liberal. I do not attend church. I am very interested in politics. ",Kamala Harris
2,1,1,41,7,4,1,white,man,41,extremely conservative,attend church,not at all,"Racially, I am white. I am a man. I am 41 years old. Ideologically, I am extremely conservative. I attend church. I am not at all interested in politics. ",Donald Trump
1,1,1,65,4,1,1,white,man,65,moderate,attend church,very,"Racially, I am white. I am a man. I am 65 years old. Ideologically, I am moderate. I attend church. I am very interested in politics. ",Kamala Harris
1,2,1,25,1,1,2,white,woman,25,extremely liberal,do not attend church,very,"Racially, I am white. I am a woman. I am 25 years old. Ideologically, I am extremely liberal. I do not attend church. I am very interested in politics. ",Kamala Harris
2,2,1,80,6,1,1,white,woman,80,conservative,attend church,very,"Racially, I am white. I am a woman. I am 80 years old. Ideologically, I am conservative. I attend church. I am very interested in politics. ",Donald Trump
2,2,1,22,6,3,1,white,woman,22,conservative,attend church,not very,"Racially, I am white. I am a woman. I am 22 years old. Ideologically, I am conservative. I attend church. I am not very interested in politics. ",Donald Trump
1,2,1,72,2,1,2,white,woman,72,liberal,do not attend church,very,"Racially, I am white. I am a woman. I am 72 years old. Ideologically, I am liberal. I do not attend church. I am very interested in politics. ",Kamala Harris
1,1,2,70,4,2,1,black,man,70,moderate,attend church,somewhat,"Racially, I am black. I am a man. I am 70 years old. Ideologically, I am moderate. I attend church. I am somewhat interested in politics. ",Kamala Harris
1,1,1,40,2,1,2,white,man,40,liberal,do not attend church,very,"Racially, I am white. I am a man. I am 40 years old. Ideologically, I am liberal. I do not attend church. I am very interested in politics. ",Kamala Harris
2,1,1,67,6,2,2,white,man,67,conservative,do not attend church,somewhat,"Racially, I am white. I am a man. I am 67 years old. Ideologically, I am conservative. I do not attend church. I am somewhat interested in politics. ",Donald Trump
1,1,1,34,3,1,2,white,man,34,slightly liberal,do not attend church,very,"Racially, I am white. I am a man. I am 34 years old. Ideologically, I am slightly liberal. I do not attend church. I am very interested in politics. ",Kamala Harris
1,2,1,53,3,3,2,white,woman,53,slightly liberal,do not attend church,not very,"Racially, I am white. I am a woman. I am 53 years old. Ideologically, I am slightly liberal. I do not attend church. I am not very interested in politics. ",Kamala Harris
2,1,2,33,6,1,1,black,man,33,conservative,attend church,very,"Racially, I am black. I am a man. I am 33 years old. Ideologically, I am conservative. I attend church. I am very interested in politics. ",Donald Trump
2,2,3,61,6,1,2,hispanic,woman,61,conservative,do not attend church,very,"Racially, I am hispanic. I am a woman. I am 61 years old. Ideologically, I am conservative. I do not attend church. I am very interested in politics. ",Donald Trump
1,1,1,37,4,3,2,white,man,37,moderate,do not attend church,not very,"Racially, I am white. I am a man. I am 37 years old. Ideologically, I am moderate. I do not attend church. I am not very interested in politics. ",Kamala Harris
1,2,1,71,4,3,2,white,woman,71,moderate,do not attend church,not very,"Racially, I am white. I am a woman. I am 71 years old. Ideologically, I am moderate. I do not attend church. I am not very interested in politics. ",Kamala Harris
1,1,1,71,4,2,2,white,man,71,moderate,do not attend church,somewhat,"Racially, I am white. I am a man. I am 71 years old. Ideologically, I am moderate. I do not attend church. I am somewhat interested in politics. ",Kamala Harris
1,1,1,80,4,1,2,white,man,80,moderate,do not attend church,very,"Racially, I am white. I am a man. I am 80 years old. Ideologically, I am moderate. I do not attend church. I am very interested in politics. ",Kamala Harris
2,1,1,56,5,3,2,white,man,56,slightly conservative,do not attend church,not very,"Racially, I am white. I am a man. I am 56 years old. Ideologically, I am slightly conservative. I do not attend church. I am not very interested in politics. ",Donald Trump
1,2,1,52,2,2,2,white,woman,52,liberal,do not attend church,somewhat,"Racially, I am white. I am a woman. I am 52 years old. Ideologically, I am liberal. I do not attend church. I am somewhat interested in politics. ",Kamala Harris
1,2,3,70,5,3,1,hispanic,woman,70,slightly conservative,attend church,not very,"Racially, I am hispanic. I am a woman. I am 70 years old. Ideologically, I am slightly conservative. I attend church. I am not very interested in politics. ",Kamala Harris
2,2,1,44,7,4,1,white,woman,44,extremely conservative,attend church,not at all,"Racially, I am white. I am a woman. I am 44 years old. Ideologically, I am extremely conservative. I attend church. I am not at all interested in politics. ",Donald Trump
2,2,1,80,7,2,1,white,woman,80,extremely conservative,attend church,somewhat,"Racially, I am white. I am a woman. I am 80 years old. Ideologically, I am extremely conservative. I attend church. I am somewhat interested in politics. ",Donald Trump
1,1,1,56,4,2,1,white,man,56,moderate,attend church,somewhat,"Racially, I am white. I am a man. I am 56 years old. Ideologically, I am moderate. I attend church. I am somewhat interested in politics. ",Kamala Harris
2,2,1,42,6,3,1,white,woman,42,conservative,attend church,not very,"Racially, I am white. I am a woman. I am 42 years old. Ideologically, I am conservative. I attend church. I am not very interested in politics. ",Donald Trump
1,1,3,59,3,2,2,hispanic,man,59,slightly liberal,do not attend church,somewhat,"Racially, I am hispanic. I am a man. I am 59 years old. Ideologically, I am slightly liberal. I do not attend church. I am somewhat interested in politics. ",Kamala Harris
1,1,1,60,4,4,1,white,man,60,moderate,attend church,not at all,"Racially, I am white. I am a man. I am 60 years old. Ideologically, I am moderate. I attend church. I am not at all interested in politics. ",Kamala Harris
2,2,1,65,6,2,1,white,woman,65,conservative,attend church,somewhat,"Racially, I am white. I am a woman. I am 65 years old. Ideologically, I am conservative. I attend church. I am somewhat interested in politics. ",Donald Trump
2,2,1,34,3,4,2,white,woman,34,slightly liberal,do not attend church,not at all,"Racially, I am white. I am a woman. I am 34 years old. Ideologically, I am slightly liberal. I do not attend church. I am not at all interested in politics. ",Donald Trump
2,1,1,45,5,2,1,white,man,45,slightly conservative,attend church,somewhat,"Racially, I am white. I am a man. I am 45 years old. Ideologically, I am slightly conservative. I attend church. I am somewhat interested in politics. ",Donald Trump
1,1,1,68,2,2,2,white,man,68,liberal,do not attend church,somewhat,"Racially, I am white. I am a man. I am 68 years old. Ideologically, I am liberal. I do not attend church. I am somewhat interested in politics. ",Kamala Harris
2,2,1,30,7,2,2,white,woman,30,extremely conservative,do not attend church,somewhat,"Racially, I am white. I am a woman. I am 30 years old. Ideologically, I am extremely conservative. I do not attend church. I am somewhat interested in politics. ",Donald Trump
2,2,1,76,7,1,1,white,woman,76,extremely conservative,attend church,very,"Racially, I am white. I am a woman. I am 76 years old. Ideologically, I am extremely conservative. I attend church. I am very interested in politics. ",Donald Trump
1,2,1,50,1,1,2,white,woman,50,extremely liberal,do not attend church,very,"Racially, I am white. I am a woman. I am 50 years old. Ideologically, I am extremely liberal. I do not attend church. I am very interested in politics. ",Kamala Harris
2,1,1,72,6,1,1,white,man,72,conservative,attend church,very,"Racially, I am white. I am a man. I am 72 years old. Ideologically, I am conservative. I attend church. I am very interested in politics. ",Donald Trump
2,1,1,69,6,3,1,white,man,69,conservative,attend church,not very,"Racially, I am white. I am a man. I am 69 years old. Ideologically, I am conservative. I attend church. I am not very interested in politics. ",Donald Trump
1,1,1,44,4,2,2,white,man,44,moderate,do not attend church,somewhat,"Racially, I am white. I am a man. I am 44 years old. Ideologically, I am moderate. I do not attend church. I am somewhat interested in politics. ",Kamala Harris
1,1,1,34,3,4,1,white,man,34,slightly liberal,attend church,not at all,"Racially, I am white. I am a man. I am 34 years old. Ideologically, I am slightly liberal. I attend church. I am not at all interested in politics. ",Kamala Harris
1,1,1,33,3,3,1,white,man,33,slightly liberal,attend church,not very,"Racially, I am white. I am a man. I am 33 years old. Ideologically, I am slightly liberal. I attend church. I am not very interested in politics. ",Kamala Harris
1,2,1,73,3,3,2,white,woman,73,slightly liberal,do not attend church,not very,"Racially, I am white. I am a woman. I am 73 years old. Ideologically, I am slightly liberal. I do not attend church. I am not very interested in politics. ",Kamala Harris
2,2,1,57,7,2,2,white,woman,57,extremely conservative,do not attend church,somewhat,"Racially, I am white. I am a woman. I am 57 years old. Ideologically, I am extremely conservative. I do not attend church. I am somewhat interested in politics. ",Donald Trump
2,1,1,65,5,2,2,white,man,65,slightly conservative,do not attend church,somewhat,"Racially, I am white. I am a man. I am 65 years old. Ideologically, I am slightly conservative. I do not attend church. I am somewhat interested in politics. ",Donald Trump
2,1,1,40,5,2,2,white,man,40,slightly conservative,do not attend church,somewhat,"Racially, I am white. I am a man. I am 40 years old. Ideologically, I am slightly conservative. I do not attend church. I am somewhat interested in politics. ",Donald Trump
1,2,2,53,4,2,1,black,woman,53,moderate,attend church,somewhat,"Racially, I am black. I am a woman. I am 53 years old. Ideologically, I am moderate. I attend church. I am somewhat interested in politics. ",Kamala Harris
2,2,1,66,6,1,1,white,woman,66,conservative,attend church,very,"Racially, I am white. I am a woman. I am 66 years old. Ideologically, I am conservative. I attend church. I am very interested in politics. ",Donald Trump
1,2,1,41,1,3,2,white,woman,41,extremely liberal,do not attend church,not very,"Racially, I am white. I am a woman. I am 41 years old. Ideologically, I am extremely liberal. I do not attend church. I am not very interested in politics. ",Kamala Harris
1,1,1,25,2,3,2,white,man,25,liberal,do not attend church,not very,"Racially, I am white. I am a man. I am 25 years old. Ideologically, I am liberal. I do not attend church. I am not very interested in politics. ",Kamala Harris
2,1,1,57,4,2,1,white,man,57,moderate,attend church,somewhat,"Racially, I am white. I am a man. I am 57 years old. Ideologically, I am moderate. I attend church. I am somewhat interested in politics. ",Donald Trump
1,1,1,45,2,2,2,white,man,45,liberal,do not attend church,somewhat,"Racially, I am white. I am a man. I am 45 years old. Ideologically, I am liberal. I do not attend church. I am somewhat interested in politics. ",Kamala Harris
2,2,1,72,4,3,2,white,woman,72,moderate,do not attend church,not very,"Racially, I am white. I am a woman. I am 72 years old. Ideologically, I am moderate. I do not attend church. I am not very interested in politics. ",Donald Trump
2,1,1,32,7,1,1,white,man,32,extremely conservative,attend church,very,"Racially, I am white. I am a man. I am 32 years old. Ideologically, I am extremely conservative. I attend church. I am very interested in politics. ",Donald Trump
1,2,1,64,6,2,2,white,woman,64,conservative,do not attend church,somewhat,"Racially, I am white. I am a woman. I am 64 years old. Ideologically, I am conservative. I do not attend church. I am somewhat interested in politics. ",Kamala Harris
2,1,1,74,7,3,1,white,man,74,extremely conservative,attend church,not very,"Racially, I am white. I am a man. I am 74 years old. Ideologically, I am extremely conservative. I attend church. I am not very interested in politics. ",Donald Trump
1,1,1,68,5,2,1,white,man,68,slightly conservative,attend church,somewhat,"Racially, I am white. I am a man. I am 68 years old. Ideologically, I am slightly conservative. I attend church. I am somewhat interested in politics. ",Kamala Harris
2,1,1,76,7,2,2,white,man,76,extremely conservative,do not attend church,somewhat,"Racially, I am white. I am a man. I am 76 years old. Ideologically, I am extremely conservative. I do not attend church. I am somewhat interested in politics. ",Donald Trump
2,1,1,80,6,2,2,white,man,80,conservative,do not attend church,somewhat,"Racially, I am white. I am a man. I am 80 years old. Ideologically, I am conservative. I do not attend church. I am somewhat interested in politics. ",Donald Trump
1,1,1,40,2,3,2,white,man,40,liberal,do not attend church,not very,"Racially, I am white. I am a man. I am 40 years old. Ideologically, I am liberal. I do not attend church. I am not very interested in politics. ",Kamala Harris
1,1,1,65,3,1,2,white,man,65,slightly liberal,do not attend church,very,"Racially, I am white. I am a man. I am 65 years old. Ideologically, I am slightly liberal. I do not attend church. I am very interested in politics. ",Kamala Harris
1,1,1,70,4,1,1,white,man,70,moderate,attend church,very,"Racially, I am white. I am a man. I am 70 years old. Ideologically, I am moderate. I attend church. I am very interested in politics. ",Kamala Harris
2,1,1,36,6,1,2,white,man,36,conservative,do not attend church,very,"Racially, I am white. I am a man. I am 36 years old. Ideologically, I am conservative. I do not attend church. I am very interested in politics. ",Donald Trump
1,2,3,39,4,2,2,hispanic,woman,39,moderate,do not attend church,somewhat,"Racially, I am hispanic. I am a woman. I am 39 years old. Ideologically, I am moderate. I do not attend church. I am somewhat interested in politics. ",Kamala Harris
1,2,1,65,1,2,2,white,woman,65,extremely liberal,do not attend church,somewhat,"Racially, I am white. I am a woman. I am 65 years old. Ideologically, I am extremely liberal. I do not attend church. I am somewhat interested in politics. ",Kamala Harris
2,1,3,48,4,2,1,hispanic,man,48,moderate,attend church,somewhat,"Racially, I am hispanic. I am a man. I am 48 years old. Ideologically, I am moderate. I attend church. I am somewhat interested in politics. ",Donald Trump
1,2,6,34,1,4,2,mixed race,woman,34,extremely liberal,do not attend church,not at all,"Racially, I am mixed race. I am a woman. I am 34 years old. Ideologically, I am extremely liberal. I do not attend church. I am not at all interested in politics. ",Kamala Harris
1,2,1,80,2,3,2,white,woman,80,liberal,do not attend church,not very,"Racially, I am white. I am a woman. I am 80 years old. Ideologically, I am liberal. I do not attend church. I am not very interested in politics. ",Kamala Harris
2,1,1,36,7,2,1,white,man,36,extremely conservative,attend church,somewhat,"Racially, I am white. I am a man. I am 36 years old. Ideologically, I am extremely conservative. I attend church. I am somewhat interested in politics. ",Donald Trump
2,1,3,39,4,2,1,hispanic,man,39,moderate,attend church,somewhat,"Racially, I am hispanic. I am a man. I am 39 years old. Ideologically, I am moderate. I attend church. I am somewhat interested in politics. ",Donald Trump
1,2,2,61,5,2,1,black,woman,61,slightly conservative,attend church,somewhat,"Racially, I am black. I am a woman. I am 61 years old. Ideologically, I am slightly conservative. I attend church. I am somewhat interested in politics. ",Kamala Harris
2,2,1,36,5,3,1,white,woman,36,slightly conservative,attend church,not very,"Racially, I am white. I am a woman. I am 36 years old. Ideologically, I am slightly conservative. I attend church. I am not very interested in politics. ",Donald Trump
1,2,3,20,2,4,1,hispanic,woman,20,liberal,attend church,not at all,"Racially, I am hispanic. I am a woman. I am 20 years old. Ideologically, I am liberal. I attend church. I am not at all interested in politics. ",Kamala Harris
1,2,1,80,6,1,1,white,woman,80,conservative,attend church,very,"Racially, I am white. I am a woman. I am 80 years old. Ideologically, I am conservative. I attend church. I am very interested in politics. ",Kamala Harris
2,1,1,54,6,1,2,white,man,54,conservative,do not attend church,very,"Racially, I am white. I am a man. I am 54 years old. Ideologically, I am conservative. I do not attend church. I am very interested in politics. ",Donald Trump
2,1,1,32,5,2,2,white,man,32,slightly conservative,do not attend church,somewhat,"Racially, I am white. I am a man. I am 32 years old. Ideologically, I am slightly conservative. I do not attend church. I am somewhat interested in politics. ",Donald Trump
1,1,2,36,2,2,1,black,man,36,liberal,attend church,somewhat,"Racially, I am black. I am a man. I am 36 years old. Ideologically, I am liberal. I attend church. I am somewhat interested in politics. ",Kamala Harris
2,2,1,78,6,2,1,white,woman,78,conservative,attend church,somewhat,"Racially, I am white. I am a woman. I am 78 years old. Ideologically, I am conservative. I attend church. I am somewhat interested in politics. ",Donald Trump
1,2,2,58,4,1,1,black,woman,58,moderate,attend church,very,"Racially, I am black. I am a woman. I am 58 years old. Ideologically, I am moderate. I attend church. I am very interested in politics. ",Kamala Harris
1,2,1,61,3,2,2,white,woman,61,slightly liberal,do not attend church,somewhat,"Racially, I am white. I am a woman. I am 61 years old. Ideologically, I am slightly liberal. I do not attend church. I am somewhat interested in politics. ",Kamala Harris
2,2,1,73,6,2,1,white,woman,73,conservative,attend church,somewhat,"Racially, I am white. I am a woman. I am 73 years old. Ideologically, I am conservative. I attend church. I am somewhat interested in politics. ",Donald Trump
2,1,1,61,6,2,2,white,man,61,conservative,do not attend church,somewhat,"Racially, I am white. I am a man. I am 61 years old. Ideologically, I am conservative. I do not attend church. I am somewhat interested in politics. ",Donald Trump
2,2,1,31,4,2,2,white,woman,31,moderate,do not attend church,somewhat,"Racially, I am white. I am a woman. I am 31 years old. Ideologically, I am moderate. I do not attend church. I am somewhat interested in politics. ",Donald Trump
1,2,1,70,2,2,1,white,woman,70,liberal,attend church,somewhat,"Racially, I am white. I am a woman. I am 70 years old. Ideologically, I am liberal. I attend church. I am somewhat interested in politics. ",Kamala Harris
1,1,1,80,4,1,1,white,man,80,moderate,attend church,very,"Racially, I am white. I am a man. I am 80 years old. Ideologically, I am moderate. I attend church. I am very interested in politics. ",Kamala Harris
1,2,1,33,1,1,1,white,woman,33,extremely liberal,attend church,very,"Racially, I am white. I am a woman. I am 33 years old. Ideologically, I am extremely liberal. I attend church. I am very interested in politics. ",Kamala Harris
2,2,1,70,6,2,2,white,woman,70,conservative,do not attend church,somewhat,"Racially, I am white. I am a woman. I am 70 years old. Ideologically, I am conservative. I do not attend church. I am somewhat interested in politics. ",Donald Trump
1,1,2,34,2,2,2,black,man,34,liberal,do not attend church,somewhat,"Racially, I am black. I am a man. I am 34 years old. Ideologically, I am liberal. I do not attend church. I am somewhat interested in politics. ",Kamala Harris
2,2,1,47,5,2,1,white,woman,47,slightly conservative,attend church,somewhat,"Racially, I am white. I am a woman. I am 47 years old. Ideologically, I am slightly conservative. I attend church. I am somewhat interested in politics. ",Donald Trump
1,1,3,44,3,2,2,hispanic,man,44,slightly liberal,do not attend church,somewhat,"Racially, I am hispanic. I am a man. I am 44 years old. Ideologically, I am slightly liberal. I do not attend church. I am somewhat interested in politics. ",Kamala Harris
1,2,1,34,1,1,2,white,woman,34,extremely liberal,do not attend church,very,"Racially, I am white. I am a woman. I am 34 years old. Ideologically, I am extremely liberal. I do not attend church. I am very interested in politics. ",Kamala Harris
2,2,1,60,7,2,1,white,woman,60,extremely conservative,attend church,somewhat,"Racially, I am white. I am a woman. I am 60 years old. Ideologically, I am extremely conservative. I attend church. I am somewhat interested in politics. ",Donald Trump
2,1,6,61,5,4,1,mixed race,man,61,slightly conservative,attend church,not at all,"Racially, I am mixed race. I am a man. I am 61 years old. Ideologically, I am slightly conservative. I attend church. I am not at all interested in politics. ",Donald Trump
2,1,1,48,6,2,1,white,man,48,conservative,attend church,somewhat,"Racially, I am white. I am a man. I am 48 years old. Ideologically, I am conservative. I attend church. I am somewhat interested in politics. ",Donald Trump
1,1,1,49,3,2,2,white,man,49,slightly liberal,do not attend church,somewhat,"Racially, I am white. I am a man. I am 49 years old. Ideologically, I am slightly liberal. I do not attend church. I am somewhat interested in politics. ",Kamala Harris
2,1,1,53,7,2,2,white,man,53,extremely conservative,do not attend church,somewhat,"Racially, I am white. I am a man. I am 53 years old. Ideologically, I am extremely conservative. I do not attend church. I am somewhat interested in politics. ",Donald Trump
1,2,6,62,3,2,2,mixed race,woman,62,slightly liberal,do not attend church,somewhat,"Racially, I am mixed race. I am a woman. I am 62 years old. Ideologically, I am slightly liberal. I do not attend church. I am somewhat interested in politics. ",Kamala Harris
2,1,4,48,4,1,1,asian,man,48,moderate,attend church,very,"Racially, I am asian. I am a man. I am 48 years old. Ideologically, I am moderate. I attend church. I am very interested in politics. ",Donald Trump
1,1,1,51,1,1,2,white,man,51,extremely liberal,do not attend church,very,"Racially, I am white. I am a man. I am 51 years old. Ideologically, I am extremely liberal. I do not attend church. I am very interested in politics. ",Kamala Harris
1,1,1,40,2,3,1,white,man,40,liberal,attend church,not very,"Racially, I am white. I am a man. I am 40 years old. Ideologically, I am liberal. I attend church. I am not very interested in politics. ",Kamala Harris
1,1,1,42,2,3,2,white,man,42,liberal,do not attend church,not very,"Racially, I am white. I am a man. I am 42 years old. Ideologically, I am liberal. I do not attend church. I am not very interested in politics. ",Kamala Harris
1,2,3,33,2,2,1,hispanic,woman,33,liberal,attend church,somewhat,"Racially, I am hispanic. I am a woman. I am 33 years old. Ideologically, I am liberal. I attend church. I am somewhat interested in politics. ",Kamala Harris
2,2,1,70,7,2,2,white,woman,70,extremely conservative,do not attend church,somewhat,"Racially, I am white. I am a woman. I am 70 years old. Ideologically, I am extremely conservative. I do not attend church. I am somewhat interested in politics. ",Donald Trump
2,1,1,74,6,2,1,white,man,74,conservative,attend church,somewhat,"Racially, I am white. I am a man. I am 74 years old. Ideologically, I am conservative. I attend church. I am somewhat interested in politics. ",Donald Trump
1,2,1,55,4,2,2,white,woman,55,moderate,do not attend church,somewhat,"Racially, I am white. I am a woman. I am 55 years old. Ideologically, I am moderate. I do not attend church. I am somewhat interested in politics. ",Kamala Harris
2,2,1,48,6,2,1,white,woman,48,conservative,attend church,somewhat,"Racially, I am white. I am a woman. I am 48 years old. Ideologically, I am conservative. I attend church. I am somewhat interested in politics. ",Donald Trump
2,2,1,53,6,2,1,white,woman,53,conservative,attend church,somewhat,"Racially, I am white. I am a woman. I am 53 years old. Ideologically, I am conservative. I attend church. I am somewhat interested in politics. ",Donald Trump
2,2,1,72,6,2,1,white,woman,72,conservative,attend church,somewhat,"Racially, I am white. I am a woman. I am 72 years old. Ideologically, I am conservative. I attend church. I am somewhat interested in politics. ",Donald Trump
1,2,1,50,2,1,1,white,woman,50,liberal,attend church,very,"Racially, I am white. I am a woman. I am 50 years old. Ideologically, I am liberal. I attend church. I am very interested in politics. ",Kamala Harris
1,1,1,59,4,4,1,white,man,59,moderate,attend church,not at all,"Racially, I am white. I am a man. I am 59 years old. Ideologically, I am moderate. I attend church. I am not at all interested in politics. ",Kamala Harris
1,2,1,53,3,1,2,white,woman,53,slightly liberal,do not attend church,very,"Racially, I am white. I am a woman. I am 53 years old. Ideologically, I am slightly liberal. I do not attend church. I am very interested in politics. ",Kamala Harris
2,1,1,40,6,2,2,white,man,40,conservative,do not attend church,somewhat,"Racially, I am white. I am a man. I am 40 years old. Ideologically, I am conservative. I do not attend church. I am somewhat interested in politics. ",Donald Trump
2,1,1,56,7,2,2,white,man,56,extremely conservative,do not attend church,somewhat,"Racially, I am white. I am a man. I am 56 years old. Ideologically, I am extremely conservative. I do not attend church. I am somewhat interested in politics. ",Donald Trump
1,2,1,75,1,1,2,white,woman,75,extremely liberal,do not attend church,very,"Racially, I am white. I am a woman. I am 75 years old. Ideologically, I am extremely liberal. I do not attend church. I am very interested in politics. ",Kamala Harris
2,2,1,30,6,2,2,white,woman,30,conservative,do not attend church,somewhat,"Racially, I am white. I am a woman. I am 30 years old. Ideologically, I am conservative. I do not attend church. I am somewhat interested in politics. ",Donald Trump
2,1,1,51,5,4,1,white,man,51,slightly conservative,attend church,not at all,"Racially, I am white. I am a man. I am 51 years old. Ideologically, I am slightly conservative. I attend church. I am not at all interested in politics. ",Donald Trump
1,2,4,44,3,3,2,asian,woman,44,slightly liberal,do not attend church,not very,"Racially, I am asian. I am a woman. I am 44 years old. Ideologically, I am slightly liberal. I do not attend church. I am not very interested in politics. ",Kamala Harris
1,1,1,37,4,4,2,white,man,37,moderate,do not attend church,not at all,"Racially, I am white. I am a man. I am 37 years old. Ideologically, I am moderate. I do not attend church. I am not at all interested in politics. ",Kamala Harris
1,2,1,63,4,3,1,white,woman,63,moderate,attend church,not very,"Racially, I am white. I am a woman. I am 63 years old. Ideologically, I am moderate. I attend church. I am not very interested in politics. ",Kamala Harris
1,1,1,74,2,3,1,white,man,74,liberal,attend church,not very,"Racially, I am white. I am a man. I am 74 years old. Ideologically, I am liberal. I attend church. I am not very interested in politics. ",Kamala Harris
2,2,1,80,6,1,1,white,woman,80,conservative,attend church,very,"Racially, I am white. I am a woman. I am 80 years old. Ideologically, I am conservative. I attend church. I am very interested in politics. ",Donald Trump
1,2,1,22,1,2,2,white,woman,22,extremely liberal,do not attend church,somewhat,"Racially, I am white. I am a woman. I am 22 years old. Ideologically, I am extremely liberal. I do not attend church. I am somewhat interested in politics. ",Kamala Harris
1,2,1,70,3,1,1,white,woman,70,slightly liberal,attend church,very,"Racially, I am white. I am a woman. I am 70 years old. Ideologically, I am slightly liberal. I attend church. I am very interested in politics. ",Kamala Harris
1,1,1,58,4,2,1,white,man,58,moderate,attend church,somewhat,"Racially, I am white. I am a man. I am 58 years old. Ideologically, I am moderate. I attend church. I am somewhat interested in politics. ",Kamala Harris
2,1,1,27,5,2,1,white,man,27,slightly conservative,attend church,somewhat,"Racially, I am white. I am a man. I am 27 years old. Ideologically, I am slightly conservative. I attend church. I am somewhat interested in politics. ",Donald Trump
2,1,1,33,6,2,1,white,man,33,conservative,attend church,somewhat,"Racially, I am white. I am a man. I am 33 years old. Ideologically, I am conservative. I attend church. I am somewhat interested in politics. ",Donald Trump
2,1,1,50,4,3,1,white,man,50,moderate,attend church,not very,"Racially, I am white. I am a man. I am 50 years old. Ideologically, I am moderate. I attend church. I am not very interested in politics. ",Donald Trump
1,1,1,80,6,2,2,white,man,80,conservative,do not attend church,somewhat,"Racially, I am white. I am a man. I am 80 years old. Ideologically, I am conservative. I do not attend church. I am somewhat interested in politics. ",Kamala Harris
2,1,1,51,5,1,1,white,man,51,slightly conservative,attend church,very,"Racially, I am white. I am a man. I am 51 years old. Ideologically, I am slightly conservative. I attend church. I am very interested in politics. ",Donald Trump
1,1,1,64,1,1,2,white,man,64,extremely liberal,do not attend church,very,"Racially, I am white. I am a man. I am 64 years old. Ideologically, I am extremely liberal. I do not attend church. I am very interested in politics. ",Kamala Harris
1,1,1,80,4,2,1,white,man,80,moderate,attend church,somewhat,"Racially, I am white. I am a man. I am 80 years old. Ideologically, I am moderate. I attend church. I am somewhat interested in politics. ",Kamala Harris
1,2,1,79,2,2,1,white,woman,79,liberal,attend church,somewhat,"Racially, I am white. I am a woman. I am 79 years old. Ideologically, I am liberal. I attend church. I am somewhat interested in politics. ",Kamala Harris
1,1,1,56,4,2,2,white,man,56,moderate,do not attend church,somewhat,"Racially, I am white. I am a man. I am 56 years old. Ideologically, I am moderate. I do not attend church. I am somewhat interested in politics. ",Kamala Harris
1,1,1,32,1,1,1,white,man,32,extremely liberal,attend church,very,"Racially, I am white. I am a man. I am 32 years old. Ideologically, I am extremely liberal. I attend church. I am very interested in politics. ",Kamala Harris
2,1,1,60,5,2,1,white,man,60,slightly conservative,attend church,somewhat,"Racially, I am white. I am a man. I am 60 years old. Ideologically, I am slightly conservative. I attend church. I am somewhat interested in politics. ",Donald Trump
1,2,1,80,4,2,1,white,woman,80,moderate,attend church,somewhat,"Racially, I am white. I am a woman. I am 80 years old. Ideologically, I am moderate. I attend church. I am somewhat interested in politics. ",Kamala Harris
1,2,2,37,4,1,1,black,woman,37,moderate,attend church,very,"Racially, I am black. I am a woman. I am 37 years old. Ideologically, I am moderate. I attend church. I am very interested in politics. ",Kamala Harris
2,1,1,72,7,1,1,white,man,72,extremely conservative,attend church,very,"Racially, I am white. I am a man. I am 72 years old. Ideologically, I am extremely conservative. I attend church. I am very interested in politics. ",Donald Trump
1,2,1,64,2,2,2,white,woman,64,liberal,do not attend church,somewhat,"Racially, I am white. I am a woman. I am 64 years old. Ideologically, I am liberal. I do not attend church. I am somewhat interested in politics. ",Kamala Harris
2,1,1,42,6,2,1,white,man,42,conservative,attend church,somewhat,"Racially, I am white. I am a man. I am 42 years old. Ideologically, I am conservative. I attend church. I am somewhat interested in politics. ",Donald Trump
1,2,1,27,2,1,2,white,woman,27,liberal,do not attend church,very,"Racially, I am white. I am a woman. I am 27 years old. Ideologically, I am liberal. I do not attend church. I am very interested in politics. ",Kamala Harris
1,2,1,39,2,1,1,white,woman,39,liberal,attend church,very,"Racially, I am white. I am a woman. I am 39 years old. Ideologically, I am liberal. I attend church. I am very interested in politics. ",Kamala Harris
2,2,1,73,6,1,1,white,woman,73,conservative,attend church,very,"Racially, I am white. I am a woman. I am 73 years old. Ideologically, I am conservative. I attend church. I am very interested in politics. ",Donald Trump
1,1,1,53,2,3,2,white,man,53,liberal,do not attend church,not very,"Racially, I am white. I am a man. I am 53 years old. Ideologically, I am liberal. I do not attend church. I am not very interested in politics. ",Kamala Harris
1,1,1,64,4,2,2,white,man,64,moderate,do not attend church,somewhat,"Racially, I am white. I am a man. I am 64 years old. Ideologically, I am moderate. I do not attend church. I am somewhat interested in politics. ",Kamala Harris
1,1,4,61,3,2,2,asian,man,61,slightly liberal,do not attend church,somewhat,"Racially, I am asian. I am a man. I am 61 years old. Ideologically, I am slightly liberal. I do not attend church. I am somewhat interested in politics. ",Kamala Harris
2,2,6,51,6,2,1,mixed race,woman,51,conservative,attend church,somewhat,"Racially, I am mixed race. I am a woman. I am 51 years old. Ideologically, I am conservative. I attend church. I am somewhat interested in politics. ",Donald Trump
2,1,3,33,7,1,1,hispanic,man,33,extremely conservative,attend church,very,"Racially, I am hispanic. I am a man. I am 33 years old. Ideologically, I am extremely conservative. I attend church. I am very interested in politics. ",Donald Trump
2,1,3,57,6,2,1,hispanic,man,57,conservative,attend church,somewhat,"Racially, I am hispanic. I am a man. I am 57 years old. Ideologically, I am conservative. I attend church. I am somewhat interested in politics. ",Donald Trump
1,2,2,70,2,2,2,black,woman,70,liberal,do not attend church,somewhat,"Racially, I am black. I am a woman. I am 70 years old. Ideologically, I am liberal. I do not attend church. I am somewhat interested in politics. ",Kamala Harris
2,2,1,57,4,3,1,white,woman,57,moderate,attend church,not very,"Racially, I am white. I am a woman. I am 57 years old. Ideologically, I am moderate. I attend church. I am not very interested in politics. ",Donald Trump
1,1,1,45,2,3,2,white,man,45,liberal,do not attend church,not very,"Racially, I am white. I am a man. I am 45 years old. Ideologically, I am liberal. I do not attend church. I am not very interested in politics. ",Kamala Harris
2,2,1,69,5,2,1,white,woman,69,slightly conservative,attend church,somewhat,"Racially, I am white. I am a woman. I am 69 years old. Ideologically, I am slightly conservative. I attend church. I am somewhat interested in politics. ",Donald Trump
1,2,1,40,4,4,1,white,woman,40,moderate,attend church,not at all,"Racially, I am white. I am a woman. I am 40 years old. Ideologically, I am moderate. I attend church. I am not at all interested in politics. ",Kamala Harris
1,2,1,30,2,1,2,white,woman,30,liberal,do not attend church,very,"Racially, I am white. I am a woman. I am 30 years old. Ideologically, I am liberal. I do not attend church. I am very interested in politics. ",Kamala Harris
2,2,1,70,6,3,1,white,woman,70,conservative,attend church,not very,"Racially, I am white. I am a woman. I am 70 years old. Ideologically, I am conservative. I attend church. I am not very interested in politics. ",Donald Trump
1,2,3,34,3,1,2,hispanic,woman,34,slightly liberal,do not attend church,very,"Racially, I am hispanic. I am a woman. I am 34 years old. Ideologically, I am slightly liberal. I do not attend church. I am very interested in politics. ",Kamala Harris
2,2,1,80,7,2,1,white,woman,80,extremely conservative,attend church,somewhat,"Racially, I am white. I am a woman. I am 80 years old. Ideologically, I am extremely conservative. I attend church. I am somewhat interested in politics. ",Donald Trump
1,1,1,80,4,2,2,white,man,80,moderate,do not attend church,somewhat,"Racially, I am white. I am a man. I am 80 years old. Ideologically, I am moderate. I do not attend church. I am somewhat interested in politics. ",Kamala Harris
1,1,4,42,3,3,2,asian,man,42,slightly liberal,do not attend church,not very,"Racially, I am asian. I am a man. I am 42 years old. Ideologically, I am slightly liberal. I do not attend church. I am not very interested in politics. ",Kamala Harris
1,1,1,76,3,1,1,white,man,76,slightly liberal,attend church,very,"Racially, I am white. I am a man. I am 76 years old. Ideologically, I am slightly liberal. I attend church. I am very interested in politics. ",Kamala Harris
1,2,1,55,2,2,1,white,woman,55,liberal,attend church,somewhat,"Racially, I am white. I am a woman. I am 55 years old. Ideologically, I am liberal. I attend church. I am somewhat interested in politics. ",Kamala Harris
1,2,1,22,4,2,1,white,woman,22,moderate,attend church,somewhat,"Racially, I am white. I am a woman. I am 22 years old. Ideologically, I am moderate. I attend church. I am somewhat interested in politics. ",Kamala Harris
1,2,1,54,1,1,2,white,woman,54,extremely liberal,do not attend church,very,"Racially, I am white. I am a woman. I am 54 years old. Ideologically, I am extremely liberal. I do not attend church. I am very interested in politics. ",Kamala Harris
1,2,1,66,2,1,2,white,woman,66,liberal,do not attend church,very,"Racially, I am white. I am a woman. I am 66 years old. Ideologically, I am liberal. I do not attend church. I am very interested in politics. ",Kamala Harris
1,1,2,62,2,3,2,black,man,62,liberal,do not attend church,not very,"Racially, I am black. I am a man. I am 62 years old. Ideologically, I am liberal. I do not attend church. I am not very interested in politics. ",Kamala Harris
2,1,1,72,6,2,1,white,man,72,conservative,attend church,somewhat,"Racially, I am white. I am a man. I am 72 years old. Ideologically, I am conservative. I attend church. I am somewhat interested in politics. ",Donald Trump
1,2,1,62,6,3,2,white,woman,62,conservative,do not attend church,not very,"Racially, I am white. I am a woman. I am 62 years old. Ideologically, I am conservative. I do not attend church. I am not very interested in politics. ",Kamala Harris
1,2,2,27,4,2,2,black,woman,27,moderate,do not attend church,somewhat,"Racially, I am black. I am a woman. I am 27 years old. Ideologically, I am moderate. I do not attend church. I am somewhat interested in politics. ",Kamala Harris
2,2,1,70,6,2,2,white,woman,70,conservative,do not attend church,somewhat,"Racially, I am white. I am a woman. I am 70 years old. Ideologically, I am conservative. I do not attend church. I am somewhat interested in politics. ",Donald Trump
1,1,6,50,3,3,2,mixed race,man,50,slightly liberal,do not attend church,not very,"Racially, I am mixed race. I am a man. I am 50 years old. Ideologically, I am slightly liberal. I do not attend church. I am not very interested in politics. ",Kamala Harris
2,1,1,72,7,1,1,white,man,72,extremely conservative,attend church,very,"Racially, I am white. I am a man. I am 72 years old. Ideologically, I am extremely conservative. I attend church. I am very interested in politics. ",Donald Trump
1,1,1,50,2,2,2,white,man,50,liberal,do not attend church,somewhat,"Racially, I am white. I am a man. I am 50 years old. Ideologically, I am liberal. I do not attend church. I am somewhat interested in politics. ",Kamala Harris
2,2,1,41,7,2,1,white,woman,41,extremely conservative,attend church,somewhat,"Racially, I am white. I am a woman. I am 41 years old. Ideologically, I am extremely conservative. I attend church. I am somewhat interested in politics. ",Donald Trump
1,2,6,73,2,2,2,mixed race,woman,73,liberal,do not attend church,somewhat,"Racially, I am mixed race. I am a woman. I am 73 years old. Ideologically, I am liberal. I do not attend church. I am somewhat interested in politics. ",Kamala Harris
2,1,1,61,6,3,1,white,man,61,conservative,attend church,not very,"Racially, I am white. I am a man. I am 61 years old. Ideologically, I am conservative. I attend church. I am not very interested in politics. ",Donald Trump
1,2,1,36,1,1,1,white,woman,36,extremely liberal,attend church,very,"Racially, I am white. I am a woman. I am 36 years old. Ideologically, I am extremely liberal. I attend church. I am very interested in politics. ",Kamala Harris
2,1,6,36,4,3,1,mixed race,man,36,moderate,attend church,not very,"Racially, I am mixed race. I am a man. I am 36 years old. Ideologically, I am moderate. I attend church. I am not very interested in politics. ",Donald Trump
2,1,1,80,4,2,2,white,man,80,moderate,do not attend church,somewhat,"Racially, I am white. I am a man. I am 80 years old. Ideologically, I am moderate. I do not attend church. I am somewhat interested in politics. ",Donald Trump
2,1,1,47,6,1,1,white,man,47,conservative,attend church,very,"Racially, I am white. I am a man. I am 47 years old. Ideologically, I am conservative. I attend church. I am very interested in politics. ",Donald Trump
2,2,1,69,7,2,1,white,woman,69,extremely conservative,attend church,somewhat,"Racially, I am white. I am a woman. I am 69 years old. Ideologically, I am extremely conservative. I attend church. I am somewhat interested in politics. ",Donald Trump
2,1,1,71,6,2,1,white,man,71,conservative,attend church,somewhat,"Racially, I am white. I am a man. I am 71 years old. Ideologically, I am conservative. I attend church. I am somewhat interested in politics. ",Donald Trump
1,1,1,40,4,1,1,white,man,40,moderate,attend church,very,"Racially, I am white. I am a man. I am 40 years old. Ideologically, I am moderate. I attend church. I am very interested in politics. ",Kamala Harris
2,1,1,34,7,2,1,white,man,34,extremely conservative,attend church,somewhat,"Racially, I am white. I am a man. I am 34 years old. Ideologically, I am extremely conservative. I attend church. I am somewhat interested in politics. ",Donald Trump
2,2,1,59,4,2,1,white,woman,59,moderate,attend church,somewhat,"Racially, I am white. I am a woman. I am 59 years old. Ideologically, I am moderate. I attend church. I am somewhat interested in politics. ",Donald Trump
2,1,1,39,6,2,1,white,man,39,conservative,attend church,somewhat,"Racially, I am white. I am a man. I am 39 years old. Ideologically, I am conservative. I attend church. I am somewhat interested in politics. ",Donald Trump
2,2,1,76,6,2,2,white,woman,76,conservative,do not attend church,somewhat,"Racially, I am white. I am a woman. I am 76 years old. Ideologically, I am conservative. I do not attend church. I am somewhat interested in politics. ",Donald Trump
1,2,1,63,2,2,1,white,woman,63,liberal,attend church,somewhat,"Racially, I am white. I am a woman. I am 63 years old. Ideologically, I am liberal. I attend church. I am somewhat interested in politics. ",Kamala Harris
1,2,1,46,4,2,2,white,woman,46,moderate,do not attend church,somewhat,"Racially, I am white. I am a woman. I am 46 years old. Ideologically, I am moderate. I do not attend church. I am somewhat interested in politics. ",Kamala Harris
2,1,1,33,6,2,2,white,man,33,conservative,do not attend church,somewhat,"Racially, I am white. I am a man. I am 33 years old. Ideologically, I am conservative. I do not attend church. I am somewhat interested in politics. ",Donald Trump
2,2,1,68,6,2,2,white,woman,68,conservative,do not attend church,somewhat,"Racially, I am white. I am a woman. I am 68 years old. Ideologically, I am conservative. I do not attend church. I am somewhat interested in politics. ",Donald Trump
2,2,1,32,4,3,2,white,woman,32,moderate,do not attend church,not very,"Racially, I am white. I am a woman. I am 32 years old. Ideologically, I am moderate. I do not attend church. I am not very interested in politics. ",Donald Trump
2,2,1,55,4,3,2,white,woman,55,moderate,do not attend church,not very,"Racially, I am white. I am a woman. I am 55 years old. Ideologically, I am moderate. I do not attend church. I am not very interested in politics. ",Donald Trump
2,1,1,80,4,1,1,white,man,80,moderate,attend church,very,"Racially, I am white. I am a man. I am 80 years old. Ideologically, I am moderate. I attend church. I am very interested in politics. ",Donald Trump
1,1,1,45,4,2,1,white,man,45,moderate,attend church,somewhat,"Racially, I am white. I am a man. I am 45 years old. Ideologically, I am moderate. I attend church. I am somewhat interested in politics. ",Kamala Harris
2,2,1,79,6,2,1,white,woman,79,conservative,attend church,somewhat,"Racially, I am white. I am a woman. I am 79 years old. Ideologically, I am conservative. I attend church. I am somewhat interested in politics. ",Donald Trump
2,2,6,40,6,2,2,mixed race,woman,40,conservative,do not attend church,somewhat,"Racially, I am mixed race. I am a woman. I am 40 years old. Ideologically, I am conservative. I do not attend church. I am somewhat interested in politics. ",Donald Trump
1,2,1,36,3,3,2,white,woman,36,slightly liberal,do not attend church,not very,"Racially, I am white. I am a woman. I am 36 years old. Ideologically, I am slightly liberal. I do not attend church. I am not very interested in politics. ",Kamala Harris
1,1,1,67,4,2,2,white,man,67,moderate,do not attend church,somewhat,"Racially, I am white. I am a man. I am 67 years old. Ideologically, I am moderate. I do not attend church. I am somewhat interested in politics. ",Kamala Harris
2,1,1,29,5,2,1,white,man,29,slightly conservative,attend church,somewhat,"Racially, I am white. I am a man. I am 29 years old. Ideologically, I am slightly conservative. I attend church. I am somewhat interested in politics. ",Donald Trump
2,1,1,61,6,1,1,white,man,61,conservative,attend church,very,"Racially, I am white. I am a man. I am 61 years old. Ideologically, I am conservative. I attend church. I am very interested in politics. ",Donald Trump
1,1,1,36,2,1,1,white,man,36,liberal,attend church,very,"Racially, I am white. I am a man. I am 36 years old. Ideologically, I am liberal. I attend church. I am very interested in politics. ",Kamala Harris
1,2,3,59,3,2,2,hispanic,woman,59,slightly liberal,do not attend church,somewhat,"Racially, I am hispanic. I am a woman. I am 59 years old. Ideologically, I am slightly liberal. I do not attend church. I am somewhat interested in politics. ",Kamala Harris
2,1,1,54,6,2,1,white,man,54,conservative,attend church,somewhat,"Racially, I am white. I am a man. I am 54 years old. Ideologically, I am conservative. I attend church. I am somewhat interested in politics. ",Donald Trump
1,2,6,28,3,2,1,mixed race,woman,28,slightly liberal,attend church,somewhat,"Racially, I am mixed race. I am a woman. I am 28 years old. Ideologically, I am slightly liberal. I attend church. I am somewhat interested in politics. ",Kamala Harris
2,1,1,47,6,3,2,white,man,47,conservative,do not attend church,not very,"Racially, I am white. I am a man. I am 47 years old. Ideologically, I am conservative. I do not attend church. I am not very interested in politics. ",Donald Trump
1,2,3,22,3,2,1,hispanic,woman,22,slightly liberal,attend church,somewhat,"Racially, I am hispanic. I am a woman. I am 22 years old. Ideologically, I am slightly liberal. I attend church. I am somewhat interested in politics. ",Kamala Harris
2,2,1,34,6,2,2,white,woman,34,conservative,do not attend church,somewhat,"Racially, I am white. I am a woman. I am 34 years old. Ideologically, I am conservative. I do not attend church. I am somewhat interested in politics. ",Donald Trump
1,1,1,76,4,2,1,white,man,76,moderate,attend church,somewhat,"Racially, I am white. I am a man. I am 76 years old. Ideologically, I am moderate. I attend church. I am somewhat interested in politics. ",Kamala Harris
1,2,2,39,3,2,1,black,woman,39,slightly liberal,attend church,somewhat,"Racially, I am black. I am a woman. I am 39 years old. Ideologically, I am slightly liberal. I attend church. I am somewhat interested in politics. ",Kamala Harris
1,1,3,41,4,1,2,hispanic,man,41,moderate,do not attend church,very,"Racially, I am hispanic. I am a man. I am 41 years old. Ideologically, I am moderate. I do not attend church. I am very interested in politics. ",Kamala Harris
2,1,1,39,6,3,1,white,man,39,conservative,attend church,not very,"Racially, I am white. I am a man. I am 39 years old. Ideologically, I am conservative. I attend church. I am not very interested in politics. ",Donald Trump
1,2,1,39,2,1,1,white,woman,39,liberal,attend church,very,"Racially, I am white. I am a woman. I am 39 years old. Ideologically, I am liberal. I attend church. I am very interested in politics. ",Kamala Harris
1,2,3,36,7,1,1,hispanic,woman,36,extremely conservative,attend church,very,"Racially, I am hispanic. I am a woman. I am 36 years old. Ideologically, I am extremely conservative. I attend church. I am very interested in politics. ",Kamala Harris
2,2,1,44,6,4,1,white,woman,44,conservative,attend church,not at all,"Racially, I am white. I am a woman. I am 44 years old. Ideologically, I am conservative. I attend church. I am not at all interested in politics. ",Donald Trump
2,2,1,72,6,2,1,white,woman,72,conservative,attend church,somewhat,"Racially, I am white. I am a woman. I am 72 years old. Ideologically, I am conservative. I attend church. I am somewhat interested in politics. ",Donald Trump
1,2,1,58,3,2,2,white,woman,58,slightly liberal,do not attend church,somewhat,"Racially, I am white. I am a woman. I am 58 years old. Ideologically, I am slightly liberal. I do not attend church. I am somewhat interested in politics. ",Kamala Harris
2,2,3,44,4,2,2,hispanic,woman,44,moderate,do not attend church,somewhat,"Racially, I am hispanic. I am a woman. I am 44 years old. Ideologically, I am moderate. I do not attend church. I am somewhat interested in politics. ",Donald Trump
2,1,1,63,6,2,1,white,man,63,conservative,attend church,somewhat,"Racially, I am white. I am a man. I am 63 years old. Ideologically, I am conservative. I attend church. I am somewhat interested in politics. ",Donald Trump
2,2,1,80,7,2,1,white,woman,80,extremely conservative,attend church,somewhat,"Racially, I am white. I am a woman. I am 80 years old. Ideologically, I am extremely conservative. I attend church. I am somewhat interested in politics. ",Donald Trump
2,1,1,57,6,2,1,white,man,57,conservative,attend church,somewhat,"Racially, I am white. I am a man. I am 57 years old. Ideologically, I am conservative. I attend church. I am somewhat interested in politics. ",Donald Trump
2,1,4,58,4,1,1,asian,man,58,moderate,attend church,very,"Racially, I am asian. I am a man. I am 58 years old. Ideologically, I am moderate. I attend church. I am very interested in politics. ",Donald Trump
1,1,2,73,3,2,1,black,man,73,slightly liberal,attend church,somewhat,"Racially, I am black. I am a man. I am 73 years old. Ideologically, I am slightly liberal. I attend church. I am somewhat interested in politics. ",Kamala Harris
2,1,1,49,7,3,1,white,man,49,extremely conservative,attend church,not very,"Racially, I am white. I am a man. I am 49 years old. Ideologically, I am extremely conservative. I attend church. I am not very interested in politics. ",Donald Trump
1,1,1,80,7,2,2,white,man,80,extremely conservative,do not attend church,somewhat,"Racially, I am white. I am a man. I am 80 years old. Ideologically, I am extremely conservative. I do not attend church. I am somewhat interested in politics. ",Kamala Harris
1,2,1,47,2,2,2,white,woman,47,liberal,do not attend church,somewhat,"Racially, I am white. I am a woman. I am 47 years old. Ideologically, I am liberal. I do not attend church. I am somewhat interested in politics. ",Kamala Harris
1,2,2,57,6,3,1,black,woman,57,conservative,attend church,not very,"Racially, I am black. I am a woman. I am 57 years old. Ideologically, I am conservative. I attend church. I am not very interested in politics. ",Kamala Harris
1,2,1,59,1,2,2,white,woman,59,extremely liberal,do not attend church,somewhat,"Racially, I am white. I am a woman. I am 59 years old. Ideologically, I am extremely liberal. I do not attend church. I am somewhat interested in politics. ",Kamala Harris
1,2,1,53,4,3,2,white,woman,53,moderate,do not attend church,not very,"Racially, I am white. I am a woman. I am 53 years old. Ideologically, I am moderate. I do not attend church. I am not very interested in politics. ",Kamala Harris
1,2,1,62,4,1,1,white,woman,62,moderate,attend church,very,"Racially, I am white. I am a woman. I am 62 years old. Ideologically, I am moderate. I attend church. I am very interested in politics. ",Kamala Harris
2,1,1,75,5,2,1,white,man,75,slightly conservative,attend church,somewhat,"Racially, I am white. I am a man. I am 75 years old. Ideologically, I am slightly conservative. I attend church. I am somewhat interested in politics. ",Donald Trump
1,1,3,41,2,3,1,hispanic,man,41,liberal,attend church,not very,"Racially, I am hispanic. I am a man. I am 41 years old. Ideologically, I am liberal. I attend church. I am not very interested in politics. ",Kamala Harris
2,1,1,78,7,2,1,white,man,78,extremely conservative,attend church,somewhat,"Racially, I am white. I am a man. I am 78 years old. Ideologically, I am extremely conservative. I attend church. I am somewhat interested in politics. ",Donald Trump
2,2,1,41,6,2,1,white,woman,41,conservative,attend church,somewhat,"Racially, I am white. I am a woman. I am 41 years old. Ideologically, I am conservative. I attend church. I am somewhat interested in politics. ",Donald Trump
1,1,1,66,4,2,2,white,man,66,moderate,do not attend church,somewhat,"Racially, I am white. I am a man. I am 66 years old. Ideologically, I am moderate. I do not attend church. I am somewhat interested in politics. ",Kamala Harris
1,2,4,56,3,2,1,asian,woman,56,slightly liberal,attend church,somewhat,"Racially, I am asian. I am a woman. I am 56 years old. Ideologically, I am slightly liberal. I attend church. I am somewhat interested in politics. ",Kamala Harris
1,2,1,50,2,2,2,white,woman,50,liberal,do not attend church,somewhat,"Racially, I am white. I am a woman. I am 50 years old. Ideologically, I am liberal. I do not attend church. I am somewhat interested in politics. ",Kamala Harris
1,1,4,71,3,2,2,asian,man,71,slightly liberal,do not attend church,somewhat,"Racially, I am asian. I am a man. I am 71 years old. Ideologically, I am slightly liberal. I do not attend church. I am somewhat interested in politics. ",Kamala Harris
1,1,1,39,2,2,2,white,man,39,liberal,do not attend church,somewhat,"Racially, I am white. I am a man. I am 39 years old. Ideologically, I am liberal. I do not attend church. I am somewhat interested in politics. ",Kamala Harris
1,2,2,64,4,1,1,black,woman,64,moderate,attend church,very,"Racially, I am black. I am a woman. I am 64 years old. Ideologically, I am moderate. I attend church. I am very interested in politics. ",Kamala Harris
1,1,1,36,2,3,2,white,man,36,liberal,do not attend church,not very,"Racially, I am white. I am a man. I am 36 years old. Ideologically, I am liberal. I do not attend church. I am not very interested in politics. ",Kamala Harris
1,2,6,80,6,2,1,mixed race,woman,80,conservative,attend church,somewhat,"Racially, I am mixed race. I am a woman. I am 80 years old. Ideologically, I am conservative. I attend church. I am somewhat interested in politics. ",Kamala Harris
1,1,3,48,2,1,2,hispanic,man,48,liberal,do not attend church,very,"Racially, I am hispanic. I am a man. I am 48 years old. Ideologically, I am liberal. I do not attend church. I am very interested in politics. ",Kamala Harris
1,2,1,51,2,1,2,white,woman,51,liberal,do not attend church,very,"Racially, I am white. I am a woman. I am 51 years old. Ideologically, I am liberal. I do not attend church. I am very interested in politics. ",Kamala Harris
1,2,1,27,2,2,2,white,woman,27,liberal,do not attend church,somewhat,"Racially, I am white. I am a woman. I am 27 years old. Ideologically, I am liberal. I do not attend church. I am somewhat interested in politics. ",Kamala Harris
1,2,1,50,4,3,2,white,woman,50,moderate,do not attend church,not very,"Racially, I am white. I am a woman. I am 50 years old. Ideologically, I am moderate. I do not attend church. I am not very interested in politics. ",Kamala Harris
2,1,2,54,6,2,1,black,man,54,conservative,attend church,somewhat,"Racially, I am black. I am a man. I am 54 years old. Ideologically, I am conservative. I attend church. I am somewhat interested in politics. ",Donald Trump
1,1,1,54,2,2,1,white,man,54,liberal,attend church,somewhat,"Racially, I am white. I am a man. I am 54 years old. Ideologically, I am liberal. I attend church. I am somewhat interested in politics. ",Kamala Harris
1,2,1,79,4,2,1,white,woman,79,moderate,attend church,somewhat,"Racially, I am white. I am a woman. I am 79 years old. Ideologically, I am moderate. I attend church. I am somewhat interested in politics. ",Kamala Harris
1,2,1,69,4,2,2,white,woman,69,moderate,do not attend church,somewhat,"Racially, I am white. I am a woman. I am 69 years old. Ideologically, I am moderate. I do not attend church. I am somewhat interested in politics. ",Kamala Harris
1,1,1,42,2,1,2,white,man,42,liberal,do not attend church,very,"Racially, I am white. I am a man. I am 42 years old. Ideologically, I am liberal. I do not attend church. I am very interested in politics. ",Kamala Harris
2,2,1,37,4,3,2,white,woman,37,moderate,do not attend church,not very,"Racially, I am white. I am a woman. I am 37 years old. Ideologically, I am moderate. I do not attend church. I am not very interested in politics. ",Donald Trump
1,1,2,51,2,2,1,black,man,51,liberal,attend church,somewhat,"Racially, I am black. I am a man. I am 51 years old. Ideologically, I am liberal. I attend church. I am somewhat interested in politics. ",Kamala Harris
1,2,1,43,2,1,1,white,woman,43,liberal,attend church,very,"Racially, I am white. I am a woman. I am 43 years old. Ideologically, I am liberal. I attend church. I am very interested in politics. ",Kamala Harris
2,1,1,75,6,1,2,white,man,75,conservative,do not attend church,very,"Racially, I am white. I am a man. I am 75 years old. Ideologically, I am conservative. I do not attend church. I am very interested in politics. ",Donald Trump
2,1,1,44,6,2,1,white,man,44,conservative,attend church,somewhat,"Racially, I am white. I am a man. I am 44 years old. Ideologically, I am conservative. I attend church. I am somewhat interested in politics. ",Donald Trump
2,2,1,47,7,2,1,white,woman,47,extremely conservative,attend church,somewhat,"Racially, I am white. I am a woman. I am 47 years old. Ideologically, I am extremely conservative. I attend church. I am somewhat interested in politics. ",Donald Trump
1,1,1,31,3,3,2,white,man,31,slightly liberal,do not attend church,not very,"Racially, I am white. I am a man. I am 31 years old. Ideologically, I am slightly liberal. I do not attend church. I am not very interested in politics. ",Kamala Harris
2,1,3,43,6,4,1,hispanic,man,43,conservative,attend church,not at all,"Racially, I am hispanic. I am a man. I am 43 years old. Ideologically, I am conservative. I attend church. I am not at all interested in politics. ",Donald Trump
1,2,1,68,4,2,2,white,woman,68,moderate,do not attend church,somewhat,"Racially, I am white. I am a woman. I am 68 years old. Ideologically, I am moderate. I do not attend church. I am somewhat interested in politics. ",Kamala Harris
2,2,1,67,6,4,1,white,woman,67,conservative,attend church,not at all,"Racially, I am white. I am a woman. I am 67 years old. Ideologically, I am conservative. I attend church. I am not at all interested in politics. ",Donald Trump
2,1,1,62,6,2,1,white,man,62,conservative,attend church,somewhat,"Racially, I am white. I am a man. I am 62 years old. Ideologically, I am conservative. I attend church. I am somewhat interested in politics. ",Donald Trump
2,1,1,43,7,1,1,white,man,43,extremely conservative,attend church,very,"Racially, I am white. I am a man. I am 43 years old. Ideologically, I am extremely conservative. I attend church. I am very interested in politics. ",Donald Trump
2,1,1,49,6,4,1,white,man,49,conservative,attend church,not at all,"Racially, I am white. I am a man. I am 49 years old. Ideologically, I am conservative. I attend church. I am not at all interested in politics. ",Donald Trump
2,2,1,38,6,3,2,white,woman,38,conservative,do not attend church,not very,"Racially, I am white. I am a woman. I am 38 years old. Ideologically, I am conservative. I do not attend church. I am not very interested in politics. ",Donald Trump
1,2,1,40,2,1,2,white,woman,40,liberal,do not attend church,very,"Racially, I am white. I am a woman. I am 40 years old. Ideologically, I am liberal. I do not attend church. I am very interested in politics. ",Kamala Harris
2,2,1,47,4,1,2,white,woman,47,moderate,do not attend church,very,"Racially, I am white. I am a woman. I am 47 years old. Ideologically, I am moderate. I do not attend church. I am very interested in politics. ",Donald Trump
2,2,1,34,5,3,1,white,woman,34,slightly conservative,attend church,not very,"Racially, I am white. I am a woman. I am 34 years old. Ideologically, I am slightly conservative. I attend church. I am not very interested in politics. ",Donald Trump
2,1,1,69,6,3,1,white,man,69,conservative,attend church,not very,"Racially, I am white. I am a man. I am 69 years old. Ideologically, I am conservative. I attend church. I am not very interested in politics. ",Donald Trump
2,2,2,49,2,2,1,black,woman,49,liberal,attend church,somewhat,"Racially, I am black. I am a woman. I am 49 years old. Ideologically, I am liberal. I attend church. I am somewhat interested in politics. ",Donald Trump
1,2,1,66,3,2,1,white,woman,66,slightly liberal,attend church,somewhat,"Racially, I am white. I am a woman. I am 66 years old. Ideologically, I am slightly liberal. I attend church. I am somewhat interested in politics. ",Kamala Harris
2,2,1,60,4,3,2,white,woman,60,moderate,do not attend church,not very,"Racially, I am white. I am a woman. I am 60 years old. Ideologically, I am moderate. I do not attend church. I am not very interested in politics. ",Donald Trump
1,1,2,42,4,4,1,black,man,42,moderate,attend church,not at all,"Racially, I am black. I am a man. I am 42 years old. Ideologically, I am moderate. I attend church. I am not at all interested in politics. ",Kamala Harris
2,1,1,64,6,2,1,white,man,64,conservative,attend church,somewhat,"Racially, I am white. I am a man. I am 64 years old. Ideologically, I am conservative. I attend church. I am somewhat interested in politics. ",Donald Trump
2,1,1,61,6,1,2,white,man,61,conservative,do not attend church,very,"Racially, I am white. I am a man. I am 61 years old. Ideologically, I am conservative. I do not attend church. I am very interested in politics. ",Donald Trump
2,1,1,44,5,1,2,white,man,44,slightly conservative,do not attend church,very,"Racially, I am white. I am a man. I am 44 years old. Ideologically, I am slightly conservative. I do not attend church. I am very interested in politics. ",Donald Trump
1,1,1,58,3,1,2,white,man,58,slightly liberal,do not attend church,very,"Racially, I am white. I am a man. I am 58 years old. Ideologically, I am slightly liberal. I do not attend church. I am very interested in politics. ",Kamala Harris
1,1,1,62,5,2,1,white,man,62,slightly conservative,attend church,somewhat,"Racially, I am white. I am a man. I am 62 years old. Ideologically, I am slightly conservative. I attend church. I am somewhat interested in politics. ",Kamala Harris
2,1,6,35,5,1,1,mixed race,man,35,slightly conservative,attend church,very,"Racially, I am mixed race. I am a man. I am 35 years old. Ideologically, I am slightly conservative. I attend church. I am very interested in politics. ",Donald Trump
2,2,1,80,6,2,1,white,woman,80,conservative,attend church,somewhat,"Racially, I am white. I am a woman. I am 80 years old. Ideologically, I am conservative. I attend church. I am somewhat interested in politics. ",Donald Trump
2,1,1,42,4,2,2,white,man,42,moderate,do not attend church,somewhat,"Racially, I am white. I am a man. I am 42 years old. Ideologically, I am moderate. I do not attend church. I am somewhat interested in politics. ",Donald Trump
2,1,3,26,5,3,2,hispanic,man,26,slightly conservative,do not attend church,not very,"Racially, I am hispanic. I am a man. I am 26 years old. Ideologically, I am slightly conservative. I do not attend church. I am not very interested in politics. ",Donald Trump
1,2,1,52,3,1,2,white,woman,52,slightly liberal,do not attend church,very,"Racially, I am white. I am a woman. I am 52 years old. Ideologically, I am slightly liberal. I do not attend church. I am very interested in politics. ",Kamala Harris
2,1,1,63,6,2,2,white,man,63,conservative,do not attend church,somewhat,"Racially, I am white. I am a man. I am 63 years old. Ideologically, I am conservative. I do not attend church. I am somewhat interested in politics. ",Donald Trump
1,1,1,65,4,3,1,white,man,65,moderate,attend church,not very,"Racially, I am white. I am a man. I am 65 years old. Ideologically, I am moderate. I attend church. I am not very interested in politics. ",Kamala Harris
1,1,1,44,2,2,2,white,man,44,liberal,do not attend church,somewhat,"Racially, I am white. I am a man. I am 44 years old. Ideologically, I am liberal. I do not attend church. I am somewhat interested in politics. ",Kamala Harris
1,2,1,46,1,2,2,white,woman,46,extremely liberal,do not attend church,somewhat,"Racially, I am white. I am a woman. I am 46 years old. Ideologically, I am extremely liberal. I do not attend church. I am somewhat interested in politics. ",Kamala Harris
1,1,1,58,4,1,1,white,man,58,moderate,attend church,very,"Racially, I am white. I am a man. I am 58 years old. Ideologically, I am moderate. I attend church. I am very interested in politics. ",Kamala Harris
2,1,1,47,4,4,2,white,man,47,moderate,do not attend church,not at all,"Racially, I am white. I am a man. I am 47 years old. Ideologically, I am moderate. I do not attend church. I am not at all interested in politics. ",Donald Trump
1,2,1,77,3,1,2,white,woman,77,slightly liberal,do not attend church,very,"Racially, I am white. I am a woman. I am 77 years old. Ideologically, I am slightly liberal. I do not attend church. I am very interested in politics. ",Kamala Harris
2,1,1,65,6,2,1,white,man,65,conservative,attend church,somewhat,"Racially, I am white. I am a man. I am 65 years old. Ideologically, I am conservative. I attend church. I am somewhat interested in politics. ",Donald Trump
2,1,1,69,7,3,2,white,man,69,extremely conservative,do not attend church,not very,"Racially, I am white. I am a man. I am 69 years old. Ideologically, I am extremely conservative. I do not attend church. I am not very interested in politics. ",Donald Trump
1,2,1,31,3,2,2,white,woman,31,slightly liberal,do not attend church,somewhat,"Racially, I am white. I am a woman. I am 31 years old. Ideologically, I am slightly liberal. I do not attend church. I am somewhat interested in politics. ",Kamala Harris
1,2,1,44,3,4,2,white,woman,44,slightly liberal,do not attend church,not at all,"Racially, I am white. I am a woman. I am 44 years old. Ideologically, I am slightly liberal. I do not attend church. I am not at all interested in politics. ",Kamala Harris
1,2,1,27,4,3,2,white,woman,27,moderate,do not attend church,not very,"Racially, I am white. I am a woman. I am 27 years old. Ideologically, I am moderate. I do not attend church. I am not very interested in politics. ",Kamala Harris
1,2,1,45,2,2,2,white,woman,45,liberal,do not attend church,somewhat,"Racially, I am white. I am a woman. I am 45 years old. Ideologically, I am liberal. I do not attend church. I am somewhat interested in politics. ",Kamala Harris
1,1,2,71,2,2,1,black,man,71,liberal,attend church,somewhat,"Racially, I am black. I am a man. I am 71 years old. Ideologically, I am liberal. I attend church. I am somewhat interested in politics. ",Kamala Harris
2,2,1,38,5,2,1,white,woman,38,slightly conservative,attend church,somewhat,"Racially, I am white. I am a woman. I am 38 years old. Ideologically, I am slightly conservative. I attend church. I am somewhat interested in politics. ",Donald Trump
1,1,1,45,3,1,1,white,man,45,slightly liberal,attend church,very,"Racially, I am white. I am a man. I am 45 years old. Ideologically, I am slightly liberal. I attend church. I am very interested in politics. ",Kamala Harris
1,1,1,80,4,2,1,white,man,80,moderate,attend church,somewhat,"Racially, I am white. I am a man. I am 80 years old. Ideologically, I am moderate. I attend church. I am somewhat interested in politics. ",Kamala Harris
1,1,1,26,1,1,2,white,man,26,extremely liberal,do not attend church,very,"Racially, I am white. I am a man. I am 26 years old. Ideologically, I am extremely liberal. I do not attend church. I am very interested in politics. ",Kamala Harris
1,1,1,63,2,1,2,white,man,63,liberal,do not attend church,very,"Racially, I am white. I am a man. I am 63 years old. Ideologically, I am liberal. I do not attend church. I am very interested in politics. ",Kamala Harris
1,1,1,72,5,1,1,white,man,72,slightly conservative,attend church,very,"Racially, I am white. I am a man. I am 72 years old. Ideologically, I am slightly conservative. I attend church. I am very interested in politics. ",Kamala Harris
1,1,1,71,4,1,1,white,man,71,moderate,attend church,very,"Racially, I am white. I am a man. I am 71 years old. Ideologically, I am moderate. I attend church. I am very interested in politics. ",Kamala Harris
1,1,1,74,2,2,2,white,man,74,liberal,do not attend church,somewhat,"Racially, I am white. I am a man. I am 74 years old. Ideologically, I am liberal. I do not attend church. I am somewhat interested in politics. ",Kamala Harris
1,1,1,60,1,1,2,white,man,60,extremely liberal,do not attend church,very,"Racially, I am white. I am a man. I am 60 years old. Ideologically, I am extremely liberal. I do not attend church. I am very interested in politics. ",Kamala Harris
2,1,1,65,4,2,1,white,man,65,moderate,attend church,somewhat,"Racially, I am white. I am a man. I am 65 years old. Ideologically, I am moderate. I attend church. I am somewhat interested in politics. ",Donald Trump
2,1,1,31,4,2,1,white,man,31,moderate,attend church,somewhat,"Racially, I am white. I am a man. I am 31 years old. Ideologically, I am moderate. I attend church. I am somewhat interested in politics. ",Donald Trump
1,2,1,73,4,2,1,white,woman,73,moderate,attend church,somewhat,"Racially, I am white. I am a woman. I am 73 years old. Ideologically, I am moderate. I attend church. I am somewhat interested in politics. ",Kamala Harris
2,2,1,80,7,1,1,white,woman,80,extremely conservative,attend church,very,"Racially, I am white. I am a woman. I am 80 years old. Ideologically, I am extremely conservative. I attend church. I am very interested in politics. ",Donald Trump
2,1,1,77,7,2,1,white,man,77,extremely conservative,attend church,somewhat,"Racially, I am white. I am a man. I am 77 years old. Ideologically, I am extremely conservative. I attend church. I am somewhat interested in politics. ",Donald Trump
1,2,1,57,3,2,1,white,woman,57,slightly liberal,attend church,somewhat,"Racially, I am white. I am a woman. I am 57 years old. Ideologically, I am slightly liberal. I attend church. I am somewhat interested in politics. ",Kamala Harris
2,2,1,26,4,4,2,white,woman,26,moderate,do not attend church,not at all,"Racially, I am white. I am a woman. I am 26 years old. Ideologically, I am moderate. I do not attend church. I am not at all interested in politics. ",Donald Trump
1,2,1,80,4,2,1,white,woman,80,moderate,attend church,somewhat,"Racially, I am white. I am a woman. I am 80 years old. Ideologically, I am moderate. I attend church. I am somewhat interested in politics. ",Kamala Harris
1,2,1,67,4,2,1,white,woman,67,moderate,attend church,somewhat,"Racially, I am white. I am a woman. I am 67 years old. Ideologically, I am moderate. I attend church. I am somewhat interested in politics. ",Kamala Harris
1,1,2,64,3,1,2,black,man,64,slightly liberal,do not attend church,very,"Racially, I am black. I am a man. I am 64 years old. Ideologically, I am slightly liberal. I do not attend church. I am very interested in politics. ",Kamala Harris
2,2,1,65,7,2,1,white,woman,65,extremely conservative,attend church,somewhat,"Racially, I am white. I am a woman. I am 65 years old. Ideologically, I am extremely conservative. I attend church. I am somewhat interested in politics. ",Donald Trump
2,1,1,72,6,1,2,white,man,72,conservative,do not attend church,very,"Racially, I am white. I am a man. I am 72 years old. Ideologically, I am conservative. I do not attend church. I am very interested in politics. ",Donald Trump
1,1,1,60,5,2,2,white,man,60,slightly conservative,do not attend church,somewhat,"Racially, I am white. I am a man. I am 60 years old. Ideologically, I am slightly conservative. I do not attend church. I am somewhat interested in politics. ",Kamala Harris
1,2,1,66,4,1,2,white,woman,66,moderate,do not attend church,very,"Racially, I am white. I am a woman. I am 66 years old. Ideologically, I am moderate. I do not attend church. I am very interested in politics. ",Kamala Harris
1,2,1,34,2,2,2,white,woman,34,liberal,do not attend church,somewhat,"Racially, I am white. I am a woman. I am 34 years old. Ideologically, I am liberal. I do not attend church. I am somewhat interested in politics. ",Kamala Harris
1,1,4,79,4,2,2,asian,man,79,moderate,do not attend church,somewhat,"Racially, I am asian. I am a man. I am 79 years old. Ideologically, I am moderate. I do not attend church. I am somewhat interested in politics. ",Kamala Harris
2,2,1,67,6,2,1,white,woman,67,conservative,attend church,somewhat,"Racially, I am white. I am a woman. I am 67 years old. Ideologically, I am conservative. I attend church. I am somewhat interested in politics. ",Donald Trump
1,2,1,40,1,2,2,white,woman,40,extremely liberal,do not attend church,somewhat,"Racially, I am white. I am a woman. I am 40 years old. Ideologically, I am extremely liberal. I do not attend church. I am somewhat interested in politics. ",Kamala Harris
2,1,1,36,6,2,2,white,man,36,conservative,do not attend church,somewhat,"Racially, I am white. I am a man. I am 36 years old. Ideologically, I am conservative. I do not attend church. I am somewhat interested in politics. ",Donald Trump
1,1,6,64,4,3,2,mixed race,man,64,moderate,do not attend church,not very,"Racially, I am mixed race. I am a man. I am 64 years old. Ideologically, I am moderate. I do not attend church. I am not very interested in politics. ",Kamala Harris
2,2,1,39,6,2,2,white,woman,39,conservative,do not attend church,somewhat,"Racially, I am white. I am a woman. I am 39 years old. Ideologically, I am conservative. I do not attend church. I am somewhat interested in politics. ",Donald Trump
1,2,1,61,2,2,1,white,woman,61,liberal,attend church,somewhat,"Racially, I am white. I am a woman. I am 61 years old. Ideologically, I am liberal. I attend church. I am somewhat interested in politics. ",Kamala Harris
1,1,2,76,2,2,1,black,man,76,liberal,attend church,somewhat,"Racially, I am black. I am a man. I am 76 years old. Ideologically, I am liberal. I attend church. I am somewhat interested in politics. ",Kamala Harris
2,1,1,66,4,2,1,white,man,66,moderate,attend church,somewhat,"Racially, I am white. I am a man. I am 66 years old. Ideologically, I am moderate. I attend church. I am somewhat interested in politics. ",Donald Trump
1,2,1,68,3,1,2,white,woman,68,slightly liberal,do not attend church,very,"Racially, I am white. I am a woman. I am 68 years old. Ideologically, I am slightly liberal. I do not attend church. I am very interested in politics. ",Kamala Harris
1,2,1,48,4,3,2,white,woman,48,moderate,do not attend church,not very,"Racially, I am white. I am a woman. I am 48 years old. Ideologically, I am moderate. I do not attend church. I am not very interested in politics. ",Kamala Harris
2,2,1,62,7,1,2,white,woman,62,extremely conservative,do not attend church,very,"Racially, I am white. I am a woman. I am 62 years old. Ideologically, I am extremely conservative. I do not attend church. I am very interested in politics. ",Donald Trump
1,2,1,38,4,2,2,white,woman,38,moderate,do not attend church,somewhat,"Racially, I am white. I am a woman. I am 38 years old. Ideologically, I am moderate. I do not attend church. I am somewhat interested in politics. ",Kamala Harris
1,2,1,28,1,2,2,white,woman,28,extremely liberal,do not attend church,somewhat,"Racially, I am white. I am a woman. I am 28 years old. Ideologically, I am extremely liberal. I do not attend church. I am somewhat interested in politics. ",Kamala Harris
1,2,2,36,6,4,1,black,woman,36,conservative,attend church,not at all,"Racially, I am black. I am a woman. I am 36 years old. Ideologically, I am conservative. I attend church. I am not at all interested in politics. ",Kamala Harris
1,1,1,41,4,1,2,white,man,41,moderate,do not attend church,very,"Racially, I am white. I am a man. I am 41 years old. Ideologically, I am moderate. I do not attend church. I am very interested in politics. ",Kamala Harris
2,1,1,40,6,2,1,white,man,40,conservative,attend church,somewhat,"Racially, I am white. I am a man. I am 40 years old. Ideologically, I am conservative. I attend church. I am somewhat interested in politics. ",Donald Trump
2,1,1,42,5,1,1,white,man,42,slightly conservative,attend church,very,"Racially, I am white. I am a man. I am 42 years old. Ideologically, I am slightly conservative. I attend church. I am very interested in politics. ",Donald Trump
2,2,1,80,4,3,1,white,woman,80,moderate,attend church,not very,"Racially, I am white. I am a woman. I am 80 years old. Ideologically, I am moderate. I attend church. I am not very interested in politics. ",Donald Trump
2,1,1,62,6,2,1,white,man,62,conservative,attend church,somewhat,"Racially, I am white. I am a man. I am 62 years old. Ideologically, I am conservative. I attend church. I am somewhat interested in politics. ",Donald Trump
1,1,6,62,3,2,2,mixed race,man,62,slightly liberal,do not attend church,somewhat,"Racially, I am mixed race. I am a man. I am 62 years old. Ideologically, I am slightly liberal. I do not attend church. I am somewhat interested in politics. ",Kamala Harris
2,1,3,46,4,2,1,hispanic,man,46,moderate,attend church,somewhat,"Racially, I am hispanic. I am a man. I am 46 years old. Ideologically, I am moderate. I attend church. I am somewhat interested in politics. ",Donald Trump
1,2,3,74,2,1,2,hispanic,woman,74,liberal,do not attend church,very,"Racially, I am hispanic. I am a woman. I am 74 years old. Ideologically, I am liberal. I do not attend church. I am very interested in politics. ",Kamala Harris
2,2,1,66,4,2,2,white,woman,66,moderate,do not attend church,somewhat,"Racially, I am white. I am a woman. I am 66 years old. Ideologically, I am moderate. I do not attend church. I am somewhat interested in politics. ",Donald Trump
2,1,1,69,6,1,1,white,man,69,conservative,attend church,very,"Racially, I am white. I am a man. I am 69 years old. Ideologically, I am conservative. I attend church. I am very interested in politics. ",Donald Trump
2,1,1,26,6,1,2,white,man,26,conservative,do not attend church,very,"Racially, I am white. I am a man. I am 26 years old. Ideologically, I am conservative. I do not attend church. I am very interested in politics. ",Donald Trump
1,2,1,63,2,1,2,white,woman,63,liberal,do not attend church,very,"Racially, I am white. I am a woman. I am 63 years old. Ideologically, I am liberal. I do not attend church. I am very interested in politics. ",Kamala Harris
1,2,1,25,1,1,1,white,woman,25,extremely liberal,attend church,very,"Racially, I am white. I am a woman. I am 25 years old. Ideologically, I am extremely liberal. I attend church. I am very interested in politics. ",Kamala Harris
1,2,1,80,5,2,2,white,woman,80,slightly conservative,do not attend church,somewhat,"Racially, I am white. I am a woman. I am 80 years old. Ideologically, I am slightly conservative. I do not attend church. I am somewhat interested in politics. ",Kamala Harris
2,2,1,64,4,2,1,white,woman,64,moderate,attend church,somewhat,"Racially, I am white. I am a woman. I am 64 years old. Ideologically, I am moderate. I attend church. I am somewhat interested in politics. ",Donald Trump
1,2,1,80,2,1,1,white,woman,80,liberal,attend church,very,"Racially, I am white. I am a woman. I am 80 years old. Ideologically, I am liberal. I attend church. I am very interested in politics. ",Kamala Harris
2,1,4,21,5,4,1,asian,man,21,slightly conservative,attend church,not at all,"Racially, I am asian. I am a man. I am 21 years old. Ideologically, I am slightly conservative. I attend church. I am not at all interested in politics. ",Donald Trump
2,1,1,48,4,1,2,white,man,48,moderate,do not attend church,very,"Racially, I am white. I am a man. I am 48 years old. Ideologically, I am moderate. I do not attend church. I am very interested in politics. ",Donald Trump
2,1,1,39,6,1,2,white,man,39,conservative,do not attend church,very,"Racially, I am white. I am a man. I am 39 years old. Ideologically, I am conservative. I do not attend church. I am very interested in politics. ",Donald Trump
1,2,3,51,2,2,1,hispanic,woman,51,liberal,attend church,somewhat,"Racially, I am hispanic. I am a woman. I am 51 years old. Ideologically, I am liberal. I attend church. I am somewhat interested in politics. ",Kamala Harris
1,1,1,60,2,1,1,white,man,60,liberal,attend church,very,"Racially, I am white. I am a man. I am 60 years old. Ideologically, I am liberal. I attend church. I am very interested in politics. ",Kamala Harris
1,1,1,54,3,1,1,white,man,54,slightly liberal,attend church,very,"Racially, I am white. I am a man. I am 54 years old. Ideologically, I am slightly liberal. I attend church. I am very interested in politics. ",Kamala Harris
1,2,1,64,4,2,1,white,woman,64,moderate,attend church,somewhat,"Racially, I am white. I am a woman. I am 64 years old. Ideologically, I am moderate. I attend church. I am somewhat interested in politics. ",Kamala Harris
1,1,1,68,2,1,1,white,man,68,liberal,attend church,very,"Racially, I am white. I am a man. I am 68 years old. Ideologically, I am liberal. I attend church. I am very interested in politics. ",Kamala Harris
2,1,6,52,6,2,1,mixed race,man,52,conservative,attend church,somewhat,"Racially, I am mixed race. I am a man. I am 52 years old. Ideologically, I am conservative. I attend church. I am somewhat interested in politics. ",Donald Trump
1,2,1,37,3,2,1,white,woman,37,slightly liberal,attend church,somewhat,"Racially, I am white. I am a woman. I am 37 years old. Ideologically, I am slightly liberal. I attend church. I am somewhat interested in politics. ",Kamala Harris
1,1,1,42,2,1,2,white,man,42,liberal,do not attend church,very,"Racially, I am white. I am a man. I am 42 years old. Ideologically, I am liberal. I do not attend church. I am very interested in politics. ",Kamala Harris
1,1,1,46,3,1,2,white,man,46,slightly liberal,do not attend church,very,"Racially, I am white. I am a man. I am 46 years old. Ideologically, I am slightly liberal. I do not attend church. I am very interested in politics. ",Kamala Harris
2,2,1,78,6,2,2,white,woman,78,conservative,do not attend church,somewhat,"Racially, I am white. I am a woman. I am 78 years old. Ideologically, I am conservative. I do not attend church. I am somewhat interested in politics. ",Donald Trump
1,2,1,61,1,1,2,white,woman,61,extremely liberal,do not attend church,very,"Racially, I am white. I am a woman. I am 61 years old. Ideologically, I am extremely liberal. I do not attend church. I am very interested in politics. ",Kamala Harris
1,2,3,20,4,2,1,hispanic,woman,20,moderate,attend church,somewhat,"Racially, I am hispanic. I am a woman. I am 20 years old. Ideologically, I am moderate. I attend church. I am somewhat interested in politics. ",Kamala Harris
1,2,2,29,3,2,2,black,woman,29,slightly liberal,do not attend church,somewhat,"Racially, I am black. I am a woman. I am 29 years old. Ideologically, I am slightly liberal. I do not attend church. I am somewhat interested in politics. ",Kamala Harris
1,1,3,28,2,1,1,hispanic,man,28,liberal,attend church,very,"Racially, I am hispanic. I am a man. I am 28 years old. Ideologically, I am liberal. I attend church. I am very interested in politics. ",Kamala Harris
2,1,1,69,6,2,2,white,man,69,conservative,do not attend church,somewhat,"Racially, I am white. I am a man. I am 69 years old. Ideologically, I am conservative. I do not attend church. I am somewhat interested in politics. ",Donald Trump
2,2,1,62,6,1,2,white,woman,62,conservative,do not attend church,very,"Racially, I am white. I am a woman. I am 62 years old. Ideologically, I am conservative. I do not attend church. I am very interested in politics. ",Donald Trump
1,2,1,51,4,2,2,white,woman,51,moderate,do not attend church,somewhat,"Racially, I am white. I am a woman. I am 51 years old. Ideologically, I am moderate. I do not attend church. I am somewhat interested in politics. ",Kamala Harris
2,1,1,69,5,2,1,white,man,69,slightly conservative,attend church,somewhat,"Racially, I am white. I am a man. I am 69 years old. Ideologically, I am slightly conservative. I attend church. I am somewhat interested in politics. ",Donald Trump
1,2,2,65,5,3,1,black,woman,65,slightly conservative,attend church,not very,"Racially, I am black. I am a woman. I am 65 years old. Ideologically, I am slightly conservative. I attend church. I am not very interested in politics. ",Kamala Harris
2,1,1,18,7,2,2,white,man,18,extremely conservative,do not attend church,somewhat,"Racially, I am white. I am a man. I am 18 years old. Ideologically, I am extremely conservative. I do not attend church. I am somewhat interested in politics. ",Donald Trump
1,2,1,36,1,2,2,white,woman,36,extremely liberal,do not attend church,somewhat,"Racially, I am white. I am a woman. I am 36 years old. Ideologically, I am extremely liberal. I do not attend church. I am somewhat interested in politics. ",Kamala Harris
1,1,1,74,3,1,2,white,man,74,slightly liberal,do not attend church,very,"Racially, I am white. I am a man. I am 74 years old. Ideologically, I am slightly liberal. I do not attend church. I am very interested in politics. ",Kamala Harris
2,1,1,71,6,2,1,white,man,71,conservative,attend church,somewhat,"Racially, I am white. I am a man. I am 71 years old. Ideologically, I am conservative. I attend church. I am somewhat interested in politics. ",Donald Trump
2,1,1,64,4,1,1,white,man,64,moderate,attend church,very,"Racially, I am white. I am a man. I am 64 years old. Ideologically, I am moderate. I attend church. I am very interested in politics. ",Donald Trump
2,2,1,55,6,3,2,white,woman,55,conservative,do not attend church,not very,"Racially, I am white. I am a woman. I am 55 years old. Ideologically, I am conservative. I do not attend church. I am not very interested in politics. ",Donald Trump
1,1,1,75,3,3,2,white,man,75,slightly liberal,do not attend church,not very,"Racially, I am white. I am a man. I am 75 years old. Ideologically, I am slightly liberal. I do not attend church. I am not very interested in politics. ",Kamala Harris
1,2,1,39,2,2,2,white,woman,39,liberal,do not attend church,somewhat,"Racially, I am white. I am a woman. I am 39 years old. Ideologically, I am liberal. I do not attend church. I am somewhat interested in politics. ",Kamala Harris
1,2,1,80,4,1,1,white,woman,80,moderate,attend church,very,"Racially, I am white. I am a woman. I am 80 years old. Ideologically, I am moderate. I attend church. I am very interested in politics. ",Kamala Harris
1,2,1,80,2,1,2,white,woman,80,liberal,do not attend church,very,"Racially, I am white. I am a woman. I am 80 years old. Ideologically, I am liberal. I do not attend church. I am very interested in politics. ",Kamala Harris
1,2,1,32,2,2,1,white,woman,32,liberal,attend church,somewhat,"Racially, I am white. I am a woman. I am 32 years old. Ideologically, I am liberal. I attend church. I am somewhat interested in politics. ",Kamala Harris
2,2,6,63,4,2,1,mixed race,woman,63,moderate,attend church,somewhat,"Racially, I am mixed race. I am a woman. I am 63 years old. Ideologically, I am moderate. I attend church. I am somewhat interested in politics. ",Donald Trump
1,2,2,71,3,1,1,black,woman,71,slightly liberal,attend church,very,"Racially, I am black. I am a woman. I am 71 years old. Ideologically, I am slightly liberal. I attend church. I am very interested in politics. ",Kamala Harris
1,2,1,27,2,2,1,white,woman,27,liberal,attend church,somewhat,"Racially, I am white. I am a woman. I am 27 years old. Ideologically, I am liberal. I attend church. I am somewhat interested in politics. ",Kamala Harris
1,2,1,35,2,1,2,white,woman,35,liberal,do not attend church,very,"Racially, I am white. I am a woman. I am 35 years old. Ideologically, I am liberal. I do not attend church. I am very interested in politics. ",Kamala Harris
1,1,1,75,3,2,1,white,man,75,slightly liberal,attend church,somewhat,"Racially, I am white. I am a man. I am 75 years old. Ideologically, I am slightly liberal. I attend church. I am somewhat interested in politics. ",Kamala Harris
2,2,1,64,7,1,1,white,woman,64,extremely conservative,attend church,very,"Racially, I am white. I am a woman. I am 64 years old. Ideologically, I am extremely conservative. I attend church. I am very interested in politics. ",Donald Trump
1,2,2,53,5,1,1,black,woman,53,slightly conservative,attend church,very,"Racially, I am black. I am a woman. I am 53 years old. Ideologically, I am slightly conservative. I attend church. I am very interested in politics. ",Kamala Harris
1,1,4,28,4,1,2,asian,man,28,moderate,do not attend church,very,"Racially, I am asian. I am a man. I am 28 years old. Ideologically, I am moderate. I do not attend church. I am very interested in politics. ",Kamala Harris
1,2,6,80,3,2,1,mixed race,woman,80,slightly liberal,attend church,somewhat,"Racially, I am mixed race. I am a woman. I am 80 years old. Ideologically, I am slightly liberal. I attend church. I am somewhat interested in politics. ",Kamala Harris
2,1,1,30,4,2,1,white,man,30,moderate,attend church,somewhat,"Racially, I am white. I am a man. I am 30 years old. Ideologically, I am moderate. I attend church. I am somewhat interested in politics. ",Donald Trump
1,1,1,39,2,2,2,white,man,39,liberal,do not attend church,somewhat,"Racially, I am white. I am a man. I am 39 years old. Ideologically, I am liberal. I do not attend church. I am somewhat interested in politics. ",Kamala Harris
2,1,1,60,6,3,2,white,man,60,conservative,do not attend church,not very,"Racially, I am white. I am a man. I am 60 years old. Ideologically, I am conservative. I do not attend church. I am not very interested in politics. ",Donald Trump
2,2,1,34,7,1,1,white,woman,34,extremely conservative,attend church,very,"Racially, I am white. I am a woman. I am 34 years old. Ideologically, I am extremely conservative. I attend church. I am very interested in politics. ",Donald Trump
1,1,6,28,2,1,1,mixed race,man,28,liberal,attend church,very,"Racially, I am mixed race. I am a man. I am 28 years old. Ideologically, I am liberal. I attend church. I am very interested in politics. ",Kamala Harris
2,1,1,71,5,1,1,white,man,71,slightly conservative,attend church,very,"Racially, I am white. I am a man. I am 71 years old. Ideologically, I am slightly conservative. I attend church. I am very interested in politics. ",Donald Trump
2,1,1,74,7,2,1,white,man,74,extremely conservative,attend church,somewhat,"Racially, I am white. I am a man. I am 74 years old. Ideologically, I am extremely conservative. I attend church. I am somewhat interested in politics. ",Donald Trump
1,1,1,80,4,2,1,white,man,80,moderate,attend church,somewhat,"Racially, I am white. I am a man. I am 80 years old. Ideologically, I am moderate. I attend church. I am somewhat interested in politics. ",Kamala Harris
2,2,1,40,6,3,1,white,woman,40,conservative,attend church,not very,"Racially, I am white. I am a woman. I am 40 years old. Ideologically, I am conservative. I attend church. I am not very interested in politics. ",Donald Trump
1,2,1,40,2,2,1,white,woman,40,liberal,attend church,somewhat,"Racially, I am white. I am a woman. I am 40 years old. Ideologically, I am liberal. I attend church. I am somewhat interested in politics. ",Kamala Harris
2,1,1,18,4,3,2,white,man,18,moderate,do not attend church,not very,"Racially, I am white. I am a man. I am 18 years old. Ideologically, I am moderate. I do not attend church. I am not very interested in politics. ",Donald Trump
1,1,4,34,1,1,2,asian,man,34,extremely liberal,do not attend church,very,"Racially, I am asian. I am a man. I am 34 years old. Ideologically, I am extremely liberal. I do not attend church. I am very interested in politics. ",Kamala Harris
1,1,1,34,2,2,2,white,man,34,liberal,do not attend church,somewhat,"Racially, I am white. I am a man. I am 34 years old. Ideologically, I am liberal. I do not attend church. I am somewhat interested in politics. ",Kamala Harris
1,1,1,33,1,2,2,white,man,33,extremely liberal,do not attend church,somewhat,"Racially, I am white. I am a man. I am 33 years old. Ideologically, I am extremely liberal. I do not attend church. I am somewhat interested in politics. ",Kamala Harris
1,2,1,55,4,2,2,white,woman,55,moderate,do not attend church,somewhat,"Racially, I am white. I am a woman. I am 55 years old. Ideologically, I am moderate. I do not attend church. I am somewhat interested in politics. ",Kamala Harris
2,1,1,68,5,3,1,white,man,68,slightly conservative,attend church,not very,"Racially, I am white. I am a man. I am 68 years old. Ideologically, I am slightly conservative. I attend church. I am not very interested in politics. ",Donald Trump
1,1,4,31,6,2,1,asian,man,31,conservative,attend church,somewhat,"Racially, I am asian. I am a man. I am 31 years old. Ideologically, I am conservative. I attend church. I am somewhat interested in politics. ",Kamala Harris
1,2,1,18,1,3,2,white,woman,18,extremely liberal,do not attend church,not very,"Racially, I am white. I am a woman. I am 18 years old. Ideologically, I am extremely liberal. I do not attend church. I am not very interested in politics. ",Kamala Harris
2,1,1,74,6,2,2,white,man,74,conservative,do not attend church,somewhat,"Racially, I am white. I am a man. I am 74 years old. Ideologically, I am conservative. I do not attend church. I am somewhat interested in politics. ",Donald Trump
1,1,1,72,3,1,1,white,man,72,slightly liberal,attend church,very,"Racially, I am white. I am a man. I am 72 years old. Ideologically, I am slightly liberal. I attend church. I am very interested in politics. ",Kamala Harris
1,2,1,78,2,1,1,white,woman,78,liberal,attend church,very,"Racially, I am white. I am a woman. I am 78 years old. Ideologically, I am liberal. I attend church. I am very interested in politics. ",Kamala Harris
2,1,1,73,7,1,1,white,man,73,extremely conservative,attend church,very,"Racially, I am white. I am a man. I am 73 years old. Ideologically, I am extremely conservative. I attend church. I am very interested in politics. ",Donald Trump
2,1,1,48,5,4,1,white,man,48,slightly conservative,attend church,not at all,"Racially, I am white. I am a man. I am 48 years old. Ideologically, I am slightly conservative. I attend church. I am not at all interested in politics. ",Donald Trump
2,2,1,23,4,3,2,white,woman,23,moderate,do not attend church,not very,"Racially, I am white. I am a woman. I am 23 years old. Ideologically, I am moderate. I do not attend church. I am not very interested in politics. ",Donald Trump
1,2,4,73,4,1,1,asian,woman,73,moderate,attend church,very,"Racially, I am asian. I am a woman. I am 73 years old. Ideologically, I am moderate. I attend church. I am very interested in politics. ",Kamala Harris
1,2,3,33,1,1,1,hispanic,woman,33,extremely liberal,attend church,very,"Racially, I am hispanic. I am a woman. I am 33 years old. Ideologically, I am extremely liberal. I attend church. I am very interested in politics. ",Kamala Harris
2,1,1,54,6,2,2,white,man,54,conservative,do not attend church,somewhat,"Racially, I am white. I am a man. I am 54 years old. Ideologically, I am conservative. I do not attend church. I am somewhat interested in politics. ",Donald Trump
1,2,2,59,4,3,1,black,woman,59,moderate,attend church,not very,"Racially, I am black. I am a woman. I am 59 years old. Ideologically, I am moderate. I attend church. I am not very interested in politics. ",Kamala Harris
2,2,1,57,6,2,1,white,woman,57,conservative,attend church,somewhat,"Racially, I am white. I am a woman. I am 57 years old. Ideologically, I am conservative. I attend church. I am somewhat interested in politics. ",Donald Trump
1,2,1,42,1,1,1,white,woman,42,extremely liberal,attend church,very,"Racially, I am white. I am a woman. I am 42 years old. Ideologically, I am extremely liberal. I attend church. I am very interested in politics. ",Kamala Harris
2,1,4,24,4,2,2,asian,man,24,moderate,do not attend church,somewhat,"Racially, I am asian. I am a man. I am 24 years old. Ideologically, I am moderate. I do not attend church. I am somewhat interested in politics. ",Donald Trump
2,1,1,73,7,2,1,white,man,73,extremely conservative,attend church,somewhat,"Racially, I am white. I am a man. I am 73 years old. Ideologically, I am extremely conservative. I attend church. I am somewhat interested in politics. ",Donald Trump
1,2,1,68,2,2,1,white,woman,68,liberal,attend church,somewhat,"Racially, I am white. I am a woman. I am 68 years old. Ideologically, I am liberal. I attend church. I am somewhat interested in politics. ",Kamala Harris
1,2,1,46,2,2,2,white,woman,46,liberal,do not attend church,somewhat,"Racially, I am white. I am a woman. I am 46 years old. Ideologically, I am liberal. I do not attend church. I am somewhat interested in politics. ",Kamala Harris
2,2,1,45,7,2,1,white,woman,45,extremely conservative,attend church,somewhat,"Racially, I am white. I am a woman. I am 45 years old. Ideologically, I am extremely conservative. I attend church. I am somewhat interested in politics. ",Donald Trump
1,1,1,41,1,1,2,white,man,41,extremely liberal,do not attend church,very,"Racially, I am white. I am a man. I am 41 years old. Ideologically, I am extremely liberal. I do not attend church. I am very interested in politics. ",Kamala Harris
1,1,1,56,1,3,2,white,man,56,extremely liberal,do not attend church,not very,"Racially, I am white. I am a man. I am 56 years old. Ideologically, I am extremely liberal. I do not attend church. I am not very interested in politics. ",Kamala Harris
1,1,1,80,6,3,2,white,man,80,conservative,do not attend church,not very,"Racially, I am white. I am a man. I am 80 years old. Ideologically, I am conservative. I do not attend church. I am not very interested in politics. ",Kamala Harris
2,2,3,68,6,2,1,hispanic,woman,68,conservative,attend church,somewhat,"Racially, I am hispanic. I am a woman. I am 68 years old. Ideologically, I am conservative. I attend church. I am somewhat interested in politics. ",Donald Trump
2,1,1,44,6,2,1,white,man,44,conservative,attend church,somewhat,"Racially, I am white. I am a man. I am 44 years old. Ideologically, I am conservative. I attend church. I am somewhat interested in politics. ",Donald Trump
1,2,1,69,3,2,1,white,woman,69,slightly liberal,attend church,somewhat,"Racially, I am white. I am a woman. I am 69 years old. Ideologically, I am slightly liberal. I attend church. I am somewhat interested in politics. ",Kamala Harris
2,1,1,34,6,3,1,white,man,34,conservative,attend church,not very,"Racially, I am white. I am a man. I am 34 years old. Ideologically, I am conservative. I attend church. I am not very interested in politics. ",Donald Trump
2,1,1,80,6,2,2,white,man,80,conservative,do not attend church,somewhat,"Racially, I am white. I am a man. I am 80 years old. Ideologically, I am conservative. I do not attend church. I am somewhat interested in politics. ",Donald Trump
2,2,1,47,4,2,2,white,woman,47,moderate,do not attend church,somewhat,"Racially, I am white. I am a woman. I am 47 years old. Ideologically, I am moderate. I do not attend church. I am somewhat interested in politics. ",Donald Trump
1,1,1,32,2,2,2,white,man,32,liberal,do not attend church,somewhat,"Racially, I am white. I am a man. I am 32 years old. Ideologically, I am liberal. I do not attend church. I am somewhat interested in politics. ",Kamala Harris
1,1,1,37,2,1,1,white,man,37,liberal,attend church,very,"Racially, I am white. I am a man. I am 37 years old. Ideologically, I am liberal. I attend church. I am very interested in politics. ",Kamala Harris
1,1,2,55,4,3,1,black,man,55,moderate,attend church,not very,"Racially, I am black. I am a man. I am 55 years old. Ideologically, I am moderate. I attend church. I am not very interested in politics. ",Kamala Harris
1,2,2,36,2,1,1,black,woman,36,liberal,attend church,very,"Racially, I am black. I am a woman. I am 36 years old. Ideologically, I am liberal. I attend church. I am very interested in politics. ",Kamala Harris
1,2,1,58,4,2,2,white,woman,58,moderate,do not attend church,somewhat,"Racially, I am white. I am a woman. I am 58 years old. Ideologically, I am moderate. I do not attend church. I am somewhat interested in politics. ",Kamala Harris
1,1,1,53,1,1,2,white,man,53,extremely liberal,do not attend church,very,"Racially, I am white. I am a man. I am 53 years old. Ideologically, I am extremely liberal. I do not attend church. I am very interested in politics. ",Kamala Harris
1,1,3,74,4,2,2,hispanic,man,74,moderate,do not attend church,somewhat,"Racially, I am hispanic. I am a man. I am 74 years old. Ideologically, I am moderate. I do not attend church. I am somewhat interested in politics. ",Kamala Harris
2,1,1,74,6,1,1,white,man,74,conservative,attend church,very,"Racially, I am white. I am a man. I am 74 years old. Ideologically, I am conservative. I attend church. I am very interested in politics. ",Donald Trump
1,2,3,37,5,2,1,hispanic,woman,37,slightly conservative,attend church,somewhat,"Racially, I am hispanic. I am a woman. I am 37 years old. Ideologically, I am slightly conservative. I attend church. I am somewhat interested in politics. ",Kamala Harris
1,2,1,58,1,2,1,white,woman,58,extremely liberal,attend church,somewhat,"Racially, I am white. I am a woman. I am 58 years old. Ideologically, I am extremely liberal. I attend church. I am somewhat interested in politics. ",Kamala Harris
2,2,1,38,6,2,1,white,woman,38,conservative,attend church,somewhat,"Racially, I am white. I am a woman. I am 38 years old. Ideologically, I am conservative. I attend church. I am somewhat interested in politics. ",Donald Trump
1,2,4,34,1,2,2,asian,woman,34,extremely liberal,do not attend church,somewhat,"Racially, I am asian. I am a woman. I am 34 years old. Ideologically, I am extremely liberal. I do not attend church. I am somewhat interested in politics. ",Kamala Harris
1,2,1,76,4,2,2,white,woman,76,moderate,do not attend church,somewhat,"Racially, I am white. I am a woman. I am 76 years old. Ideologically, I am moderate. I do not attend church. I am somewhat interested in politics. ",Kamala Harris
2,1,1,66,5,1,1,white,man,66,slightly conservative,attend church,very,"Racially, I am white. I am a man. I am 66 years old. Ideologically, I am slightly conservative. I attend church. I am very interested in politics. ",Donald Trump
1,2,1,61,4,3,1,white,woman,61,moderate,attend church,not very,"Racially, I am white. I am a woman. I am 61 years old. Ideologically, I am moderate. I attend church. I am not very interested in politics. ",Kamala Harris
1,1,1,71,4,2,2,white,man,71,moderate,do not attend church,somewhat,"Racially, I am white. I am a man. I am 71 years old. Ideologically, I am moderate. I do not attend church. I am somewhat interested in politics. ",Kamala Harris
1,2,2,57,3,3,1,black,woman,57,slightly liberal,attend church,not very,"Racially, I am black. I am a woman. I am 57 years old. Ideologically, I am slightly liberal. I attend church. I am not very interested in politics. ",Kamala Harris
1,2,1,53,4,2,2,white,woman,53,moderate,do not attend church,somewhat,"Racially, I am white. I am a woman. I am 53 years old. Ideologically, I am moderate. I do not attend church. I am somewhat interested in politics. ",Kamala Harris
2,1,1,63,6,1,1,white,man,63,conservative,attend church,very,"Racially, I am white. I am a man. I am 63 years old. Ideologically, I am conservative. I attend church. I am very interested in politics. ",Donald Trump
1,2,6,63,3,2,1,mixed race,woman,63,slightly liberal,attend church,somewhat,"Racially, I am mixed race. I am a woman. I am 63 years old. Ideologically, I am slightly liberal. I attend church. I am somewhat interested in politics. ",Kamala Harris
2,1,1,56,6,2,1,white,man,56,conservative,attend church,somewhat,"Racially, I am white. I am a man. I am 56 years old. Ideologically, I am conservative. I attend church. I am somewhat interested in politics. ",Donald Trump
2,1,1,66,6,2,1,white,man,66,conservative,attend church,somewhat,"Racially, I am white. I am a man. I am 66 years old. Ideologically, I am conservative. I attend church. I am somewhat interested in politics. ",Donald Trump
2,2,1,49,7,3,1,white,woman,49,extremely conservative,attend church,not very,"Racially, I am white. I am a woman. I am 49 years old. Ideologically, I am extremely conservative. I attend church. I am not very interested in politics. ",Donald Trump
2,2,1,61,4,2,2,white,woman,61,moderate,do not attend church,somewhat,"Racially, I am white. I am a woman. I am 61 years old. Ideologically, I am moderate. I do not attend church. I am somewhat interested in politics. ",Donald Trump
2,1,1,67,6,2,2,white,man,67,conservative,do not attend church,somewhat,"Racially, I am white. I am a man. I am 67 years old. Ideologically, I am conservative. I do not attend church. I am somewhat interested in politics. ",Donald Trump
1,2,2,56,1,1,1,black,woman,56,extremely liberal,attend church,very,"Racially, I am black. I am a woman. I am 56 years old. Ideologically, I am extremely liberal. I attend church. I am very interested in politics. ",Kamala Harris
1,2,3,50,2,3,2,hispanic,woman,50,liberal,do not attend church,not very,"Racially, I am hispanic. I am a woman. I am 50 years old. Ideologically, I am liberal. I do not attend church. I am not very interested in politics. ",Kamala Harris
1,2,1,37,2,3,1,white,woman,37,liberal,attend church,not very,"Racially, I am white. I am a woman. I am 37 years old. Ideologically, I am liberal. I attend church. I am not very interested in politics. ",Kamala Harris
1,2,2,52,1,1,1,black,woman,52,extremely liberal,attend church,very,"Racially, I am black. I am a woman. I am 52 years old. Ideologically, I am extremely liberal. I attend church. I am very interested in politics. ",Kamala Harris
1,1,1,77,2,1,2,white,man,77,liberal,do not attend church,very,"Racially, I am white. I am a man. I am 77 years old. Ideologically, I am liberal. I do not attend church. I am very interested in politics. ",Kamala Harris
1,2,1,46,2,3,1,white,woman,46,liberal,attend church,not very,"Racially, I am white. I am a woman. I am 46 years old. Ideologically, I am liberal. I attend church. I am not very interested in politics. ",Kamala Harris
2,1,1,45,6,2,1,white,man,45,conservative,attend church,somewhat,"Racially, I am white. I am a man. I am 45 years old. Ideologically, I am conservative. I attend church. I am somewhat interested in politics. ",Donald Trump
1,1,2,25,4,2,1,black,man,25,moderate,attend church,somewhat,"Racially, I am black. I am a man. I am 25 years old. Ideologically, I am moderate. I attend church. I am somewhat interested in politics. ",Kamala Harris
2,2,1,45,6,2,1,white,woman,45,conservative,attend church,somewhat,"Racially, I am white. I am a woman. I am 45 years old. Ideologically, I am conservative. I attend church. I am somewhat interested in politics. ",Donald Trump
1,2,1,74,3,2,2,white,woman,74,slightly liberal,do not attend church,somewhat,"Racially, I am white. I am a woman. I am 74 years old. Ideologically, I am slightly liberal. I do not attend church. I am somewhat interested in politics. ",Kamala Harris
1,1,1,38,2,1,2,white,man,38,liberal,do not attend church,very,"Racially, I am white. I am a man. I am 38 years old. Ideologically, I am liberal. I do not attend church. I am very interested in politics. ",Kamala Harris
1,1,1,74,6,3,1,white,man,74,conservative,attend church,not very,"Racially, I am white. I am a man. I am 74 years old. Ideologically, I am conservative. I attend church. I am not very interested in politics. ",Kamala Harris
2,2,1,32,6,2,1,white,woman,32,conservative,attend church,somewhat,"Racially, I am white. I am a woman. I am 32 years old. Ideologically, I am conservative. I attend church. I am somewhat interested in politics. ",Donald Trump
2,2,1,80,6,4,1,white,woman,80,conservative,attend church,not at all,"Racially, I am white. I am a woman. I am 80 years old. Ideologically, I am conservative. I attend church. I am not at all interested in politics. ",Donald Trump
2,1,1,31,5,2,1,white,man,31,slightly conservative,attend church,somewhat,"Racially, I am white. I am a man. I am 31 years old. Ideologically, I am slightly conservative. I attend church. I am somewhat interested in politics. ",Donald Trump
1,2,1,62,6,1,2,white,woman,62,conservative,do not attend church,very,"Racially, I am white. I am a woman. I am 62 years old. Ideologically, I am conservative. I do not attend church. I am very interested in politics. ",Kamala Harris
1,2,1,73,3,2,2,white,woman,73,slightly liberal,do not attend church,somewhat,"Racially, I am white. I am a woman. I am 73 years old. Ideologically, I am slightly liberal. I do not attend church. I am somewhat interested in politics. ",Kamala Harris
1,1,4,25,2,2,2,asian,man,25,liberal,do not attend church,somewhat,"Racially, I am asian. I am a man. I am 25 years old. Ideologically, I am liberal. I do not attend church. I am somewhat interested in politics. ",Kamala Harris
1,2,1,63,2,3,2,white,woman,63,liberal,do not attend church,not very,"Racially, I am white. I am a woman. I am 63 years old. Ideologically, I am liberal. I do not attend church. I am not very interested in politics. ",Kamala Harris
2,2,1,31,5,4,1,white,woman,31,slightly conservative,attend church,not at all,"Racially, I am white. I am a woman. I am 31 years old. Ideologically, I am slightly conservative. I attend church. I am not at all interested in politics. ",Donald Trump
1,2,4,61,3,4,1,asian,woman,61,slightly liberal,attend church,not at all,"Racially, I am asian. I am a woman. I am 61 years old. Ideologically, I am slightly liberal. I attend church. I am not at all interested in politics. ",Kamala Harris
1,1,4,36,2,3,2,asian,man,36,liberal,do not attend church,not very,"Racially, I am asian. I am a man. I am 36 years old. Ideologically, I am liberal. I do not attend church. I am not very interested in politics. ",Kamala Harris
1,2,3,26,3,2,2,hispanic,woman,26,slightly liberal,do not attend church,somewhat,"Racially, I am hispanic. I am a woman. I am 26 years old. Ideologically, I am slightly liberal. I do not attend church. I am somewhat interested in politics. ",Kamala Harris
1,2,1,51,2,2,1,white,woman,51,liberal,attend church,somewhat,"Racially, I am white. I am a woman. I am 51 years old. Ideologically, I am liberal. I attend church. I am somewhat interested in politics. ",Kamala Harris
2,1,1,33,7,2,1,white,man,33,extremely conservative,attend church,somewhat,"Racially, I am white. I am a man. I am 33 years old. Ideologically, I am extremely conservative. I attend church. I am somewhat interested in politics. ",Donald Trump
2,2,1,37,4,3,2,white,woman,37,moderate,do not attend church,not very,"Racially, I am white. I am a woman. I am 37 years old. Ideologically, I am moderate. I do not attend church. I am not very interested in politics. ",Donald Trump
2,1,1,45,4,2,1,white,man,45,moderate,attend church,somewhat,"Racially, I am white. I am a man. I am 45 years old. Ideologically, I am moderate. I attend church. I am somewhat interested in politics. ",Donald Trump
1,2,1,66,5,3,1,white,woman,66,slightly conservative,attend church,not very,"Racially, I am white. I am a woman. I am 66 years old. Ideologically, I am slightly conservative. I attend church. I am not very interested in politics. ",Kamala Harris
1,2,1,72,2,1,1,white,woman,72,liberal,attend church,very,"Racially, I am white. I am a woman. I am 72 years old. Ideologically, I am liberal. I attend church. I am very interested in politics. ",Kamala Harris
1,2,2,40,2,3,1,black,woman,40,liberal,attend church,not very,"Racially, I am black. I am a woman. I am 40 years old. Ideologically, I am liberal. I attend church. I am not very interested in politics. ",Kamala Harris
1,1,1,48,2,1,1,white,man,48,liberal,attend church,very,"Racially, I am white. I am a man. I am 48 years old. Ideologically, I am liberal. I attend church. I am very interested in politics. ",Kamala Harris
1,1,1,73,2,1,2,white,man,73,liberal,do not attend church,very,"Racially, I am white. I am a man. I am 73 years old. Ideologically, I am liberal. I do not attend church. I am very interested in politics. ",Kamala Harris
1,2,1,51,1,3,2,white,woman,51,extremely liberal,do not attend church,not very,"Racially, I am white. I am a woman. I am 51 years old. Ideologically, I am extremely liberal. I do not attend church. I am not very interested in politics. ",Kamala Harris
1,2,1,80,4,1,1,white,woman,80,moderate,attend church,very,"Racially, I am white. I am a woman. I am 80 years old. Ideologically, I am moderate. I attend church. I am very interested in politics. ",Kamala Harris
2,2,1,73,6,2,2,white,woman,73,conservative,do not attend church,somewhat,"Racially, I am white. I am a woman. I am 73 years old. Ideologically, I am conservative. I do not attend church. I am somewhat interested in politics. ",Donald Trump
1,1,1,61,3,2,1,white,man,61,slightly liberal,attend church,somewhat,"Racially, I am white. I am a man. I am 61 years old. Ideologically, I am slightly liberal. I attend church. I am somewhat interested in politics. ",Kamala Harris
2,2,3,66,5,1,1,hispanic,woman,66,slightly conservative,attend church,very,"Racially, I am hispanic. I am a woman. I am 66 years old. Ideologically, I am slightly conservative. I attend church. I am very interested in politics. ",Donald Trump
1,1,1,74,5,2,2,white,man,74,slightly conservative,do not attend church,somewhat,"Racially, I am white. I am a man. I am 74 years old. Ideologically, I am slightly conservative. I do not attend church. I am somewhat interested in politics. ",Kamala Harris
2,1,1,71,6,2,2,white,man,71,conservative,do not attend church,somewhat,"Racially, I am white. I am a man. I am 71 years old. Ideologically, I am conservative. I do not attend church. I am somewhat interested in politics. ",Donald Trump
2,2,1,74,5,3,1,white,woman,74,slightly conservative,attend church,not very,"Racially, I am white. I am a woman. I am 74 years old. Ideologically, I am slightly conservative. I attend church. I am not very interested in politics. ",Donald Trump
2,1,1,62,6,3,1,white,man,62,conservative,attend church,not very,"Racially, I am white. I am a man. I am 62 years old. Ideologically, I am conservative. I attend church. I am not very interested in politics. ",Donald Trump
2,2,1,63,6,2,2,white,woman,63,conservative,do not attend church,somewhat,"Racially, I am white. I am a woman. I am 63 years old. Ideologically, I am conservative. I do not attend church. I am somewhat interested in politics. ",Donald Trump
1,1,1,54,2,2,1,white,man,54,liberal,attend church,somewhat,"Racially, I am white. I am a man. I am 54 years old. Ideologically, I am liberal. I attend church. I am somewhat interested in politics. ",Kamala Harris
2,1,1,60,6,2,1,white,man,60,conservative,attend church,somewhat,"Racially, I am white. I am a man. I am 60 years old. Ideologically, I am conservative. I attend church. I am somewhat interested in politics. ",Donald Trump
2,1,1,80,7,1,2,white,man,80,extremely conservative,do not attend church,very,"Racially, I am white. I am a man. I am 80 years old. Ideologically, I am extremely conservative. I do not attend church. I am very interested in politics. ",Donald Trump
2,1,1,34,6,3,1,white,man,34,conservative,attend church,not very,"Racially, I am white. I am a man. I am 34 years old. Ideologically, I am conservative. I attend church. I am not very interested in politics. ",Donald Trump
1,1,2,31,4,2,1,black,man,31,moderate,attend church,somewhat,"Racially, I am black. I am a man. I am 31 years old. Ideologically, I am moderate. I attend church. I am somewhat interested in politics. ",Kamala Harris
2,1,1,78,3,2,1,white,man,78,slightly liberal,attend church,somewhat,"Racially, I am white. I am a man. I am 78 years old. Ideologically, I am slightly liberal. I attend church. I am somewhat interested in politics. ",Donald Trump
1,2,1,67,2,1,2,white,woman,67,liberal,do not attend church,very,"Racially, I am white. I am a woman. I am 67 years old. Ideologically, I am liberal. I do not attend church. I am very interested in politics. ",Kamala Harris
1,2,1,54,2,2,2,white,woman,54,liberal,do not attend church,somewhat,"Racially, I am white. I am a woman. I am 54 years old. Ideologically, I am liberal. I do not attend church. I am somewhat interested in politics. ",Kamala Harris
1,2,2,49,2,2,1,black,woman,49,liberal,attend church,somewhat,"Racially, I am black. I am a woman. I am 49 years old. Ideologically, I am liberal. I attend church. I am somewhat interested in politics. ",Kamala Harris
1,2,3,48,4,2,1,hispanic,woman,48,moderate,attend church,somewhat,"Racially, I am hispanic. I am a woman. I am 48 years old. Ideologically, I am moderate. I attend church. I am somewhat interested in politics. ",Kamala Harris
2,2,1,64,5,1,2,white,woman,64,slightly conservative,do not attend church,very,"Racially, I am white. I am a woman. I am 64 years old. Ideologically, I am slightly conservative. I do not attend church. I am very interested in politics. ",Donald Trump
1,1,1,77,2,1,2,white,man,77,liberal,do not attend church,very,"Racially, I am white. I am a man. I am 77 years old. Ideologically, I am liberal. I do not attend church. I am very interested in politics. ",Kamala Harris
1,2,6,51,2,2,2,mixed race,woman,51,liberal,do not attend church,somewhat,"Racially, I am mixed race. I am a woman. I am 51 years old. Ideologically, I am liberal. I do not attend church. I am somewhat interested in politics. ",Kamala Harris
1,2,2,42,1,1,1,black,woman,42,extremely liberal,attend church,very,"Racially, I am black. I am a woman. I am 42 years old. Ideologically, I am extremely liberal. I attend church. I am very interested in politics. ",Kamala Harris
2,2,1,65,5,2,2,white,woman,65,slightly conservative,do not attend church,somewhat,"Racially, I am white. I am a woman. I am 65 years old. Ideologically, I am slightly conservative. I do not attend church. I am somewhat interested in politics. ",Donald Trump
1,1,1,64,3,4,1,white,man,64,slightly liberal,attend church,not at all,"Racially, I am white. I am a man. I am 64 years old. Ideologically, I am slightly liberal. I attend church. I am not at all interested in politics. ",Kamala Harris
1,1,1,60,3,2,2,white,man,60,slightly liberal,do not attend church,somewhat,"Racially, I am white. I am a man. I am 60 years old. Ideologically, I am slightly liberal. I do not attend church. I am somewhat interested in politics. ",Kamala Harris
1,2,1,52,2,1,2,white,woman,52,liberal,do not attend church,very,"Racially, I am white. I am a woman. I am 52 years old. Ideologically, I am liberal. I do not attend church. I am very interested in politics. ",Kamala Harris
2,2,1,40,5,3,2,white,woman,40,slightly conservative,do not attend church,not very,"Racially, I am white. I am a woman. I am 40 years old. Ideologically, I am slightly conservative. I do not attend church. I am not very interested in politics. ",Donald Trump
1,2,1,78,6,4,1,white,woman,78,conservative,attend church,not at all,"Racially, I am white. I am a woman. I am 78 years old. Ideologically, I am conservative. I attend church. I am not at all interested in politics. ",Kamala Harris
1,1,1,50,4,3,2,white,man,50,moderate,do not attend church,not very,"Racially, I am white. I am a man. I am 50 years old. Ideologically, I am moderate. I do not attend church. I am not very interested in politics. ",Kamala Harris
1,2,3,69,4,2,1,hispanic,woman,69,moderate,attend church,somewhat,"Racially, I am hispanic. I am a woman. I am 69 years old. Ideologically, I am moderate. I attend church. I am somewhat interested in politics. ",Kamala Harris
1,1,1,65,3,2,2,white,man,65,slightly liberal,do not attend church,somewhat,"Racially, I am white. I am a man. I am 65 years old. Ideologically, I am slightly liberal. I do not attend church. I am somewhat interested in politics. ",Kamala Harris
1,1,2,70,1,1,2,black,man,70,extremely liberal,do not attend church,very,"Racially, I am black. I am a man. I am 70 years old. Ideologically, I am extremely liberal. I do not attend church. I am very interested in politics. ",Kamala Harris
1,1,1,44,2,2,1,white,man,44,liberal,attend church,somewhat,"Racially, I am white. I am a man. I am 44 years old. Ideologically, I am liberal. I attend church. I am somewhat interested in politics. ",Kamala Harris
2,2,1,63,6,2,1,white,woman,63,conservative,attend church,somewhat,"Racially, I am white. I am a woman. I am 63 years old. Ideologically, I am conservative. I attend church. I am somewhat interested in politics. ",Donald Trump
1,1,4,19,4,1,2,asian,man,19,moderate,do not attend church,very,"Racially, I am asian. I am a man. I am 19 years old. Ideologically, I am moderate. I do not attend church. I am very interested in politics. ",Kamala Harris
2,1,6,69,4,2,1,mixed race,man,69,moderate,attend church,somewhat,"Racially, I am mixed race. I am a man. I am 69 years old. Ideologically, I am moderate. I attend church. I am somewhat interested in politics. ",Donald Trump
1,1,1,73,5,2,1,white,man,73,slightly conservative,attend church,somewhat,"Racially, I am white. I am a man. I am 73 years old. Ideologically, I am slightly conservative. I attend church. I am somewhat interested in politics. ",Kamala Harris
1,2,2,73,2,1,1,black,woman,73,liberal,attend church,very,"Racially, I am black. I am a woman. I am 73 years old. Ideologically, I am liberal. I attend church. I am very interested in politics. ",Kamala Harris
1,1,1,40,3,2,2,white,man,40,slightly liberal,do not attend church,somewhat,"Racially, I am white. I am a man. I am 40 years old. Ideologically, I am slightly liberal. I do not attend church. I am somewhat interested in politics. ",Kamala Harris
2,2,1,77,6,1,2,white,woman,77,conservative,do not attend church,very,"Racially, I am white. I am a woman. I am 77 years old. Ideologically, I am conservative. I do not attend church. I am very interested in politics. ",Donald Trump
1,2,1,59,5,4,1,white,woman,59,slightly conservative,attend church,not at all,"Racially, I am white. I am a woman. I am 59 years old. Ideologically, I am slightly conservative. I attend church. I am not at all interested in politics. ",Kamala Harris
1,1,1,70,4,2,2,white,man,70,moderate,do not attend church,somewhat,"Racially, I am white. I am a man. I am 70 years old. Ideologically, I am moderate. I do not attend church. I am somewhat interested in politics. ",Kamala Harris
1,1,1,80,2,1,2,white,man,80,liberal,do not attend church,very,"Racially, I am white. I am a man. I am 80 years old. Ideologically, I am liberal. I do not attend church. I am very interested in politics. ",Kamala Harris
1,1,1,80,2,2,2,white,man,80,liberal,do not attend church,somewhat,"Racially, I am white. I am a man. I am 80 years old. Ideologically, I am liberal. I do not attend church. I am somewhat interested in politics. ",Kamala Harris
2,2,6,38,5,1,1,mixed race,woman,38,slightly conservative,attend church,very,"Racially, I am mixed race. I am a woman. I am 38 years old. Ideologically, I am slightly conservative. I attend church. I am very interested in politics. ",Donald Trump
2,2,1,60,6,2,1,white,woman,60,conservative,attend church,somewhat,"Racially, I am white. I am a woman. I am 60 years old. Ideologically, I am conservative. I attend church. I am somewhat interested in politics. ",Donald Trump
1,2,1,44,2,1,2,white,woman,44,liberal,do not attend church,very,"Racially, I am white. I am a woman. I am 44 years old. Ideologically, I am liberal. I do not attend church. I am very interested in politics. ",Kamala Harris
1,1,1,22,3,1,2,white,man,22,slightly liberal,do not attend church,very,"Racially, I am white. I am a man. I am 22 years old. Ideologically, I am slightly liberal. I do not attend church. I am very interested in politics. ",Kamala Harris
2,2,1,36,4,1,2,white,woman,36,moderate,do not attend church,very,"Racially, I am white. I am a woman. I am 36 years old. Ideologically, I am moderate. I do not attend church. I am very interested in politics. ",Donald Trump
1,2,2,66,4,2,1,black,woman,66,moderate,attend church,somewhat,"Racially, I am black. I am a woman. I am 66 years old. Ideologically, I am moderate. I attend church. I am somewhat interested in politics. ",Kamala Harris
2,2,1,61,7,2,1,white,woman,61,extremely conservative,attend church,somewhat,"Racially, I am white. I am a woman. I am 61 years old. Ideologically, I am extremely conservative. I attend church. I am somewhat interested in politics. ",Donald Trump
2,1,1,58,6,3,1,white,man,58,conservative,attend church,not very,"Racially, I am white. I am a man. I am 58 years old. Ideologically, I am conservative. I attend church. I am not very interested in politics. ",Donald Trump
1,1,3,32,6,2,2,hispanic,man,32,conservative,do not attend church,somewhat,"Racially, I am hispanic. I am a man. I am 32 years old. Ideologically, I am conservative. I do not attend church. I am somewhat interested in politics. ",Kamala Harris
1,2,3,23,1,1,1,hispanic,woman,23,extremely liberal,attend church,very,"Racially, I am hispanic. I am a woman. I am 23 years old. Ideologically, I am extremely liberal. I attend church. I am very interested in politics. ",Kamala Harris
2,1,1,54,4,2,2,white,man,54,moderate,do not attend church,somewhat,"Racially, I am white. I am a man. I am 54 years old. Ideologically, I am moderate. I do not attend church. I am somewhat interested in politics. ",Donald Trump
2,1,4,43,6,1,1,asian,man,43,conservative,attend church,very,"Racially, I am asian. I am a man. I am 43 years old. Ideologically, I am conservative. I attend church. I am very interested in politics. ",Donald Trump
2,1,1,62,5,2,1,white,man,62,slightly conservative,attend church,somewhat,"Racially, I am white. I am a man. I am 62 years old. Ideologically, I am slightly conservative. I attend church. I am somewhat interested in politics. ",Donald Trump
1,1,6,29,5,3,2,mixed race,man,29,slightly conservative,do not attend church,not very,"Racially, I am mixed race. I am a man. I am 29 years old. Ideologically, I am slightly conservative. I do not attend church. I am not very interested in politics. ",Kamala Harris
2,1,1,75,6,2,1,white,man,75,conservative,attend church,somewhat,"Racially, I am white. I am a man. I am 75 years old. Ideologically, I am conservative. I attend church. I am somewhat interested in politics. ",Donald Trump
1,1,1,19,4,2,1,white,man,19,moderate,attend church,somewhat,"Racially, I am white. I am a man. I am 19 years old. Ideologically, I am moderate. I attend church. I am somewhat interested in politics. ",Kamala Harris
2,1,1,63,6,1,2,white,man,63,conservative,do not attend church,very,"Racially, I am white. I am a man. I am 63 years old. Ideologically, I am conservative. I do not attend church. I am very interested in politics. ",Donald Trump
2,1,6,66,6,1,2,mixed race,man,66,conservative,do not attend church,very,"Racially, I am mixed race. I am a man. I am 66 years old. Ideologically, I am conservative. I do not attend church. I am very interested in politics. ",Donald Trump
2,2,1,37,6,3,1,white,woman,37,conservative,attend church,not very,"Racially, I am white. I am a woman. I am 37 years old. Ideologically, I am conservative. I attend church. I am not very interested in politics. ",Donald Trump
1,2,1,46,4,3,2,white,woman,46,moderate,do not attend church,not very,"Racially, I am white. I am a woman. I am 46 years old. Ideologically, I am moderate. I do not attend church. I am not very interested in politics. ",Kamala Harris
1,2,2,43,4,2,1,black,woman,43,moderate,attend church,somewhat,"Racially, I am black. I am a woman. I am 43 years old. Ideologically, I am moderate. I attend church. I am somewhat interested in politics. ",Kamala Harris
2,2,1,71,6,2,2,white,woman,71,conservative,do not attend church,somewhat,"Racially, I am white. I am a woman. I am 71 years old. Ideologically, I am conservative. I do not attend church. I am somewhat interested in politics. ",Donald Trump
2,2,1,57,6,1,2,white,woman,57,conservative,do not attend church,very,"Racially, I am white. I am a woman. I am 57 years old. Ideologically, I am conservative. I do not attend church. I am very interested in politics. ",Donald Trump
2,1,1,33,7,2,2,white,man,33,extremely conservative,do not attend church,somewhat,"Racially, I am white. I am a man. I am 33 years old. Ideologically, I am extremely conservative. I do not attend church. I am somewhat interested in politics. ",Donald Trump
2,2,1,56,6,3,1,white,woman,56,conservative,attend church,not very,"Racially, I am white. I am a woman. I am 56 years old. Ideologically, I am conservative. I attend church. I am not very interested in politics. ",Donald Trump
2,2,1,58,4,2,1,white,woman,58,moderate,attend church,somewhat,"Racially, I am white. I am a woman. I am 58 years old. Ideologically, I am moderate. I attend church. I am somewhat interested in politics. ",Donald Trump
1,1,1,78,3,2,2,white,man,78,slightly liberal,do not attend church,somewhat,"Racially, I am white. I am a man. I am 78 years old. Ideologically, I am slightly liberal. I do not attend church. I am somewhat interested in politics. ",Kamala Harris
2,2,2,54,4,2,1,black,woman,54,moderate,attend church,somewhat,"Racially, I am black. I am a woman. I am 54 years old. Ideologically, I am moderate. I attend church. I am somewhat interested in politics. ",Donald Trump
2,1,1,40,6,3,2,white,man,40,conservative,do not attend church,not very,"Racially, I am white. I am a man. I am 40 years old. Ideologically, I am conservative. I do not attend church. I am not very interested in politics. ",Donald Trump
1,1,1,80,4,4,1,white,man,80,moderate,attend church,not at all,"Racially, I am white. I am a man. I am 80 years old. Ideologically, I am moderate. I attend church. I am not at all interested in politics. ",Kamala Harris
2,1,1,32,6,3,2,white,man,32,conservative,do not attend church,not very,"Racially, I am white. I am a man. I am 32 years old. Ideologically, I am conservative. I do not attend church. I am not very interested in politics. ",Donald Trump
1,1,1,58,3,2,2,white,man,58,slightly liberal,do not attend church,somewhat,"Racially, I am white. I am a man. I am 58 years old. Ideologically, I am slightly liberal. I do not attend church. I am somewhat interested in politics. ",Kamala Harris
2,1,1,55,6,2,2,white,man,55,conservative,do not attend church,somewhat,"Racially, I am white. I am a man. I am 55 years old. Ideologically, I am conservative. I do not attend church. I am somewhat interested in politics. ",Donald Trump
2,1,1,48,5,1,1,white,man,48,slightly conservative,attend church,very,"Racially, I am white. I am a man. I am 48 years old. Ideologically, I am slightly conservative. I attend church. I am very interested in politics. ",Donald Trump
2,2,1,55,6,1,2,white,woman,55,conservative,do not attend church,very,"Racially, I am white. I am a woman. I am 55 years old. Ideologically, I am conservative. I do not attend church. I am very interested in politics. ",Donald Trump
1,1,3,65,2,2,2,hispanic,man,65,liberal,do not attend church,somewhat,"Racially, I am hispanic. I am a man. I am 65 years old. Ideologically, I am liberal. I do not attend church. I am somewhat interested in politics. ",Kamala Harris
2,2,1,79,7,3,1,white,woman,79,extremely conservative,attend church,not very,"Racially, I am white. I am a woman. I am 79 years old. Ideologically, I am extremely conservative. I attend church. I am not very interested in politics. ",Donald Trump
2,2,1,61,1,1,1,white,woman,61,extremely liberal,attend church,very,"Racially, I am white. I am a woman. I am 61 years old. Ideologically, I am extremely liberal. I attend church. I am very interested in politics. ",Donald Trump
1,2,1,76,3,2,1,white,woman,76,slightly liberal,attend church,somewhat,"Racially, I am white. I am a woman. I am 76 years old. Ideologically, I am slightly liberal. I attend church. I am somewhat interested in politics. ",Kamala Harris
2,1,1,60,4,2,1,white,man,60,moderate,attend church,somewhat,"Racially, I am white. I am a man. I am 60 years old. Ideologically, I am moderate. I attend church. I am somewhat interested in politics. ",Donald Trump
2,2,3,28,6,3,1,hispanic,woman,28,conservative,attend church,not very,"Racially, I am hispanic. I am a woman. I am 28 years old. Ideologically, I am conservative. I attend church. I am not very interested in politics. ",Donald Trump
1,1,1,37,4,3,2,white,man,37,moderate,do not attend church,not very,"Racially, I am white. I am a man. I am 37 years old. Ideologically, I am moderate. I do not attend church. I am not very interested in politics. ",Kamala Harris
1,2,1,69,2,2,1,white,woman,69,liberal,attend church,somewhat,"Racially, I am white. I am a woman. I am 69 years old. Ideologically, I am liberal. I attend church. I am somewhat interested in politics. ",Kamala Harris
2,2,1,69,6,1,2,white,woman,69,conservative,do not attend church,very,"Racially, I am white. I am a woman. I am 69 years old. Ideologically, I am conservative. I do not attend church. I am very interested in politics. ",Donald Trump
1,1,1,45,4,2,1,white,man,45,moderate,attend church,somewhat,"Racially, I am white. I am a man. I am 45 years old. Ideologically, I am moderate. I attend church. I am somewhat interested in politics. ",Kamala Harris
1,2,3,27,2,2,2,hispanic,woman,27,liberal,do not attend church,somewhat,"Racially, I am hispanic. I am a woman. I am 27 years old. Ideologically, I am liberal. I do not attend church. I am somewhat interested in politics. ",Kamala Harris
2,2,1,69,7,1,1,white,woman,69,extremely conservative,attend church,very,"Racially, I am white. I am a woman. I am 69 years old. Ideologically, I am extremely conservative. I attend church. I am very interested in politics. ",Donald Trump
2,2,1,49,5,2,2,white,woman,49,slightly conservative,do not attend church,somewhat,"Racially, I am white. I am a woman. I am 49 years old. Ideologically, I am slightly conservative. I do not attend church. I am somewhat interested in politics. ",Donald Trump
2,1,1,54,6,2,1,white,man,54,conservative,attend church,somewhat,"Racially, I am white. I am a man. I am 54 years old. Ideologically, I am conservative. I attend church. I am somewhat interested in politics. ",Donald Trump
2,2,1,67,4,2,1,white,woman,67,moderate,attend church,somewhat,"Racially, I am white. I am a woman. I am 67 years old. Ideologically, I am moderate. I attend church. I am somewhat interested in politics. ",Donald Trump
2,1,3,60,4,1,2,hispanic,man,60,moderate,do not attend church,very,"Racially, I am hispanic. I am a man. I am 60 years old. Ideologically, I am moderate. I do not attend church. I am very interested in politics. ",Donald Trump
2,2,1,80,5,2,1,white,woman,80,slightly conservative,attend church,somewhat,"Racially, I am white. I am a woman. I am 80 years old. Ideologically, I am slightly conservative. I attend church. I am somewhat interested in politics. ",Donald Trump
2,1,1,56,7,1,1,white,man,56,extremely conservative,attend church,very,"Racially, I am white. I am a man. I am 56 years old. Ideologically, I am extremely conservative. I attend church. I am very interested in politics. ",Donald Trump
2,1,1,38,5,1,1,white,man,38,slightly conservative,attend church,very,"Racially, I am white. I am a man. I am 38 years old. Ideologically, I am slightly conservative. I attend church. I am very interested in politics. ",Donald Trump
2,2,1,40,6,3,2,white,woman,40,conservative,do not attend church,not very,"Racially, I am white. I am a woman. I am 40 years old. Ideologically, I am conservative. I do not attend church. I am not very interested in politics. ",Donald Trump
2,1,1,68,6,2,1,white,man,68,conservative,attend church,somewhat,"Racially, I am white. I am a man. I am 68 years old. Ideologically, I am conservative. I attend church. I am somewhat interested in politics. ",Donald Trump
2,1,1,70,5,2,1,white,man,70,slightly conservative,attend church,somewhat,"Racially, I am white. I am a man. I am 70 years old. Ideologically, I am slightly conservative. I attend church. I am somewhat interested in politics. ",Donald Trump
1,2,1,22,1,1,2,white,woman,22,extremely liberal,do not attend church,very,"Racially, I am white. I am a woman. I am 22 years old. Ideologically, I am extremely liberal. I do not attend church. I am very interested in politics. ",Kamala Harris
1,2,1,75,4,3,2,white,woman,75,moderate,do not attend church,not very,"Racially, I am white. I am a woman. I am 75 years old. Ideologically, I am moderate. I do not attend church. I am not very interested in politics. ",Kamala Harris
1,2,1,44,3,2,2,white,woman,44,slightly liberal,do not attend church,somewhat,"Racially, I am white. I am a woman. I am 44 years old. Ideologically, I am slightly liberal. I do not attend church. I am somewhat interested in politics. ",Kamala Harris
2,1,1,75,6,2,2,white,man,75,conservative,do not attend church,somewhat,"Racially, I am white. I am a man. I am 75 years old. Ideologically, I am conservative. I do not attend church. I am somewhat interested in politics. ",Donald Trump
1,2,1,40,2,2,1,white,woman,40,liberal,attend church,somewhat,"Racially, I am white. I am a woman. I am 40 years old. Ideologically, I am liberal. I attend church. I am somewhat interested in politics. ",Kamala Harris
2,2,1,51,3,3,2,white,woman,51,slightly liberal,do not attend church,not very,"Racially, I am white. I am a woman. I am 51 years old. Ideologically, I am slightly liberal. I do not attend church. I am not very interested in politics. ",Donald Trump
2,1,1,46,6,2,2,white,man,46,conservative,do not attend church,somewhat,"Racially, I am white. I am a man. I am 46 years old. Ideologically, I am conservative. I do not attend church. I am somewhat interested in politics. ",Donald Trump
2,1,1,72,6,1,1,white,man,72,conservative,attend church,very,"Racially, I am white. I am a man. I am 72 years old. Ideologically, I am conservative. I attend church. I am very interested in politics. ",Donald Trump
2,2,1,60,7,1,1,white,woman,60,extremely conservative,attend church,very,"Racially, I am white. I am a woman. I am 60 years old. Ideologically, I am extremely conservative. I attend church. I am very interested in politics. ",Donald Trump
1,2,1,74,4,2,1,white,woman,74,moderate,attend church,somewhat,"Racially, I am white. I am a woman. I am 74 years old. Ideologically, I am moderate. I attend church. I am somewhat interested in politics. ",Kamala Harris
2,1,1,54,6,2,2,white,man,54,conservative,do not attend church,somewhat,"Racially, I am white. I am a man. I am 54 years old. Ideologically, I am conservative. I do not attend church. I am somewhat interested in politics. ",Donald Trump
1,1,3,43,2,2,2,hispanic,man,43,liberal,do not attend church,somewhat,"Racially, I am hispanic. I am a man. I am 43 years old. Ideologically, I am liberal. I do not attend church. I am somewhat interested in politics. ",Kamala Harris
1,1,3,79,3,1,1,hispanic,man,79,slightly liberal,attend church,very,"Racially, I am hispanic. I am a man. I am 79 years old. Ideologically, I am slightly liberal. I attend church. I am very interested in politics. ",Kamala Harris
2,1,1,40,4,2,2,white,man,40,moderate,do not attend church,somewhat,"Racially, I am white. I am a man. I am 40 years old. Ideologically, I am moderate. I do not attend church. I am somewhat interested in politics. ",Donald Trump
1,1,1,40,2,1,2,white,man,40,liberal,do not attend church,very,"Racially, I am white. I am a man. I am 40 years old. Ideologically, I am liberal. I do not attend church. I am very interested in politics. ",Kamala Harris
2,2,1,74,6,2,2,white,woman,74,conservative,do not attend church,somewhat,"Racially, I am white. I am a woman. I am 74 years old. Ideologically, I am conservative. I do not attend church. I am somewhat interested in politics. ",Donald Trump
1,2,1,77,4,1,1,white,woman,77,moderate,attend church,very,"Racially, I am white. I am a woman. I am 77 years old. Ideologically, I am moderate. I attend church. I am very interested in politics. ",Kamala Harris
2,1,6,68,7,1,1,mixed race,man,68,extremely conservative,attend church,very,"Racially, I am mixed race. I am a man. I am 68 years old. Ideologically, I am extremely conservative. I attend church. I am very interested in politics. ",Donald Trump
1,2,1,28,2,3,2,white,woman,28,liberal,do not attend church,not very,"Racially, I am white. I am a woman. I am 28 years old. Ideologically, I am liberal. I do not attend church. I am not very interested in politics. ",Kamala Harris
1,2,1,72,4,3,1,white,woman,72,moderate,attend church,not very,"Racially, I am white. I am a woman. I am 72 years old. Ideologically, I am moderate. I attend church. I am not very interested in politics. ",Kamala Harris
1,2,2,48,2,2,2,black,woman,48,liberal,do not attend church,somewhat,"Racially, I am black. I am a woman. I am 48 years old. Ideologically, I am liberal. I do not attend church. I am somewhat interested in politics. ",Kamala Harris
2,2,3,33,4,4,2,hispanic,woman,33,moderate,do not attend church,not at all,"Racially, I am hispanic. I am a woman. I am 33 years old. Ideologically, I am moderate. I do not attend church. I am not at all interested in politics. ",Donald Trump
2,1,1,77,6,2,1,white,man,77,conservative,attend church,somewhat,"Racially, I am white. I am a man. I am 77 years old. Ideologically, I am conservative. I attend church. I am somewhat interested in politics. ",Donald Trump
1,2,1,76,2,2,2,white,woman,76,liberal,do not attend church,somewhat,"Racially, I am white. I am a woman. I am 76 years old. Ideologically, I am liberal. I do not attend church. I am somewhat interested in politics. ",Kamala Harris
2,1,1,59,7,2,1,white,man,59,extremely conservative,attend church,somewhat,"Racially, I am white. I am a man. I am 59 years old. Ideologically, I am extremely conservative. I attend church. I am somewhat interested in politics. ",Donald Trump
1,1,1,50,6,2,1,white,man,50,conservative,attend church,somewhat,"Racially, I am white. I am a man. I am 50 years old. Ideologically, I am conservative. I attend church. I am somewhat interested in politics. ",Kamala Harris
2,1,1,66,5,1,1,white,man,66,slightly conservative,attend church,very,"Racially, I am white. I am a man. I am 66 years old. Ideologically, I am slightly conservative. I attend church. I am very interested in politics. ",Donald Trump
2,2,1,44,4,3,1,white,woman,44,moderate,attend church,not very,"Racially, I am white. I am a woman. I am 44 years old. Ideologically, I am moderate. I attend church. I am not very interested in politics. ",Donald Trump
1,2,1,34,3,2,2,white,woman,34,slightly liberal,do not attend church,somewhat,"Racially, I am white. I am a woman. I am 34 years old. Ideologically, I am slightly liberal. I do not attend church. I am somewhat interested in politics. ",Kamala Harris
1,2,1,60,3,2,1,white,woman,60,slightly liberal,attend church,somewhat,"Racially, I am white. I am a woman. I am 60 years old. Ideologically, I am slightly liberal. I attend church. I am somewhat interested in politics. ",Kamala Harris
2,1,1,68,6,2,2,white,man,68,conservative,do not attend church,somewhat,"Racially, I am white. I am a man. I am 68 years old. Ideologically, I am conservative. I do not attend church. I am somewhat interested in politics. ",Donald Trump
1,2,1,64,2,1,2,white,woman,64,liberal,do not attend church,very,"Racially, I am white. I am a woman. I am 64 years old. Ideologically, I am liberal. I do not attend church. I am very interested in politics. ",Kamala Harris
2,1,1,70,6,4,2,white,man,70,conservative,do not attend church,not at all,"Racially, I am white. I am a man. I am 70 years old. Ideologically, I am conservative. I do not attend church. I am not at all interested in politics. ",Donald Trump
1,2,1,69,4,2,2,white,woman,69,moderate,do not attend church,somewhat,"Racially, I am white. I am a woman. I am 69 years old. Ideologically, I am moderate. I do not attend church. I am somewhat interested in politics. ",Kamala Harris
1,2,1,73,3,2,2,white,woman,73,slightly liberal,do not attend church,somewhat,"Racially, I am white. I am a woman. I am 73 years old. Ideologically, I am slightly liberal. I do not attend church. I am somewhat interested in politics. ",Kamala Harris
1,2,3,32,3,2,2,hispanic,woman,32,slightly liberal,do not attend church,somewhat,"Racially, I am hispanic. I am a woman. I am 32 years old. Ideologically, I am slightly liberal. I do not attend church. I am somewhat interested in politics. ",Kamala Harris
1,2,2,64,4,2,1,black,woman,64,moderate,attend church,somewhat,"Racially, I am black. I am a woman. I am 64 years old. Ideologically, I am moderate. I attend church. I am somewhat interested in politics. ",Kamala Harris
2,2,1,53,6,3,1,white,woman,53,conservative,attend church,not very,"Racially, I am white. I am a woman. I am 53 years old. Ideologically, I am conservative. I attend church. I am not very interested in politics. ",Donald Trump
2,1,1,42,6,2,2,white,man,42,conservative,do not attend church,somewhat,"Racially, I am white. I am a man. I am 42 years old. Ideologically, I am conservative. I do not attend church. I am somewhat interested in politics. ",Donald Trump
2,1,1,77,6,3,2,white,man,77,conservative,do not attend church,not very,"Racially, I am white. I am a man. I am 77 years old. Ideologically, I am conservative. I do not attend church. I am not very interested in politics. ",Donald Trump
2,2,1,53,4,4,1,white,woman,53,moderate,attend church,not at all,"Racially, I am white. I am a woman. I am 53 years old. Ideologically, I am moderate. I attend church. I am not at all interested in politics. ",Donald Trump
1,1,1,36,3,1,2,white,man,36,slightly liberal,do not attend church,very,"Racially, I am white. I am a man. I am 36 years old. Ideologically, I am slightly liberal. I do not attend church. I am very interested in politics. ",Kamala Harris
1,2,1,77,3,1,1,white,woman,77,slightly liberal,attend church,very,"Racially, I am white. I am a woman. I am 77 years old. Ideologically, I am slightly liberal. I attend church. I am very interested in politics. ",Kamala Harris
2,2,1,68,5,1,1,white,woman,68,slightly conservative,attend church,very,"Racially, I am white. I am a woman. I am 68 years old. Ideologically, I am slightly conservative. I attend church. I am very interested in politics. ",Donald Trump
1,1,1,73,4,3,2,white,man,73,moderate,do not attend church,not very,"Racially, I am white. I am a man. I am 73 years old. Ideologically, I am moderate. I do not attend church. I am not very interested in politics. ",Kamala Harris
2,1,1,55,6,1,2,white,man,55,conservative,do not attend church,very,"Racially, I am white. I am a man. I am 55 years old. Ideologically, I am conservative. I do not attend church. I am very interested in politics. ",Donald Trump
2,1,4,56,5,2,2,asian,man,56,slightly conservative,do not attend church,somewhat,"Racially, I am asian. I am a man. I am 56 years old. Ideologically, I am slightly conservative. I do not attend church. I am somewhat interested in politics. ",Donald Trump
1,1,1,52,2,2,2,white,man,52,liberal,do not attend church,somewhat,"Racially, I am white. I am a man. I am 52 years old. Ideologically, I am liberal. I do not attend church. I am somewhat interested in politics. ",Kamala Harris
1,2,1,52,3,2,2,white,woman,52,slightly liberal,do not attend church,somewhat,"Racially, I am white. I am a woman. I am 52 years old. Ideologically, I am slightly liberal. I do not attend church. I am somewhat interested in politics. ",Kamala Harris
2,2,1,54,5,2,2,white,woman,54,slightly conservative,do not attend church,somewhat,"Racially, I am white. I am a woman. I am 54 years old. Ideologically, I am slightly conservative. I do not attend church. I am somewhat interested in politics. ",Donald Trump
1,2,1,35,2,2,2,white,woman,35,liberal,do not attend church,somewhat,"Racially, I am white. I am a woman. I am 35 years old. Ideologically, I am liberal. I do not attend church. I am somewhat interested in politics. ",Kamala Harris
2,1,2,42,6,3,1,black,man,42,conservative,attend church,not very,"Racially, I am black. I am a man. I am 42 years old. Ideologically, I am conservative. I attend church. I am not very interested in politics. ",Donald Trump
2,2,5,72,6,2,1,native American,woman,72,conservative,attend church,somewhat,"Racially, I am native American. I am a woman. I am 72 years old. Ideologically, I am conservative. I attend church. I am somewhat interested in politics. ",Donald Trump
1,1,1,74,4,2,2,white,man,74,moderate,do not attend church,somewhat,"Racially, I am white. I am a man. I am 74 years old. Ideologically, I am moderate. I do not attend church. I am somewhat interested in politics. ",Kamala Harris
2,2,1,54,6,3,1,white,woman,54,conservative,attend church,not very,"Racially, I am white. I am a woman. I am 54 years old. Ideologically, I am conservative. I attend church. I am not very interested in politics. ",Donald Trump
2,1,1,74,6,2,1,white,man,74,conservative,attend church,somewhat,"Racially, I am white. I am a man. I am 74 years old. Ideologically, I am conservative. I attend church. I am somewhat interested in politics. ",Donald Trump
2,2,1,45,4,4,1,white,woman,45,moderate,attend church,not at all,"Racially, I am white. I am a woman. I am 45 years old. Ideologically, I am moderate. I attend church. I am not at all interested in politics. ",Donald Trump
1,2,1,67,2,2,2,white,woman,67,liberal,do not attend church,somewhat,"Racially, I am white. I am a woman. I am 67 years old. Ideologically, I am liberal. I do not attend church. I am somewhat interested in politics. ",Kamala Harris
1,1,4,28,5,2,2,asian,man,28,slightly conservative,do not attend church,somewhat,"Racially, I am asian. I am a man. I am 28 years old. Ideologically, I am slightly conservative. I do not attend church. I am somewhat interested in politics. ",Kamala Harris
1,2,3,54,4,2,1,hispanic,woman,54,moderate,attend church,somewhat,"Racially, I am hispanic. I am a woman. I am 54 years old. Ideologically, I am moderate. I attend church. I am somewhat interested in politics. ",Kamala Harris
1,2,1,80,3,2,2,white,woman,80,slightly liberal,do not attend church,somewhat,"Racially, I am white. I am a woman. I am 80 years old. Ideologically, I am slightly liberal. I do not attend church. I am somewhat interested in politics. ",Kamala Harris
1,2,2,31,4,1,2,black,woman,31,moderate,do not attend church,very,"Racially, I am black. I am a woman. I am 31 years old. Ideologically, I am moderate. I do not attend church. I am very interested in politics. ",Kamala Harris
1,1,1,58,4,1,2,white,man,58,moderate,do not attend church,very,"Racially, I am white. I am a man. I am 58 years old. Ideologically, I am moderate. I do not attend church. I am very interested in politics. ",Kamala Harris
1,2,1,64,1,3,2,white,woman,64,extremely liberal,do not attend church,not very,"Racially, I am white. I am a woman. I am 64 years old. Ideologically, I am extremely liberal. I do not attend church. I am not very interested in politics. ",Kamala Harris
1,1,3,35,4,3,2,hispanic,man,35,moderate,do not attend church,not very,"Racially, I am hispanic. I am a man. I am 35 years old. Ideologically, I am moderate. I do not attend church. I am not very interested in politics. ",Kamala Harris
2,2,1,62,6,2,1,white,woman,62,conservative,attend church,somewhat,"Racially, I am white. I am a woman. I am 62 years old. Ideologically, I am conservative. I attend church. I am somewhat interested in politics. ",Donald Trump
2,2,1,53,6,2,1,white,woman,53,conservative,attend church,somewhat,"Racially, I am white. I am a woman. I am 53 years old. Ideologically, I am conservative. I attend church. I am somewhat interested in politics. ",Donald Trump
1,1,1,80,3,3,2,white,man,80,slightly liberal,do not attend church,not very,"Racially, I am white. I am a man. I am 80 years old. Ideologically, I am slightly liberal. I do not attend church. I am not very interested in politics. ",Kamala Harris
1,2,1,62,2,1,2,white,woman,62,liberal,do not attend church,very,"Racially, I am white. I am a woman. I am 62 years old. Ideologically, I am liberal. I do not attend church. I am very interested in politics. ",Kamala Harris
2,1,1,70,6,2,2,white,man,70,conservative,do not attend church,somewhat,"Racially, I am white. I am a man. I am 70 years old. Ideologically, I am conservative. I do not attend church. I am somewhat interested in politics. ",Donald Trump
1,2,1,38,2,3,1,white,woman,38,liberal,attend church,not very,"Racially, I am white. I am a woman. I am 38 years old. Ideologically, I am liberal. I attend church. I am not very interested in politics. ",Kamala Harris
1,1,1,48,4,1,2,white,man,48,moderate,do not attend church,very,"Racially, I am white. I am a man. I am 48 years old. Ideologically, I am moderate. I do not attend church. I am very interested in politics. ",Kamala Harris
1,2,3,21,2,2,2,hispanic,woman,21,liberal,do not attend church,somewhat,"Racially, I am hispanic. I am a woman. I am 21 years old. Ideologically, I am liberal. I do not attend church. I am somewhat interested in politics. ",Kamala Harris
2,1,1,48,6,3,1,white,man,48,conservative,attend church,not very,"Racially, I am white. I am a man. I am 48 years old. Ideologically, I am conservative. I attend church. I am not very interested in politics. ",Donald Trump
2,1,1,66,4,3,2,white,man,66,moderate,do not attend church,not very,"Racially, I am white. I am a man. I am 66 years old. Ideologically, I am moderate. I do not attend church. I am not very interested in politics. ",Donald Trump
2,1,1,66,6,1,2,white,man,66,conservative,do not attend church,very,"Racially, I am white. I am a man. I am 66 years old. Ideologically, I am conservative. I do not attend church. I am very interested in politics. ",Donald Trump
1,2,2,46,4,2,2,black,woman,46,moderate,do not attend church,somewhat,"Racially, I am black. I am a woman. I am 46 years old. Ideologically, I am moderate. I do not attend church. I am somewhat interested in politics. ",Kamala Harris
1,2,3,80,3,2,2,hispanic,woman,80,slightly liberal,do not attend church,somewhat,"Racially, I am hispanic. I am a woman. I am 80 years old. Ideologically, I am slightly liberal. I do not attend church. I am somewhat interested in politics. ",Kamala Harris
1,2,1,41,3,2,1,white,woman,41,slightly liberal,attend church,somewhat,"Racially, I am white. I am a woman. I am 41 years old. Ideologically, I am slightly liberal. I attend church. I am somewhat interested in politics. ",Kamala Harris
1,2,1,43,3,3,1,white,woman,43,slightly liberal,attend church,not very,"Racially, I am white. I am a woman. I am 43 years old. Ideologically, I am slightly liberal. I attend church. I am not very interested in politics. ",Kamala Harris
2,1,1,55,6,2,2,white,man,55,conservative,do not attend church,somewhat,"Racially, I am white. I am a man. I am 55 years old. Ideologically, I am conservative. I do not attend church. I am somewhat interested in politics. ",Donald Trump
1,1,4,62,3,1,2,asian,man,62,slightly liberal,do not attend church,very,"Racially, I am asian. I am a man. I am 62 years old. Ideologically, I am slightly liberal. I do not attend church. I am very interested in politics. ",Kamala Harris
1,2,1,59,5,3,2,white,woman,59,slightly conservative,do not attend church,not very,"Racially, I am white. I am a woman. I am 59 years old. Ideologically, I am slightly conservative. I do not attend church. I am not very interested in politics. ",Kamala Harris
2,1,6,44,6,2,1,mixed race,man,44,conservative,attend church,somewhat,"Racially, I am mixed race. I am a man. I am 44 years old. Ideologically, I am conservative. I attend church. I am somewhat interested in politics. ",Donald Trump
2,1,1,63,6,3,1,white,man,63,conservative,attend church,not very,"Racially, I am white. I am a man. I am 63 years old. Ideologically, I am conservative. I attend church. I am not very interested in politics. ",Donald Trump
1,2,6,38,2,1,1,mixed race,woman,38,liberal,attend church,very,"Racially, I am mixed race. I am a woman. I am 38 years old. Ideologically, I am liberal. I attend church. I am very interested in politics. ",Kamala Harris
1,2,1,48,4,2,1,white,woman,48,moderate,attend church,somewhat,"Racially, I am white. I am a woman. I am 48 years old. Ideologically, I am moderate. I attend church. I am somewhat interested in politics. ",Kamala Harris
1,1,1,55,4,1,1,white,man,55,moderate,attend church,very,"Racially, I am white. I am a man. I am 55 years old. Ideologically, I am moderate. I attend church. I am very interested in politics. ",Kamala Harris
1,1,1,60,2,1,2,white,man,60,liberal,do not attend church,very,"Racially, I am white. I am a man. I am 60 years old. Ideologically, I am liberal. I do not attend church. I am very interested in politics. ",Kamala Harris
1,2,1,44,2,2,2,white,woman,44,liberal,do not attend church,somewhat,"Racially, I am white. I am a woman. I am 44 years old. Ideologically, I am liberal. I do not attend church. I am somewhat interested in politics. ",Kamala Harris
2,1,1,58,6,2,1,white,man,58,conservative,attend church,somewhat,"Racially, I am white. I am a man. I am 58 years old. Ideologically, I am conservative. I attend church. I am somewhat interested in politics. ",Donald Trump
2,1,1,58,6,3,1,white,man,58,conservative,attend church,not very,"Racially, I am white. I am a man. I am 58 years old. Ideologically, I am conservative. I attend church. I am not very interested in politics. ",Donald Trump
2,2,2,28,2,2,2,black,woman,28,liberal,do not attend church,somewhat,"Racially, I am black. I am a woman. I am 28 years old. Ideologically, I am liberal. I do not attend church. I am somewhat interested in politics. ",Donald Trump
2,1,1,69,4,2,1,white,man,69,moderate,attend church,somewhat,"Racially, I am white. I am a man. I am 69 years old. Ideologically, I am moderate. I attend church. I am somewhat interested in politics. ",Donald Trump
1,1,1,33,4,2,1,white,man,33,moderate,attend church,somewhat,"Racially, I am white. I am a man. I am 33 years old. Ideologically, I am moderate. I attend church. I am somewhat interested in politics. ",Kamala Harris
2,2,1,71,4,2,1,white,woman,71,moderate,attend church,somewhat,"Racially, I am white. I am a woman. I am 71 years old. Ideologically, I am moderate. I attend church. I am somewhat interested in politics. ",Donald Trump
1,1,1,77,2,1,2,white,man,77,liberal,do not attend church,very,"Racially, I am white. I am a man. I am 77 years old. Ideologically, I am liberal. I do not attend church. I am very interested in politics. ",Kamala Harris
1,2,6,57,4,3,2,mixed race,woman,57,moderate,do not attend church,not very,"Racially, I am mixed race. I am a woman. I am 57 years old. Ideologically, I am moderate. I do not attend church. I am not very interested in politics. ",Kamala Harris
1,2,1,43,1,1,1,white,woman,43,extremely liberal,attend church,very,"Racially, I am white. I am a woman. I am 43 years old. Ideologically, I am extremely liberal. I attend church. I am very interested in politics. ",Kamala Harris
2,1,4,71,6,1,1,asian,man,71,conservative,attend church,very,"Racially, I am asian. I am a man. I am 71 years old. Ideologically, I am conservative. I attend church. I am very interested in politics. ",Donald Trump
2,2,1,72,7,2,2,white,woman,72,extremely conservative,do not attend church,somewhat,"Racially, I am white. I am a woman. I am 72 years old. Ideologically, I am extremely conservative. I do not attend church. I am somewhat interested in politics. ",Donald Trump
1,2,3,80,1,1,2,hispanic,woman,80,extremely liberal,do not attend church,very,"Racially, I am hispanic. I am a woman. I am 80 years old. Ideologically, I am extremely liberal. I do not attend church. I am very interested in politics. ",Kamala Harris
1,1,1,75,3,1,1,white,man,75,slightly liberal,attend church,very,"Racially, I am white. I am a man. I am 75 years old. Ideologically, I am slightly liberal. I attend church. I am very interested in politics. ",Kamala Harris
1,1,1,71,2,3,2,white,man,71,liberal,do not attend church,not very,"Racially, I am white. I am a man. I am 71 years old. Ideologically, I am liberal. I do not attend church. I am not very interested in politics. ",Kamala Harris
2,2,6,21,5,2,1,mixed race,woman,21,slightly conservative,attend church,somewhat,"Racially, I am mixed race. I am a woman. I am 21 years old. Ideologically, I am slightly conservative. I attend church. I am somewhat interested in politics. ",Donald Trump
2,1,1,72,7,1,1,white,man,72,extremely conservative,attend church,very,"Racially, I am white. I am a man. I am 72 years old. Ideologically, I am extremely conservative. I attend church. I am very interested in politics. ",Donald Trump
2,2,1,73,5,2,2,white,woman,73,slightly conservative,do not attend church,somewhat,"Racially, I am white. I am a woman. I am 73 years old. Ideologically, I am slightly conservative. I do not attend church. I am somewhat interested in politics. ",Donald Trump
1,2,1,70,4,2,1,white,woman,70,moderate,attend church,somewhat,"Racially, I am white. I am a woman. I am 70 years old. Ideologically, I am moderate. I attend church. I am somewhat interested in politics. ",Kamala Harris
1,1,1,54,2,3,2,white,man,54,liberal,do not attend church,not very,"Racially, I am white. I am a man. I am 54 years old. Ideologically, I am liberal. I do not attend church. I am not very interested in politics. ",Kamala Harris
1,2,1,40,4,3,1,white,woman,40,moderate,attend church,not very,"Racially, I am white. I am a woman. I am 40 years old. Ideologically, I am moderate. I attend church. I am not very interested in politics. ",Kamala Harris
2,2,1,66,6,2,1,white,woman,66,conservative,attend church,somewhat,"Racially, I am white. I am a woman. I am 66 years old. Ideologically, I am conservative. I attend church. I am somewhat interested in politics. ",Donald Trump
1,1,1,31,2,1,2,white,man,31,liberal,do not attend church,very,"Racially, I am white. I am a man. I am 31 years old. Ideologically, I am liberal. I do not attend church. I am very interested in politics. ",Kamala Harris
1,2,1,77,4,1,1,white,woman,77,moderate,attend church,very,"Racially, I am white. I am a woman. I am 77 years old. Ideologically, I am moderate. I attend church. I am very interested in politics. ",Kamala Harris
1,2,2,26,2,2,2,black,woman,26,liberal,do not attend church,somewhat,"Racially, I am black. I am a woman. I am 26 years old. Ideologically, I am liberal. I do not attend church. I am somewhat interested in politics. ",Kamala Harris
2,2,3,38,4,2,1,hispanic,woman,38,moderate,attend church,somewhat,"Racially, I am hispanic. I am a woman. I am 38 years old. Ideologically, I am moderate. I attend church. I am somewhat interested in politics. ",Donald Trump
2,1,1,55,7,1,1,white,man,55,extremely conservative,attend church,very,"Racially, I am white. I am a man. I am 55 years old. Ideologically, I am extremely conservative. I attend church. I am very interested in politics. ",Donald Trump
2,1,1,70,6,1,1,white,man,70,conservative,attend church,very,"Racially, I am white. I am a man. I am 70 years old. Ideologically, I am conservative. I attend church. I am very interested in politics. ",Donald Trump
2,1,1,46,3,2,1,white,man,46,slightly liberal,attend church,somewhat,"Racially, I am white. I am a man. I am 46 years old. Ideologically, I am slightly liberal. I attend church. I am somewhat interested in politics. ",Donald Trump
2,1,1,74,5,4,2,white,man,74,slightly conservative,do not attend church,not at all,"Racially, I am white. I am a man. I am 74 years old. Ideologically, I am slightly conservative. I do not attend church. I am not at all interested in politics. ",Donald Trump
2,2,3,35,7,3,1,hispanic,woman,35,extremely conservative,attend church,not very,"Racially, I am hispanic. I am a woman. I am 35 years old. Ideologically, I am extremely conservative. I attend church. I am not very interested in politics. ",Donald Trump
1,1,1,60,1,2,2,white,man,60,extremely liberal,do not attend church,somewhat,"Racially, I am white. I am a man. I am 60 years old. Ideologically, I am extremely liberal. I do not attend church. I am somewhat interested in politics. ",Kamala Harris
1,2,1,48,2,1,1,white,woman,48,liberal,attend church,very,"Racially, I am white. I am a woman. I am 48 years old. Ideologically, I am liberal. I attend church. I am very interested in politics. ",Kamala Harris
1,1,1,80,4,3,1,white,man,80,moderate,attend church,not very,"Racially, I am white. I am a man. I am 80 years old. Ideologically, I am moderate. I attend church. I am not very interested in politics. ",Kamala Harris
1,2,1,28,1,2,2,white,woman,28,extremely liberal,do not attend church,somewhat,"Racially, I am white. I am a woman. I am 28 years old. Ideologically, I am extremely liberal. I do not attend church. I am somewhat interested in politics. ",Kamala Harris
1,2,1,21,1,2,1,white,woman,21,extremely liberal,attend church,somewhat,"Racially, I am white. I am a woman. I am 21 years old. Ideologically, I am extremely liberal. I attend church. I am somewhat interested in politics. ",Kamala Harris
2,1,1,66,6,2,1,white,man,66,conservative,attend church,somewhat,"Racially, I am white. I am a man. I am 66 years old. Ideologically, I am conservative. I attend church. I am somewhat interested in politics. ",Donald Trump
1,1,1,40,3,1,2,white,man,40,slightly liberal,do not attend church,very,"Racially, I am white. I am a man. I am 40 years old. Ideologically, I am slightly liberal. I do not attend church. I am very interested in politics. ",Kamala Harris
2,1,6,60,7,1,2,mixed race,man,60,extremely conservative,do not attend church,very,"Racially, I am mixed race. I am a man. I am 60 years old. Ideologically, I am extremely conservative. I do not attend church. I am very interested in politics. ",Donald Trump
1,1,1,36,5,2,2,white,man,36,slightly conservative,do not attend church,somewhat,"Racially, I am white. I am a man. I am 36 years old. Ideologically, I am slightly conservative. I do not attend church. I am somewhat interested in politics. ",Kamala Harris
1,1,1,77,4,3,1,white,man,77,moderate,attend church,not very,"Racially, I am white. I am a man. I am 77 years old. Ideologically, I am moderate. I attend church. I am not very interested in politics. ",Kamala Harris
1,1,1,51,4,2,1,white,man,51,moderate,attend church,somewhat,"Racially, I am white. I am a man. I am 51 years old. Ideologically, I am moderate. I attend church. I am somewhat interested in politics. ",Kamala Harris
1,1,2,39,2,2,1,black,man,39,liberal,attend church,somewhat,"Racially, I am black. I am a man. I am 39 years old. Ideologically, I am liberal. I attend church. I am somewhat interested in politics. ",Kamala Harris
1,1,5,67,2,1,2,native American,man,67,liberal,do not attend church,very,"Racially, I am native American. I am a man. I am 67 years old. Ideologically, I am liberal. I do not attend church. I am very interested in politics. ",Kamala Harris
1,1,2,59,4,1,1,black,man,59,moderate,attend church,very,"Racially, I am black. I am a man. I am 59 years old. Ideologically, I am moderate. I attend church. I am very interested in politics. ",Kamala Harris
2,2,1,38,2,2,1,white,woman,38,liberal,attend church,somewhat,"Racially, I am white. I am a woman. I am 38 years old. Ideologically, I am liberal. I attend church. I am somewhat interested in politics. ",Donald Trump
1,1,1,70,1,1,2,white,man,70,extremely liberal,do not attend church,very,"Racially, I am white. I am a man. I am 70 years old. Ideologically, I am extremely liberal. I do not attend church. I am very interested in politics. ",Kamala Harris
2,1,1,43,6,2,2,white,man,43,conservative,do not attend church,somewhat,"Racially, I am white. I am a man. I am 43 years old. Ideologically, I am conservative. I do not attend church. I am somewhat interested in politics. ",Donald Trump
1,1,1,62,5,2,1,white,man,62,slightly conservative,attend church,somewhat,"Racially, I am white. I am a man. I am 62 years old. Ideologically, I am slightly conservative. I attend church. I am somewhat interested in politics. ",Kamala Harris
2,1,1,38,7,1,1,white,man,38,extremely conservative,attend church,very,"Racially, I am white. I am a man. I am 38 years old. Ideologically, I am extremely conservative. I attend church. I am very interested in politics. ",Donald Trump
2,1,1,52,6,3,1,white,man,52,conservative,attend church,not very,"Racially, I am white. I am a man. I am 52 years old. Ideologically, I am conservative. I attend church. I am not very interested in politics. ",Donald Trump
1,1,2,70,3,1,1,black,man,70,slightly liberal,attend church,very,"Racially, I am black. I am a man. I am 70 years old. Ideologically, I am slightly liberal. I attend church. I am very interested in politics. ",Kamala Harris
1,2,1,71,4,2,2,white,woman,71,moderate,do not attend church,somewhat,"Racially, I am white. I am a woman. I am 71 years old. Ideologically, I am moderate. I do not attend church. I am somewhat interested in politics. ",Kamala Harris
1,1,1,63,4,2,1,white,man,63,moderate,attend church,somewhat,"Racially, I am white. I am a man. I am 63 years old. Ideologically, I am moderate. I attend church. I am somewhat interested in politics. ",Kamala Harris
2,1,1,38,6,2,2,white,man,38,conservative,do not attend church,somewhat,"Racially, I am white. I am a man. I am 38 years old. Ideologically, I am conservative. I do not attend church. I am somewhat interested in politics. ",Donald Trump
2,2,1,71,6,2,1,white,woman,71,conservative,attend church,somewhat,"Racially, I am white. I am a woman. I am 71 years old. Ideologically, I am conservative. I attend church. I am somewhat interested in politics. ",Donald Trump
1,1,1,41,2,1,2,white,man,41,liberal,do not attend church,very,"Racially, I am white. I am a man. I am 41 years old. Ideologically, I am liberal. I do not attend church. I am very interested in politics. ",Kamala Harris
1,2,3,39,3,2,1,hispanic,woman,39,slightly liberal,attend church,somewhat,"Racially, I am hispanic. I am a woman. I am 39 years old. Ideologically, I am slightly liberal. I attend church. I am somewhat interested in politics. ",Kamala Harris
1,1,1,58,4,2,2,white,man,58,moderate,do not attend church,somewhat,"Racially, I am white. I am a man. I am 58 years old. Ideologically, I am moderate. I do not attend church. I am somewhat interested in politics. ",Kamala Harris
1,2,2,26,4,3,1,black,woman,26,moderate,attend church,not very,"Racially, I am black. I am a woman. I am 26 years old. Ideologically, I am moderate. I attend church. I am not very interested in politics. ",Kamala Harris
1,2,1,32,3,2,2,white,woman,32,slightly liberal,do not attend church,somewhat,"Racially, I am white. I am a woman. I am 32 years old. Ideologically, I am slightly liberal. I do not attend church. I am somewhat interested in politics. ",Kamala Harris
1,1,1,65,3,2,1,white,man,65,slightly liberal,attend church,somewhat,"Racially, I am white. I am a man. I am 65 years old. Ideologically, I am slightly liberal. I attend church. I am somewhat interested in politics. ",Kamala Harris
2,1,1,72,6,1,1,white,man,72,conservative,attend church,very,"Racially, I am white. I am a man. I am 72 years old. Ideologically, I am conservative. I attend church. I am very interested in politics. ",Donald Trump
2,1,3,27,4,2,2,hispanic,man,27,moderate,do not attend church,somewhat,"Racially, I am hispanic. I am a man. I am 27 years old. Ideologically, I am moderate. I do not attend church. I am somewhat interested in politics. ",Donald Trump
1,2,1,35,2,2,2,white,woman,35,liberal,do not attend church,somewhat,"Racially, I am white. I am a woman. I am 35 years old. Ideologically, I am liberal. I do not attend church. I am somewhat interested in politics. ",Kamala Harris
1,2,1,46,4,1,2,white,woman,46,moderate,do not attend church,very,"Racially, I am white. I am a woman. I am 46 years old. Ideologically, I am moderate. I do not attend church. I am very interested in politics. ",Kamala Harris
2,1,1,71,7,2,1,white,man,71,extremely conservative,attend church,somewhat,"Racially, I am white. I am a man. I am 71 years old. Ideologically, I am extremely conservative. I attend church. I am somewhat interested in politics. ",Donald Trump
2,2,1,80,6,2,1,white,woman,80,conservative,attend church,somewhat,"Racially, I am white. I am a woman. I am 80 years old. Ideologically, I am conservative. I attend church. I am somewhat interested in politics. ",Donald Trump
1,2,1,40,2,2,2,white,woman,40,liberal,do not attend church,somewhat,"Racially, I am white. I am a woman. I am 40 years old. Ideologically, I am liberal. I do not attend church. I am somewhat interested in politics. ",Kamala Harris
1,1,1,61,3,1,1,white,man,61,slightly liberal,attend church,very,"Racially, I am white. I am a man. I am 61 years old. Ideologically, I am slightly liberal. I attend church. I am very interested in politics. ",Kamala Harris
1,2,1,49,4,3,2,white,woman,49,moderate,do not attend church,not very,"Racially, I am white. I am a woman. I am 49 years old. Ideologically, I am moderate. I do not attend church. I am not very interested in politics. ",Kamala Harris
2,2,1,68,6,3,1,white,woman,68,conservative,attend church,not very,"Racially, I am white. I am a woman. I am 68 years old. Ideologically, I am conservative. I attend church. I am not very interested in politics. ",Donald Trump
2,2,1,55,6,2,2,white,woman,55,conservative,do not attend church,somewhat,"Racially, I am white. I am a woman. I am 55 years old. Ideologically, I am conservative. I do not attend church. I am somewhat interested in politics. ",Donald Trump
1,2,1,65,3,2,2,white,woman,65,slightly liberal,do not attend church,somewhat,"Racially, I am white. I am a woman. I am 65 years old. Ideologically, I am slightly liberal. I do not attend church. I am somewhat interested in politics. ",Kamala Harris
2,2,1,37,5,3,1,white,woman,37,slightly conservative,attend church,not very,"Racially, I am white. I am a woman. I am 37 years old. Ideologically, I am slightly conservative. I attend church. I am not very interested in politics. ",Donald Trump
1,2,1,23,1,1,2,white,woman,23,extremely liberal,do not attend church,very,"Racially, I am white. I am a woman. I am 23 years old. Ideologically, I am extremely liberal. I do not attend church. I am very interested in politics. ",Kamala Harris
1,2,6,47,2,3,2,mixed race,woman,47,liberal,do not attend church,not very,"Racially, I am mixed race. I am a woman. I am 47 years old. Ideologically, I am liberal. I do not attend church. I am not very interested in politics. ",Kamala Harris
2,1,1,35,5,1,1,white,man,35,slightly conservative,attend church,very,"Racially, I am white. I am a man. I am 35 years old. Ideologically, I am slightly conservative. I attend church. I am very interested in politics. ",Donald Trump
2,2,1,72,7,2,2,white,woman,72,extremely conservative,do not attend church,somewhat,"Racially, I am white. I am a woman. I am 72 years old. Ideologically, I am extremely conservative. I do not attend church. I am somewhat interested in politics. ",Donald Trump
2,1,1,55,6,2,1,white,man,55,conservative,attend church,somewhat,"Racially, I am white. I am a man. I am 55 years old. Ideologically, I am conservative. I attend church. I am somewhat interested in politics. ",Donald Trump
1,1,1,41,4,2,1,white,man,41,moderate,attend church,somewhat,"Racially, I am white. I am a man. I am 41 years old. Ideologically, I am moderate. I attend church. I am somewhat interested in politics. ",Kamala Harris
1,2,1,30,2,2,2,white,woman,30,liberal,do not attend church,somewhat,"Racially, I am white. I am a woman. I am 30 years old. Ideologically, I am liberal. I do not attend church. I am somewhat interested in politics. ",Kamala Harris
1,2,1,76,4,1,2,white,woman,76,moderate,do not attend church,very,"Racially, I am white. I am a woman. I am 76 years old. Ideologically, I am moderate. I do not attend church. I am very interested in politics. ",Kamala Harris
2,1,1,39,6,2,2,white,man,39,conservative,do not attend church,somewhat,"Racially, I am white. I am a man. I am 39 years old. Ideologically, I am conservative. I do not attend church. I am somewhat interested in politics. ",Donald Trump
2,1,1,56,6,2,2,white,man,56,conservative,do not attend church,somewhat,"Racially, I am white. I am a man. I am 56 years old. Ideologically, I am conservative. I do not attend church. I am somewhat interested in politics. ",Donald Trump
2,2,1,70,6,2,2,white,woman,70,conservative,do not attend church,somewhat,"Racially, I am white. I am a woman. I am 70 years old. Ideologically, I am conservative. I do not attend church. I am somewhat interested in politics. ",Donald Trump
1,1,1,76,2,1,2,white,man,76,liberal,do not attend church,very,"Racially, I am white. I am a man. I am 76 years old. Ideologically, I am liberal. I do not attend church. I am very interested in politics. ",Kamala Harris
2,1,1,26,4,2,2,white,man,26,moderate,do not attend church,somewhat,"Racially, I am white. I am a man. I am 26 years old. Ideologically, I am moderate. I do not attend church. I am somewhat interested in politics. ",Donald Trump
1,1,1,72,2,2,1,white,man,72,liberal,attend church,somewhat,"Racially, I am white. I am a man. I am 72 years old. Ideologically, I am liberal. I attend church. I am somewhat interested in politics. ",Kamala Harris
2,1,1,41,7,1,1,white,man,41,extremely conservative,attend church,very,"Racially, I am white. I am a man. I am 41 years old. Ideologically, I am extremely conservative. I attend church. I am very interested in politics. ",Donald Trump
2,1,3,73,4,2,1,hispanic,man,73,moderate,attend church,somewhat,"Racially, I am hispanic. I am a man. I am 73 years old. Ideologically, I am moderate. I attend church. I am somewhat interested in politics. ",Donald Trump
2,1,1,61,4,1,2,white,man,61,moderate,do not attend church,very,"Racially, I am white. I am a man. I am 61 years old. Ideologically, I am moderate. I do not attend church. I am very interested in politics. ",Donald Trump
1,2,1,57,3,3,2,white,woman,57,slightly liberal,do not attend church,not very,"Racially, I am white. I am a woman. I am 57 years old. Ideologically, I am slightly liberal. I do not attend church. I am not very interested in politics. ",Kamala Harris
1,2,1,39,2,3,2,white,woman,39,liberal,do not attend church,not very,"Racially, I am white. I am a woman. I am 39 years old. Ideologically, I am liberal. I do not attend church. I am not very interested in politics. ",Kamala Harris
1,2,3,41,3,2,1,hispanic,woman,41,slightly liberal,attend church,somewhat,"Racially, I am hispanic. I am a woman. I am 41 years old. Ideologically, I am slightly liberal. I attend church. I am somewhat interested in politics. ",Kamala Harris
1,2,1,75,5,3,2,white,woman,75,slightly conservative,do not attend church,not very,"Racially, I am white. I am a woman. I am 75 years old. Ideologically, I am slightly conservative. I do not attend church. I am not very interested in politics. ",Kamala Harris
1,2,1,66,3,2,1,white,woman,66,slightly liberal,attend church,somewhat,"Racially, I am white. I am a woman. I am 66 years old. Ideologically, I am slightly liberal. I attend church. I am somewhat interested in politics. ",Kamala Harris
1,1,1,46,2,1,2,white,man,46,liberal,do not attend church,very,"Racially, I am white. I am a man. I am 46 years old. Ideologically, I am liberal. I do not attend church. I am very interested in politics. ",Kamala Harris
2,1,1,37,5,4,2,white,man,37,slightly conservative,do not attend church,not at all,"Racially, I am white. I am a man. I am 37 years old. Ideologically, I am slightly conservative. I do not attend church. I am not at all interested in politics. ",Donald Trump
2,1,1,40,5,3,2,white,man,40,slightly conservative,do not attend church,not very,"Racially, I am white. I am a man. I am 40 years old. Ideologically, I am slightly conservative. I do not attend church. I am not very interested in politics. ",Donald Trump
2,2,1,43,7,1,1,white,woman,43,extremely conservative,attend church,very,"Racially, I am white. I am a woman. I am 43 years old. Ideologically, I am extremely conservative. I attend church. I am very interested in politics. ",Donald Trump
1,2,1,80,2,1,2,white,woman,80,liberal,do not attend church,very,"Racially, I am white. I am a woman. I am 80 years old. Ideologically, I am liberal. I do not attend church. I am very interested in politics. ",Kamala Harris
1,2,1,50,3,3,1,white,woman,50,slightly liberal,attend church,not very,"Racially, I am white. I am a woman. I am 50 years old. Ideologically, I am slightly liberal. I attend church. I am not very interested in politics. ",Kamala Harris
1,2,1,43,2,1,2,white,woman,43,liberal,do not attend church,very,"Racially, I am white. I am a woman. I am 43 years old. Ideologically, I am liberal. I do not attend church. I am very interested in politics. ",Kamala Harris
2,2,1,65,6,2,1,white,woman,65,conservative,attend church,somewhat,"Racially, I am white. I am a woman. I am 65 years old. Ideologically, I am conservative. I attend church. I am somewhat interested in politics. ",Donald Trump
2,2,1,39,6,2,1,white,woman,39,conservative,attend church,somewhat,"Racially, I am white. I am a woman. I am 39 years old. Ideologically, I am conservative. I attend church. I am somewhat interested in politics. ",Donald Trump
2,1,1,78,6,2,2,white,man,78,conservative,do not attend church,somewhat,"Racially, I am white. I am a man. I am 78 years old. Ideologically, I am conservative. I do not attend church. I am somewhat interested in politics. ",Donald Trump
2,1,1,62,6,2,2,white,man,62,conservative,do not attend church,somewhat,"Racially, I am white. I am a man. I am 62 years old. Ideologically, I am conservative. I do not attend church. I am somewhat interested in politics. ",Donald Trump
2,1,1,66,6,2,1,white,man,66,conservative,attend church,somewhat,"Racially, I am white. I am a man. I am 66 years old. Ideologically, I am conservative. I attend church. I am somewhat interested in politics. ",Donald Trump
2,2,1,47,7,2,1,white,woman,47,extremely conservative,attend church,somewhat,"Racially, I am white. I am a woman. I am 47 years old. Ideologically, I am extremely conservative. I attend church. I am somewhat interested in politics. ",Donald Trump
1,1,4,38,3,2,2,asian,man,38,slightly liberal,do not attend church,somewhat,"Racially, I am asian. I am a man. I am 38 years old. Ideologically, I am slightly liberal. I do not attend church. I am somewhat interested in politics. ",Kamala Harris
2,2,1,74,6,2,2,white,woman,74,conservative,do not attend church,somewhat,"Racially, I am white. I am a woman. I am 74 years old. Ideologically, I am conservative. I do not attend church. I am somewhat interested in politics. ",Donald Trump
1,2,3,35,2,2,1,hispanic,woman,35,liberal,attend church,somewhat,"Racially, I am hispanic. I am a woman. I am 35 years old. Ideologically, I am liberal. I attend church. I am somewhat interested in politics. ",Kamala Harris
1,2,2,59,2,2,1,black,woman,59,liberal,attend church,somewhat,"Racially, I am black. I am a woman. I am 59 years old. Ideologically, I am liberal. I attend church. I am somewhat interested in politics. ",Kamala Harris
2,2,1,73,6,3,1,white,woman,73,conservative,attend church,not very,"Racially, I am white. I am a woman. I am 73 years old. Ideologically, I am conservative. I attend church. I am not very interested in politics. ",Donald Trump
2,2,1,37,2,2,2,white,woman,37,liberal,do not attend church,somewhat,"Racially, I am white. I am a woman. I am 37 years old. Ideologically, I am liberal. I do not attend church. I am somewhat interested in politics. ",Donald Trump
2,2,1,71,3,1,2,white,woman,71,slightly liberal,do not attend church,very,"Racially, I am white. I am a woman. I am 71 years old. Ideologically, I am slightly liberal. I do not attend church. I am very interested in politics. ",Donald Trump
1,1,1,42,6,3,1,white,man,42,conservative,attend church,not very,"Racially, I am white. I am a man. I am 42 years old. Ideologically, I am conservative. I attend church. I am not very interested in politics. ",Kamala Harris
1,2,6,24,1,2,2,mixed race,woman,24,extremely liberal,do not attend church,somewhat,"Racially, I am mixed race. I am a woman. I am 24 years old. Ideologically, I am extremely liberal. I do not attend church. I am somewhat interested in politics. ",Kamala Harris
1,2,1,39,3,2,2,white,woman,39,slightly liberal,do not attend church,somewhat,"Racially, I am white. I am a woman. I am 39 years old. Ideologically, I am slightly liberal. I do not attend church. I am somewhat interested in politics. ",Kamala Harris
1,2,1,24,1,2,2,white,woman,24,extremely liberal,do not attend church,somewhat,"Racially, I am white. I am a woman. I am 24 years old. Ideologically, I am extremely liberal. I do not attend church. I am somewhat interested in politics. ",Kamala Harris
1,2,1,58,4,1,2,white,woman,58,moderate,do not attend church,very,"Racially, I am white. I am a woman. I am 58 years old. Ideologically, I am moderate. I do not attend church. I am very interested in politics. ",Kamala Harris
1,1,1,26,2,3,2,white,man,26,liberal,do not attend church,not very,"Racially, I am white. I am a man. I am 26 years old. Ideologically, I am liberal. I do not attend church. I am not very interested in politics. ",Kamala Harris
1,2,1,58,3,2,2,white,woman,58,slightly liberal,do not attend church,somewhat,"Racially, I am white. I am a woman. I am 58 years old. Ideologically, I am slightly liberal. I do not attend church. I am somewhat interested in politics. ",Kamala Harris
2,1,1,39,6,2,2,white,man,39,conservative,do not attend church,somewhat,"Racially, I am white. I am a man. I am 39 years old. Ideologically, I am conservative. I do not attend church. I am somewhat interested in politics. ",Donald Trump
1,1,1,49,1,3,2,white,man,49,extremely liberal,do not attend church,not very,"Racially, I am white. I am a man. I am 49 years old. Ideologically, I am extremely liberal. I do not attend church. I am not very interested in politics. ",Kamala Harris
2,2,1,45,4,2,2,white,woman,45,moderate,do not attend church,somewhat,"Racially, I am white. I am a woman. I am 45 years old. Ideologically, I am moderate. I do not attend church. I am somewhat interested in politics. ",Donald Trump
2,1,1,61,6,1,1,white,man,61,conservative,attend church,very,"Racially, I am white. I am a man. I am 61 years old. Ideologically, I am conservative. I attend church. I am very interested in politics. ",Donald Trump
1,2,1,37,1,2,2,white,woman,37,extremely liberal,do not attend church,somewhat,"Racially, I am white. I am a woman. I am 37 years old. Ideologically, I am extremely liberal. I do not attend church. I am somewhat interested in politics. ",Kamala Harris
2,1,1,64,4,4,2,white,man,64,moderate,do not attend church,not at all,"Racially, I am white. I am a man. I am 64 years old. Ideologically, I am moderate. I do not attend church. I am not at all interested in politics. ",Donald Trump
2,1,3,45,6,2,1,hispanic,man,45,conservative,attend church,somewhat,"Racially, I am hispanic. I am a man. I am 45 years old. Ideologically, I am conservative. I attend church. I am somewhat interested in politics. ",Donald Trump
1,2,1,65,3,2,1,white,woman,65,slightly liberal,attend church,somewhat,"Racially, I am white. I am a woman. I am 65 years old. Ideologically, I am slightly liberal. I attend church. I am somewhat interested in politics. ",Kamala Harris
2,1,1,64,7,1,1,white,man,64,extremely conservative,attend church,very,"Racially, I am white. I am a man. I am 64 years old. Ideologically, I am extremely conservative. I attend church. I am very interested in politics. ",Donald Trump
2,2,1,65,4,2,1,white,woman,65,moderate,attend church,somewhat,"Racially, I am white. I am a woman. I am 65 years old. Ideologically, I am moderate. I attend church. I am somewhat interested in politics. ",Donald Trump
1,2,1,44,4,2,2,white,woman,44,moderate,do not attend church,somewhat,"Racially, I am white. I am a woman. I am 44 years old. Ideologically, I am moderate. I do not attend church. I am somewhat interested in politics. ",Kamala Harris
2,2,1,72,4,2,1,white,woman,72,moderate,attend church,somewhat,"Racially, I am white. I am a woman. I am 72 years old. Ideologically, I am moderate. I attend church. I am somewhat interested in politics. ",Donald Trump
2,1,1,52,4,2,2,white,man,52,moderate,do not attend church,somewhat,"Racially, I am white. I am a man. I am 52 years old. Ideologically, I am moderate. I do not attend church. I am somewhat interested in politics. ",Donald Trump
1,1,4,70,3,2,1,asian,man,70,slightly liberal,attend church,somewhat,"Racially, I am asian. I am a man. I am 70 years old. Ideologically, I am slightly liberal. I attend church. I am somewhat interested in politics. ",Kamala Harris
1,2,1,23,2,2,2,white,woman,23,liberal,do not attend church,somewhat,"Racially, I am white. I am a woman. I am 23 years old. Ideologically, I am liberal. I do not attend church. I am somewhat interested in politics. ",Kamala Harris
2,2,1,73,6,1,1,white,woman,73,conservative,attend church,very,"Racially, I am white. I am a woman. I am 73 years old. Ideologically, I am conservative. I attend church. I am very interested in politics. ",Donald Trump
1,2,1,75,3,2,2,white,woman,75,slightly liberal,do not attend church,somewhat,"Racially, I am white. I am a woman. I am 75 years old. Ideologically, I am slightly liberal. I do not attend church. I am somewhat interested in politics. ",Kamala Harris
2,1,6,63,6,2,1,mixed race,man,63,conservative,attend church,somewhat,"Racially, I am mixed race. I am a man. I am 63 years old. Ideologically, I am conservative. I attend church. I am somewhat interested in politics. ",Donald Trump
2,2,1,52,6,3,2,white,woman,52,conservative,do not attend church,not very,"Racially, I am white. I am a woman. I am 52 years old. Ideologically, I am conservative. I do not attend church. I am not very interested in politics. ",Donald Trump
1,2,1,72,4,2,1,white,woman,72,moderate,attend church,somewhat,"Racially, I am white. I am a woman. I am 72 years old. Ideologically, I am moderate. I attend church. I am somewhat interested in politics. ",Kamala Harris
1,1,1,66,2,1,1,white,man,66,liberal,attend church,very,"Racially, I am white. I am a man. I am 66 years old. Ideologically, I am liberal. I attend church. I am very interested in politics. ",Kamala Harris
1,1,1,70,2,1,2,white,man,70,liberal,do not attend church,very,"Racially, I am white. I am a man. I am 70 years old. Ideologically, I am liberal. I do not attend church. I am very interested in politics. ",Kamala Harris
2,2,1,73,7,2,1,white,woman,73,extremely conservative,attend church,somewhat,"Racially, I am white. I am a woman. I am 73 years old. Ideologically, I am extremely conservative. I attend church. I am somewhat interested in politics. ",Donald Trump
1,2,1,54,4,1,2,white,woman,54,moderate,do not attend church,very,"Racially, I am white. I am a woman. I am 54 years old. Ideologically, I am moderate. I do not attend church. I am very interested in politics. ",Kamala Harris
2,1,1,69,6,2,1,white,man,69,conservative,attend church,somewhat,"Racially, I am white. I am a man. I am 69 years old. Ideologically, I am conservative. I attend church. I am somewhat interested in politics. ",Donald Trump
2,2,1,25,5,2,1,white,woman,25,slightly conservative,attend church,somewhat,"Racially, I am white. I am a woman. I am 25 years old. Ideologically, I am slightly conservative. I attend church. I am somewhat interested in politics. ",Donald Trump
2,2,1,62,4,4,2,white,woman,62,moderate,do not attend church,not at all,"Racially, I am white. I am a woman. I am 62 years old. Ideologically, I am moderate. I do not attend church. I am not at all interested in politics. ",Donald Trump
1,1,1,24,2,1,2,white,man,24,liberal,do not attend church,very,"Racially, I am white. I am a man. I am 24 years old. Ideologically, I am liberal. I do not attend church. I am very interested in politics. ",Kamala Harris
2,1,1,37,6,3,2,white,man,37,conservative,do not attend church,not very,"Racially, I am white. I am a man. I am 37 years old. Ideologically, I am conservative. I do not attend church. I am not very interested in politics. ",Donald Trump
1,1,1,28,2,2,1,white,man,28,liberal,attend church,somewhat,"Racially, I am white. I am a man. I am 28 years old. Ideologically, I am liberal. I attend church. I am somewhat interested in politics. ",Kamala Harris
1,1,6,65,4,1,2,mixed race,man,65,moderate,do not attend church,very,"Racially, I am mixed race. I am a man. I am 65 years old. Ideologically, I am moderate. I do not attend church. I am very interested in politics. ",Kamala Harris
1,2,6,48,4,2,2,mixed race,woman,48,moderate,do not attend church,somewhat,"Racially, I am mixed race. I am a woman. I am 48 years old. Ideologically, I am moderate. I do not attend church. I am somewhat interested in politics. ",Kamala Harris
1,1,1,80,2,1,2,white,man,80,liberal,do not attend church,very,"Racially, I am white. I am a man. I am 80 years old. Ideologically, I am liberal. I do not attend church. I am very interested in politics. ",Kamala Harris
2,1,1,32,5,2,1,white,man,32,slightly conservative,attend church,somewhat,"Racially, I am white. I am a man. I am 32 years old. Ideologically, I am slightly conservative. I attend church. I am somewhat interested in politics. ",Donald Trump
2,1,1,80,6,2,2,white,man,80,conservative,do not attend church,somewhat,"Racially, I am white. I am a man. I am 80 years old. Ideologically, I am conservative. I do not attend church. I am somewhat interested in politics. ",Donald Trump
2,2,1,20,5,3,1,white,woman,20,slightly conservative,attend church,not very,"Racially, I am white. I am a woman. I am 20 years old. Ideologically, I am slightly conservative. I attend church. I am not very interested in politics. ",Donald Trump
2,2,1,31,6,2,1,white,woman,31,conservative,attend church,somewhat,"Racially, I am white. I am a woman. I am 31 years old. Ideologically, I am conservative. I attend church. I am somewhat interested in politics. ",Donald Trump
1,2,1,40,1,3,2,white,woman,40,extremely liberal,do not attend church,not very,"Racially, I am white. I am a woman. I am 40 years old. Ideologically, I am extremely liberal. I do not attend church. I am not very interested in politics. ",Kamala Harris
2,2,1,66,6,2,1,white,woman,66,conservative,attend church,somewhat,"Racially, I am white. I am a woman. I am 66 years old. Ideologically, I am conservative. I attend church. I am somewhat interested in politics. ",Donald Trump
1,2,1,75,1,1,1,white,woman,75,extremely liberal,attend church,very,"Racially, I am white. I am a woman. I am 75 years old. Ideologically, I am extremely liberal. I attend church. I am very interested in politics. ",Kamala Harris
2,1,1,68,5,2,2,white,man,68,slightly conservative,do not attend church,somewhat,"Racially, I am white. I am a man. I am 68 years old. Ideologically, I am slightly conservative. I do not attend church. I am somewhat interested in politics. ",Donald Trump
1,1,1,39,3,2,1,white,man,39,slightly liberal,attend church,somewhat,"Racially, I am white. I am a man. I am 39 years old. Ideologically, I am slightly liberal. I attend church. I am somewhat interested in politics. ",Kamala Harris
2,1,3,18,5,2,1,hispanic,man,18,slightly conservative,attend church,somewhat,"Racially, I am hispanic. I am a man. I am 18 years old. Ideologically, I am slightly conservative. I attend church. I am somewhat interested in politics. ",Donald Trump
1,2,1,47,2,2,2,white,woman,47,liberal,do not attend church,somewhat,"Racially, I am white. I am a woman. I am 47 years old. Ideologically, I am liberal. I do not attend church. I am somewhat interested in politics. ",Kamala Harris
1,2,4,45,4,2,2,asian,woman,45,moderate,do not attend church,somewhat,"Racially, I am asian. I am a woman. I am 45 years old. Ideologically, I am moderate. I do not attend church. I am somewhat interested in politics. ",Kamala Harris
1,2,1,41,2,2,2,white,woman,41,liberal,do not attend church,somewhat,"Racially, I am white. I am a woman. I am 41 years old. Ideologically, I am liberal. I do not attend church. I am somewhat interested in politics. ",Kamala Harris
1,2,1,59,2,2,2,white,woman,59,liberal,do not attend church,somewhat,"Racially, I am white. I am a woman. I am 59 years old. Ideologically, I am liberal. I do not attend church. I am somewhat interested in politics. ",Kamala Harris
2,2,6,34,5,3,2,mixed race,woman,34,slightly conservative,do not attend church,not very,"Racially, I am mixed race. I am a woman. I am 34 years old. Ideologically, I am slightly conservative. I do not attend church. I am not very interested in politics. ",Donald Trump
1,2,1,59,2,1,2,white,woman,59,liberal,do not attend church,very,"Racially, I am white. I am a woman. I am 59 years old. Ideologically, I am liberal. I do not attend church. I am very interested in politics. ",Kamala Harris
2,2,1,50,6,1,1,white,woman,50,conservative,attend church,very,"Racially, I am white. I am a woman. I am 50 years old. Ideologically, I am conservative. I attend church. I am very interested in politics. ",Donald Trump
2,1,1,38,4,1,1,white,man,38,moderate,attend church,very,"Racially, I am white. I am a man. I am 38 years old. Ideologically, I am moderate. I attend church. I am very interested in politics. ",Donald Trump
1,2,2,52,3,3,2,black,woman,52,slightly liberal,do not attend church,not very,"Racially, I am black. I am a woman. I am 52 years old. Ideologically, I am slightly liberal. I do not attend church. I am not very interested in politics. ",Kamala Harris
1,2,1,75,3,1,1,white,woman,75,slightly liberal,attend church,very,"Racially, I am white. I am a woman. I am 75 years old. Ideologically, I am slightly liberal. I attend church. I am very interested in politics. ",Kamala Harris
2,2,1,63,6,3,1,white,woman,63,conservative,attend church,not very,"Racially, I am white. I am a woman. I am 63 years old. Ideologically, I am conservative. I attend church. I am not very interested in politics. ",Donald Trump
2,2,1,40,6,2,1,white,woman,40,conservative,attend church,somewhat,"Racially, I am white. I am a woman. I am 40 years old. Ideologically, I am conservative. I attend church. I am somewhat interested in politics. ",Donald Trump
2,1,1,80,5,1,2,white,man,80,slightly conservative,do not attend church,very,"Racially, I am white. I am a man. I am 80 years old. Ideologically, I am slightly conservative. I do not attend church. I am very interested in politics. ",Donald Trump
1,1,3,80,5,3,2,hispanic,man,80,slightly conservative,do not attend church,not very,"Racially, I am hispanic. I am a man. I am 80 years old. Ideologically, I am slightly conservative. I do not attend church. I am not very interested in politics. ",Kamala Harris
1,1,1,64,4,2,1,white,man,64,moderate,attend church,somewhat,"Racially, I am white. I am a man. I am 64 years old. Ideologically, I am moderate. I attend church. I am somewhat interested in politics. ",Kamala Harris
1,1,1,49,3,3,1,white,man,49,slightly liberal,attend church,not very,"Racially, I am white. I am a man. I am 49 years old. Ideologically, I am slightly liberal. I attend church. I am not very interested in politics. ",Kamala Harris
2,2,1,29,6,4,1,white,woman,29,conservative,attend church,not at all,"Racially, I am white. I am a woman. I am 29 years old. Ideologically, I am conservative. I attend church. I am not at all interested in politics. ",Donald Trump
1,1,2,46,4,3,1,black,man,46,moderate,attend church,not very,"Racially, I am black. I am a man. I am 46 years old. Ideologically, I am moderate. I attend church. I am not very interested in politics. ",Kamala Harris
1,2,1,40,2,2,1,white,woman,40,liberal,attend church,somewhat,"Racially, I am white. I am a woman. I am 40 years old. Ideologically, I am liberal. I attend church. I am somewhat interested in politics. ",Kamala Harris
1,2,1,70,2,1,2,white,woman,70,liberal,do not attend church,very,"Racially, I am white. I am a woman. I am 70 years old. Ideologically, I am liberal. I do not attend church. I am very interested in politics. ",Kamala Harris
2,2,6,29,4,2,2,mixed race,woman,29,moderate,do not attend church,somewhat,"Racially, I am mixed race. I am a woman. I am 29 years old. Ideologically, I am moderate. I do not attend church. I am somewhat interested in politics. ",Donald Trump
2,1,1,52,6,2,2,white,man,52,conservative,do not attend church,somewhat,"Racially, I am white. I am a man. I am 52 years old. Ideologically, I am conservative. I do not attend church. I am somewhat interested in politics. ",Donald Trump
2,1,1,32,6,2,1,white,man,32,conservative,attend church,somewhat,"Racially, I am white. I am a man. I am 32 years old. Ideologically, I am conservative. I attend church. I am somewhat interested in politics. ",Donald Trump
1,1,4,65,3,1,2,asian,man,65,slightly liberal,do not attend church,very,"Racially, I am asian. I am a man. I am 65 years old. Ideologically, I am slightly liberal. I do not attend church. I am very interested in politics. ",Kamala Harris
1,1,1,54,3,2,1,white,man,54,slightly liberal,attend church,somewhat,"Racially, I am white. I am a man. I am 54 years old. Ideologically, I am slightly liberal. I attend church. I am somewhat interested in politics. ",Kamala Harris
1,2,1,80,1,4,2,white,woman,80,extremely liberal,do not attend church,not at all,"Racially, I am white. I am a woman. I am 80 years old. Ideologically, I am extremely liberal. I do not attend church. I am not at all interested in politics. ",Kamala Harris
2,2,1,40,6,3,1,white,woman,40,conservative,attend church,not very,"Racially, I am white. I am a woman. I am 40 years old. Ideologically, I am conservative. I attend church. I am not very interested in politics. ",Donald Trump
2,2,1,71,6,2,2,white,woman,71,conservative,do not attend church,somewhat,"Racially, I am white. I am a woman. I am 71 years old. Ideologically, I am conservative. I do not attend church. I am somewhat interested in politics. ",Donald Trump
1,2,1,63,4,2,2,white,woman,63,moderate,do not attend church,somewhat,"Racially, I am white. I am a woman. I am 63 years old. Ideologically, I am moderate. I do not attend church. I am somewhat interested in politics. ",Kamala Harris
2,2,1,46,5,2,1,white,woman,46,slightly conservative,attend church,somewhat,"Racially, I am white. I am a woman. I am 46 years old. Ideologically, I am slightly conservative. I attend church. I am somewhat interested in politics. ",Donald Trump
2,2,3,55,5,2,2,hispanic,woman,55,slightly conservative,do not attend church,somewhat,"Racially, I am hispanic. I am a woman. I am 55 years old. Ideologically, I am slightly conservative. I do not attend church. I am somewhat interested in politics. ",Donald Trump
1,2,1,70,2,2,1,white,woman,70,liberal,attend church,somewhat,"Racially, I am white. I am a woman. I am 70 years old. Ideologically, I am liberal. I attend church. I am somewhat interested in politics. ",Kamala Harris
2,2,1,77,6,1,2,white,woman,77,conservative,do not attend church,very,"Racially, I am white. I am a woman. I am 77 years old. Ideologically, I am conservative. I do not attend church. I am very interested in politics. ",Donald Trump
1,1,2,49,4,2,1,black,man,49,moderate,attend church,somewhat,"Racially, I am black. I am a man. I am 49 years old. Ideologically, I am moderate. I attend church. I am somewhat interested in politics. ",Kamala Harris
2,2,1,26,2,4,1,white,woman,26,liberal,attend church,not at all,"Racially, I am white. I am a woman. I am 26 years old. Ideologically, I am liberal. I attend church. I am not at all interested in politics. ",Donald Trump
1,1,1,41,4,1,1,white,man,41,moderate,attend church,very,"Racially, I am white. I am a man. I am 41 years old. Ideologically, I am moderate. I attend church. I am very interested in politics. ",Kamala Harris
2,2,1,54,6,2,2,white,woman,54,conservative,do not attend church,somewhat,"Racially, I am white. I am a woman. I am 54 years old. Ideologically, I am conservative. I do not attend church. I am somewhat interested in politics. ",Donald Trump
2,1,1,70,5,2,1,white,man,70,slightly conservative,attend church,somewhat,"Racially, I am white. I am a man. I am 70 years old. Ideologically, I am slightly conservative. I attend church. I am somewhat interested in politics. ",Donald Trump
1,1,1,40,4,2,1,white,man,40,moderate,attend church,somewhat,"Racially, I am white. I am a man. I am 40 years old. Ideologically, I am moderate. I attend church. I am somewhat interested in politics. ",Kamala Harris
2,1,1,68,5,2,2,white,man,68,slightly conservative,do not attend church,somewhat,"Racially, I am white. I am a man. I am 68 years old. Ideologically, I am slightly conservative. I do not attend church. I am somewhat interested in politics. ",Donald Trump
1,2,3,33,3,2,2,hispanic,woman,33,slightly liberal,do not attend church,somewhat,"Racially, I am hispanic. I am a woman. I am 33 years old. Ideologically, I am slightly liberal. I do not attend church. I am somewhat interested in politics. ",Kamala Harris
1,2,6,80,2,3,2,mixed race,woman,80,liberal,do not attend church,not very,"Racially, I am mixed race. I am a woman. I am 80 years old. Ideologically, I am liberal. I do not attend church. I am not very interested in politics. ",Kamala Harris
2,2,1,78,6,3,1,white,woman,78,conservative,attend church,not very,"Racially, I am white. I am a woman. I am 78 years old. Ideologically, I am conservative. I attend church. I am not very interested in politics. ",Donald Trump
2,2,1,56,7,2,1,white,woman,56,extremely conservative,attend church,somewhat,"Racially, I am white. I am a woman. I am 56 years old. Ideologically, I am extremely conservative. I attend church. I am somewhat interested in politics. ",Donald Trump
2,1,6,63,4,2,2,mixed race,man,63,moderate,do not attend church,somewhat,"Racially, I am mixed race. I am a man. I am 63 years old. Ideologically, I am moderate. I do not attend church. I am somewhat interested in politics. ",Donald Trump
2,2,3,62,5,1,2,hispanic,woman,62,slightly conservative,do not attend church,very,"Racially, I am hispanic. I am a woman. I am 62 years old. Ideologically, I am slightly conservative. I do not attend church. I am very interested in politics. ",Donald Trump
1,1,1,80,4,3,2,white,man,80,moderate,do not attend church,not very,"Racially, I am white. I am a man. I am 80 years old. Ideologically, I am moderate. I do not attend church. I am not very interested in politics. ",Kamala Harris
1,1,1,75,4,2,2,white,man,75,moderate,do not attend church,somewhat,"Racially, I am white. I am a man. I am 75 years old. Ideologically, I am moderate. I do not attend church. I am somewhat interested in politics. ",Kamala Harris
1,1,1,46,4,2,2,white,man,46,moderate,do not attend church,somewhat,"Racially, I am white. I am a man. I am 46 years old. Ideologically, I am moderate. I do not attend church. I am somewhat interested in politics. ",Kamala Harris
1,2,1,35,3,2,2,white,woman,35,slightly liberal,do not attend church,somewhat,"Racially, I am white. I am a woman. I am 35 years old. Ideologically, I am slightly liberal. I do not attend church. I am somewhat interested in politics. ",Kamala Harris
1,1,6,35,6,2,2,mixed race,man,35,conservative,do not attend church,somewhat,"Racially, I am mixed race. I am a man. I am 35 years old. Ideologically, I am conservative. I do not attend church. I am somewhat interested in politics. ",Kamala Harris
2,1,1,33,4,3,2,white,man,33,moderate,do not attend church,not very,"Racially, I am white. I am a man. I am 33 years old. Ideologically, I am moderate. I do not attend church. I am not very interested in politics. ",Donald Trump
2,2,1,41,6,3,1,white,woman,41,conservative,attend church,not very,"Racially, I am white. I am a woman. I am 41 years old. Ideologically, I am conservative. I attend church. I am not very interested in politics. ",Donald Trump
1,1,1,71,4,1,1,white,man,71,moderate,attend church,very,"Racially, I am white. I am a man. I am 71 years old. Ideologically, I am moderate. I attend church. I am very interested in politics. ",Kamala Harris
1,2,1,66,2,1,1,white,woman,66,liberal,attend church,very,"Racially, I am white. I am a woman. I am 66 years old. Ideologically, I am liberal. I attend church. I am very interested in politics. ",Kamala Harris
2,1,1,80,4,3,2,white,man,80,moderate,do not attend church,not very,"Racially, I am white. I am a man. I am 80 years old. Ideologically, I am moderate. I do not attend church. I am not very interested in politics. ",Donald Trump
2,1,1,80,7,2,1,white,man,80,extremely conservative,attend church,somewhat,"Racially, I am white. I am a man. I am 80 years old. Ideologically, I am extremely conservative. I attend church. I am somewhat interested in politics. ",Donald Trump
2,2,3,43,2,2,1,hispanic,woman,43,liberal,attend church,somewhat,"Racially, I am hispanic. I am a woman. I am 43 years old. Ideologically, I am liberal. I attend church. I am somewhat interested in politics. ",Donald Trump
1,2,1,45,2,1,2,white,woman,45,liberal,do not attend church,very,"Racially, I am white. I am a woman. I am 45 years old. Ideologically, I am liberal. I do not attend church. I am very interested in politics. ",Kamala Harris
1,1,1,38,2,1,2,white,man,38,liberal,do not attend church,very,"Racially, I am white. I am a man. I am 38 years old. Ideologically, I am liberal. I do not attend church. I am very interested in politics. ",Kamala Harris
2,2,1,40,5,4,1,white,woman,40,slightly conservative,attend church,not at all,"Racially, I am white. I am a woman. I am 40 years old. Ideologically, I am slightly conservative. I attend church. I am not at all interested in politics. ",Donald Trump
2,1,1,77,5,2,1,white,man,77,slightly conservative,attend church,somewhat,"Racially, I am white. I am a man. I am 77 years old. Ideologically, I am slightly conservative. I attend church. I am somewhat interested in politics. ",Donald Trump
1,2,3,38,3,3,2,hispanic,woman,38,slightly liberal,do not attend church,not very,"Racially, I am hispanic. I am a woman. I am 38 years old. Ideologically, I am slightly liberal. I do not attend church. I am not very interested in politics. ",Kamala Harris
1,2,1,69,2,1,1,white,woman,69,liberal,attend church,very,"Racially, I am white. I am a woman. I am 69 years old. Ideologically, I am liberal. I attend church. I am very interested in politics. ",Kamala Harris
1,2,1,78,3,2,2,white,woman,78,slightly liberal,do not attend church,somewhat,"Racially, I am white. I am a woman. I am 78 years old. Ideologically, I am slightly liberal. I do not attend church. I am somewhat interested in politics. ",Kamala Harris
2,1,1,67,6,2,2,white,man,67,conservative,do not attend church,somewhat,"Racially, I am white. I am a man. I am 67 years old. Ideologically, I am conservative. I do not attend church. I am somewhat interested in politics. ",Donald Trump
1,2,1,77,4,2,1,white,woman,77,moderate,attend church,somewhat,"Racially, I am white. I am a woman. I am 77 years old. Ideologically, I am moderate. I attend church. I am somewhat interested in politics. ",Kamala Harris
1,2,2,80,3,2,1,black,woman,80,slightly liberal,attend church,somewhat,"Racially, I am black. I am a woman. I am 80 years old. Ideologically, I am slightly liberal. I attend church. I am somewhat interested in politics. ",Kamala Harris
2,2,4,46,6,1,1,asian,woman,46,conservative,attend church,very,"Racially, I am asian. I am a woman. I am 46 years old. Ideologically, I am conservative. I attend church. I am very interested in politics. ",Donald Trump
1,1,1,68,2,2,1,white,man,68,liberal,attend church,somewhat,"Racially, I am white. I am a man. I am 68 years old. Ideologically, I am liberal. I attend church. I am somewhat interested in politics. ",Kamala Harris
1,2,1,72,2,2,2,white,woman,72,liberal,do not attend church,somewhat,"Racially, I am white. I am a woman. I am 72 years old. Ideologically, I am liberal. I do not attend church. I am somewhat interested in politics. ",Kamala Harris
2,1,1,80,6,1,2,white,man,80,conservative,do not attend church,very,"Racially, I am white. I am a man. I am 80 years old. Ideologically, I am conservative. I do not attend church. I am very interested in politics. ",Donald Trump
1,1,1,22,2,2,1,white,man,22,liberal,attend church,somewhat,"Racially, I am white. I am a man. I am 22 years old. Ideologically, I am liberal. I attend church. I am somewhat interested in politics. ",Kamala Harris
2,2,1,75,6,1,1,white,woman,75,conservative,attend church,very,"Racially, I am white. I am a woman. I am 75 years old. Ideologically, I am conservative. I attend church. I am very interested in politics. ",Donald Trump
1,2,1,50,2,1,2,white,woman,50,liberal,do not attend church,very,"Racially, I am white. I am a woman. I am 50 years old. Ideologically, I am liberal. I do not attend church. I am very interested in politics. ",Kamala Harris
2,1,1,55,6,1,2,white,man,55,conservative,do not attend church,very,"Racially, I am white. I am a man. I am 55 years old. Ideologically, I am conservative. I do not attend church. I am very interested in politics. ",Donald Trump
1,1,3,50,3,2,1,hispanic,man,50,slightly liberal,attend church,somewhat,"Racially, I am hispanic. I am a man. I am 50 years old. Ideologically, I am slightly liberal. I attend church. I am somewhat interested in politics. ",Kamala Harris
1,1,1,72,4,2,1,white,man,72,moderate,attend church,somewhat,"Racially, I am white. I am a man. I am 72 years old. Ideologically, I am moderate. I attend church. I am somewhat interested in politics. ",Kamala Harris
2,1,1,39,6,1,1,white,man,39,conservative,attend church,very,"Racially, I am white. I am a man. I am 39 years old. Ideologically, I am conservative. I attend church. I am very interested in politics. ",Donald Trump
1,1,2,28,1,1,2,black,man,28,extremely liberal,do not attend church,very,"Racially, I am black. I am a man. I am 28 years old. Ideologically, I am extremely liberal. I do not attend church. I am very interested in politics. ",Kamala Harris
2,1,1,50,5,2,1,white,man,50,slightly conservative,attend church,somewhat,"Racially, I am white. I am a man. I am 50 years old. Ideologically, I am slightly conservative. I attend church. I am somewhat interested in politics. ",Donald Trump
1,1,1,46,3,2,2,white,man,46,slightly liberal,do not attend church,somewhat,"Racially, I am white. I am a man. I am 46 years old. Ideologically, I am slightly liberal. I do not attend church. I am somewhat interested in politics. ",Kamala Harris
1,2,1,75,4,1,1,white,woman,75,moderate,attend church,very,"Racially, I am white. I am a woman. I am 75 years old. Ideologically, I am moderate. I attend church. I am very interested in politics. ",Kamala Harris
2,2,1,44,4,1,2,white,woman,44,moderate,do not attend church,very,"Racially, I am white. I am a woman. I am 44 years old. Ideologically, I am moderate. I do not attend church. I am very interested in politics. ",Donald Trump
1,1,1,34,2,1,2,white,man,34,liberal,do not attend church,very,"Racially, I am white. I am a man. I am 34 years old. Ideologically, I am liberal. I do not attend church. I am very interested in politics. ",Kamala Harris
2,1,1,47,7,1,2,white,man,47,extremely conservative,do not attend church,very,"Racially, I am white. I am a man. I am 47 years old. Ideologically, I am extremely conservative. I do not attend church. I am very interested in politics. ",Donald Trump
1,2,1,72,2,2,2,white,woman,72,liberal,do not attend church,somewhat,"Racially, I am white. I am a woman. I am 72 years old. Ideologically, I am liberal. I do not attend church. I am somewhat interested in politics. ",Kamala Harris
2,2,1,47,5,2,1,white,woman,47,slightly conservative,attend church,somewhat,"Racially, I am white. I am a woman. I am 47 years old. Ideologically, I am slightly conservative. I attend church. I am somewhat interested in politics. ",Donald Trump
1,2,3,54,3,2,1,hispanic,woman,54,slightly liberal,attend church,somewhat,"Racially, I am hispanic. I am a woman. I am 54 years old. Ideologically, I am slightly liberal. I attend church. I am somewhat interested in politics. ",Kamala Harris
2,1,1,52,5,2,2,white,man,52,slightly conservative,do not attend church,somewhat,"Racially, I am white. I am a man. I am 52 years old. Ideologically, I am slightly conservative. I do not attend church. I am somewhat interested in politics. ",Donald Trump
1,1,1,59,3,3,2,white,man,59,slightly liberal,do not attend church,not very,"Racially, I am white. I am a man. I am 59 years old. Ideologically, I am slightly liberal. I do not attend church. I am not very interested in politics. ",Kamala Harris
1,2,1,43,3,2,2,white,woman,43,slightly liberal,do not attend church,somewhat,"Racially, I am white. I am a woman. I am 43 years old. Ideologically, I am slightly liberal. I do not attend church. I am somewhat interested in politics. ",Kamala Harris
2,1,1,58,7,3,1,white,man,58,extremely conservative,attend church,not very,"Racially, I am white. I am a man. I am 58 years old. Ideologically, I am extremely conservative. I attend church. I am not very interested in politics. ",Donald Trump
1,1,3,44,3,1,2,hispanic,man,44,slightly liberal,do not attend church,very,"Racially, I am hispanic. I am a man. I am 44 years old. Ideologically, I am slightly liberal. I do not attend church. I am very interested in politics. ",Kamala Harris
1,2,1,26,2,2,2,white,woman,26,liberal,do not attend church,somewhat,"Racially, I am white. I am a woman. I am 26 years old. Ideologically, I am liberal. I do not attend church. I am somewhat interested in politics. ",Kamala Harris
1,1,1,38,3,3,2,white,man,38,slightly liberal,do not attend church,not very,"Racially, I am white. I am a man. I am 38 years old. Ideologically, I am slightly liberal. I do not attend church. I am not very interested in politics. ",Kamala Harris
1,2,1,43,2,3,1,white,woman,43,liberal,attend church,not very,"Racially, I am white. I am a woman. I am 43 years old. Ideologically, I am liberal. I attend church. I am not very interested in politics. ",Kamala Harris
1,2,3,64,4,2,1,hispanic,woman,64,moderate,attend church,somewhat,"Racially, I am hispanic. I am a woman. I am 64 years old. Ideologically, I am moderate. I attend church. I am somewhat interested in politics. ",Kamala Harris
1,2,3,40,4,3,1,hispanic,woman,40,moderate,attend church,not very,"Racially, I am hispanic. I am a woman. I am 40 years old. Ideologically, I am moderate. I attend church. I am not very interested in politics. ",Kamala Harris
2,1,1,66,4,1,1,white,man,66,moderate,attend church,very,"Racially, I am white. I am a man. I am 66 years old. Ideologically, I am moderate. I attend church. I am very interested in politics. ",Donald Trump
1,2,1,70,4,2,1,white,woman,70,moderate,attend church,somewhat,"Racially, I am white. I am a woman. I am 70 years old. Ideologically, I am moderate. I attend church. I am somewhat interested in politics. ",Kamala Harris
1,2,1,47,2,3,2,white,woman,47,liberal,do not attend church,not very,"Racially, I am white. I am a woman. I am 47 years old. Ideologically, I am liberal. I do not attend church. I am not very interested in politics. ",Kamala Harris
1,2,1,43,1,1,2,white,woman,43,extremely liberal,do not attend church,very,"Racially, I am white. I am a woman. I am 43 years old. Ideologically, I am extremely liberal. I do not attend church. I am very interested in politics. ",Kamala Harris
1,2,1,62,2,2,2,white,woman,62,liberal,do not attend church,somewhat,"Racially, I am white. I am a woman. I am 62 years old. Ideologically, I am liberal. I do not attend church. I am somewhat interested in politics. ",Kamala Harris
1,1,1,74,3,1,1,white,man,74,slightly liberal,attend church,very,"Racially, I am white. I am a man. I am 74 years old. Ideologically, I am slightly liberal. I attend church. I am very interested in politics. ",Kamala Harris
2,1,1,80,6,2,1,white,man,80,conservative,attend church,somewhat,"Racially, I am white. I am a man. I am 80 years old. Ideologically, I am conservative. I attend church. I am somewhat interested in politics. ",Donald Trump
1,2,1,39,3,2,1,white,woman,39,slightly liberal,attend church,somewhat,"Racially, I am white. I am a woman. I am 39 years old. Ideologically, I am slightly liberal. I attend church. I am somewhat interested in politics. ",Kamala Harris
1,2,3,42,4,2,2,hispanic,woman,42,moderate,do not attend church,somewhat,"Racially, I am hispanic. I am a woman. I am 42 years old. Ideologically, I am moderate. I do not attend church. I am somewhat interested in politics. ",Kamala Harris
1,2,1,55,2,1,1,white,woman,55,liberal,attend church,very,"Racially, I am white. I am a woman. I am 55 years old. Ideologically, I am liberal. I attend church. I am very interested in politics. ",Kamala Harris
1,2,1,37,1,2,2,white,woman,37,extremely liberal,do not attend church,somewhat,"Racially, I am white. I am a woman. I am 37 years old. Ideologically, I am extremely liberal. I do not attend church. I am somewhat interested in politics. ",Kamala Harris
1,2,1,49,1,1,2,white,woman,49,extremely liberal,do not attend church,very,"Racially, I am white. I am a woman. I am 49 years old. Ideologically, I am extremely liberal. I do not attend church. I am very interested in politics. ",Kamala Harris
1,2,1,72,4,2,2,white,woman,72,moderate,do not attend church,somewhat,"Racially, I am white. I am a woman. I am 72 years old. Ideologically, I am moderate. I do not attend church. I am somewhat interested in politics. ",Kamala Harris
2,1,1,62,6,2,2,white,man,62,conservative,do not attend church,somewhat,"Racially, I am white. I am a man. I am 62 years old. Ideologically, I am conservative. I do not attend church. I am somewhat interested in politics. ",Donald Trump
1,1,2,32,4,3,1,black,man,32,moderate,attend church,not very,"Racially, I am black. I am a man. I am 32 years old. Ideologically, I am moderate. I attend church. I am not very interested in politics. ",Kamala Harris
1,2,1,65,4,2,2,white,woman,65,moderate,do not attend church,somewhat,"Racially, I am white. I am a woman. I am 65 years old. Ideologically, I am moderate. I do not attend church. I am somewhat interested in politics. ",Kamala Harris
2,2,1,72,6,3,1,white,woman,72,conservative,attend church,not very,"Racially, I am white. I am a woman. I am 72 years old. Ideologically, I am conservative. I attend church. I am not very interested in politics. ",Donald Trump
1,2,1,53,4,4,2,white,woman,53,moderate,do not attend church,not at all,"Racially, I am white. I am a woman. I am 53 years old. Ideologically, I am moderate. I do not attend church. I am not at all interested in politics. ",Kamala Harris
2,2,1,71,6,1,1,white,woman,71,conservative,attend church,very,"Racially, I am white. I am a woman. I am 71 years old. Ideologically, I am conservative. I attend church. I am very interested in politics. ",Donald Trump
1,1,1,78,2,1,1,white,man,78,liberal,attend church,very,"Racially, I am white. I am a man. I am 78 years old. Ideologically, I am liberal. I attend church. I am very interested in politics. ",Kamala Harris
2,2,1,58,5,2,1,white,woman,58,slightly conservative,attend church,somewhat,"Racially, I am white. I am a woman. I am 58 years old. Ideologically, I am slightly conservative. I attend church. I am somewhat interested in politics. ",Donald Trump
1,2,1,70,4,3,2,white,woman,70,moderate,do not attend church,not very,"Racially, I am white. I am a woman. I am 70 years old. Ideologically, I am moderate. I do not attend church. I am not very interested in politics. ",Kamala Harris
2,1,1,26,7,2,2,white,man,26,extremely conservative,do not attend church,somewhat,"Racially, I am white. I am a man. I am 26 years old. Ideologically, I am extremely conservative. I do not attend church. I am somewhat interested in politics. ",Donald Trump
1,2,1,54,3,1,1,white,woman,54,slightly liberal,attend church,very,"Racially, I am white. I am a woman. I am 54 years old. Ideologically, I am slightly liberal. I attend church. I am very interested in politics. ",Kamala Harris
1,1,6,36,4,3,2,mixed race,man,36,moderate,do not attend church,not very,"Racially, I am mixed race. I am a man. I am 36 years old. Ideologically, I am moderate. I do not attend church. I am not very interested in politics. ",Kamala Harris
1,2,1,53,2,1,1,white,woman,53,liberal,attend church,very,"Racially, I am white. I am a woman. I am 53 years old. Ideologically, I am liberal. I attend church. I am very interested in politics. ",Kamala Harris
2,1,3,25,6,2,2,hispanic,man,25,conservative,do not attend church,somewhat,"Racially, I am hispanic. I am a man. I am 25 years old. Ideologically, I am conservative. I do not attend church. I am somewhat interested in politics. ",Donald Trump
2,2,1,32,6,1,2,white,woman,32,conservative,do not attend church,very,"Racially, I am white. I am a woman. I am 32 years old. Ideologically, I am conservative. I do not attend church. I am very interested in politics. ",Donald Trump
2,1,1,34,6,2,1,white,man,34,conservative,attend church,somewhat,"Racially, I am white. I am a man. I am 34 years old. Ideologically, I am conservative. I attend church. I am somewhat interested in politics. ",Donald Trump
2,1,1,78,6,2,1,white,man,78,conservative,attend church,somewhat,"Racially, I am white. I am a man. I am 78 years old. Ideologically, I am conservative. I attend church. I am somewhat interested in politics. ",Donald Trump
1,2,3,65,5,3,2,hispanic,woman,65,slightly conservative,do not attend church,not very,"Racially, I am hispanic. I am a woman. I am 65 years old. Ideologically, I am slightly conservative. I do not attend church. I am not very interested in politics. ",Kamala Harris
2,2,1,75,7,1,1,white,woman,75,extremely conservative,attend church,very,"Racially, I am white. I am a woman. I am 75 years old. Ideologically, I am extremely conservative. I attend church. I am very interested in politics. ",Donald Trump
2,2,1,58,6,3,1,white,woman,58,conservative,attend church,not very,"Racially, I am white. I am a woman. I am 58 years old. Ideologically, I am conservative. I attend church. I am not very interested in politics. ",Donald Trump
2,2,4,37,3,2,2,asian,woman,37,slightly liberal,do not attend church,somewhat,"Racially, I am asian. I am a woman. I am 37 years old. Ideologically, I am slightly liberal. I do not attend church. I am somewhat interested in politics. ",Donald Trump
1,1,1,39,2,2,2,white,man,39,liberal,do not attend church,somewhat,"Racially, I am white. I am a man. I am 39 years old. Ideologically, I am liberal. I do not attend church. I am somewhat interested in politics. ",Kamala Harris
1,2,2,38,4,3,1,black,woman,38,moderate,attend church,not very,"Racially, I am black. I am a woman. I am 38 years old. Ideologically, I am moderate. I attend church. I am not very interested in politics. ",Kamala Harris
1,2,1,61,3,2,1,white,woman,61,slightly liberal,attend church,somewhat,"Racially, I am white. I am a woman. I am 61 years old. Ideologically, I am slightly liberal. I attend church. I am somewhat interested in politics. ",Kamala Harris
2,1,1,69,6,1,1,white,man,69,conservative,attend church,very,"Racially, I am white. I am a man. I am 69 years old. Ideologically, I am conservative. I attend church. I am very interested in politics. ",Donald Trump
2,1,1,80,6,2,2,white,man,80,conservative,do not attend church,somewhat,"Racially, I am white. I am a man. I am 80 years old. Ideologically, I am conservative. I do not attend church. I am somewhat interested in politics. ",Donald Trump
2,2,1,71,7,1,1,white,woman,71,extremely conservative,attend church,very,"Racially, I am white. I am a woman. I am 71 years old. Ideologically, I am extremely conservative. I attend church. I am very interested in politics. ",Donald Trump
1,1,1,66,4,1,2,white,man,66,moderate,do not attend church,very,"Racially, I am white. I am a man. I am 66 years old. Ideologically, I am moderate. I do not attend church. I am very interested in politics. ",Kamala Harris
2,2,1,42,7,2,1,white,woman,42,extremely conservative,attend church,somewhat,"Racially, I am white. I am a woman. I am 42 years old. Ideologically, I am extremely conservative. I attend church. I am somewhat interested in politics. ",Donald Trump
1,2,2,67,2,2,2,black,woman,67,liberal,do not attend church,somewhat,"Racially, I am black. I am a woman. I am 67 years old. Ideologically, I am liberal. I do not attend church. I am somewhat interested in politics. ",Kamala Harris
1,2,1,79,2,1,2,white,woman,79,liberal,do not attend church,very,"Racially, I am white. I am a woman. I am 79 years old. Ideologically, I am liberal. I do not attend church. I am very interested in politics. ",Kamala Harris
2,1,1,40,5,2,1,white,man,40,slightly conservative,attend church,somewhat,"Racially, I am white. I am a man. I am 40 years old. Ideologically, I am slightly conservative. I attend church. I am somewhat interested in politics. ",Donald Trump
2,1,1,31,4,4,2,white,man,31,moderate,do not attend church,not at all,"Racially, I am white. I am a man. I am 31 years old. Ideologically, I am moderate. I do not attend church. I am not at all interested in politics. ",Donald Trump
2,1,1,39,6,2,2,white,man,39,conservative,do not attend church,somewhat,"Racially, I am white. I am a man. I am 39 years old. Ideologically, I am conservative. I do not attend church. I am somewhat interested in politics. ",Donald Trump
1,1,1,62,1,1,2,white,man,62,extremely liberal,do not attend church,very,"Racially, I am white. I am a man. I am 62 years old. Ideologically, I am extremely liberal. I do not attend church. I am very interested in politics. ",Kamala Harris
2,2,1,43,7,2,2,white,woman,43,extremely conservative,do not attend church,somewhat,"Racially, I am white. I am a woman. I am 43 years old. Ideologically, I am extremely conservative. I do not attend church. I am somewhat interested in politics. ",Donald Trump
1,1,1,32,4,3,2,white,man,32,moderate,do not attend church,not very,"Racially, I am white. I am a man. I am 32 years old. Ideologically, I am moderate. I do not attend church. I am not very interested in politics. ",Kamala Harris
1,1,1,48,4,1,1,white,man,48,moderate,attend church,very,"Racially, I am white. I am a man. I am 48 years old. Ideologically, I am moderate. I attend church. I am very interested in politics. ",Kamala Harris
2,2,1,77,5,2,2,white,woman,77,slightly conservative,do not attend church,somewhat,"Racially, I am white. I am a woman. I am 77 years old. Ideologically, I am slightly conservative. I do not attend church. I am somewhat interested in politics. ",Donald Trump
1,1,1,69,4,2,2,white,man,69,moderate,do not attend church,somewhat,"Racially, I am white. I am a man. I am 69 years old. Ideologically, I am moderate. I do not attend church. I am somewhat interested in politics. ",Kamala Harris
1,2,1,57,2,2,1,white,woman,57,liberal,attend church,somewhat,"Racially, I am white. I am a woman. I am 57 years old. Ideologically, I am liberal. I attend church. I am somewhat interested in politics. ",Kamala Harris
2,2,1,67,7,3,1,white,woman,67,extremely conservative,attend church,not very,"Racially, I am white. I am a woman. I am 67 years old. Ideologically, I am extremely conservative. I attend church. I am not very interested in politics. ",Donald Trump
1,2,1,76,4,2,2,white,woman,76,moderate,do not attend church,somewhat,"Racially, I am white. I am a woman. I am 76 years old. Ideologically, I am moderate. I do not attend church. I am somewhat interested in politics. ",Kamala Harris
1,2,1,46,2,1,1,white,woman,46,liberal,attend church,very,"Racially, I am white. I am a woman. I am 46 years old. Ideologically, I am liberal. I attend church. I am very interested in politics. ",Kamala Harris
1,2,1,62,5,2,1,white,woman,62,slightly conservative,attend church,somewhat,"Racially, I am white. I am a woman. I am 62 years old. Ideologically, I am slightly conservative. I attend church. I am somewhat interested in politics. ",Kamala Harris
1,1,1,28,1,2,2,white,man,28,extremely liberal,do not attend church,somewhat,"Racially, I am white. I am a man. I am 28 years old. Ideologically, I am extremely liberal. I do not attend church. I am somewhat interested in politics. ",Kamala Harris
1,2,1,63,2,2,2,white,woman,63,liberal,do not attend church,somewhat,"Racially, I am white. I am a woman. I am 63 years old. Ideologically, I am liberal. I do not attend church. I am somewhat interested in politics. ",Kamala Harris
2,2,1,80,4,1,1,white,woman,80,moderate,attend church,very,"Racially, I am white. I am a woman. I am 80 years old. Ideologically, I am moderate. I attend church. I am very interested in politics. ",Donald Trump
1,1,1,27,2,2,2,white,man,27,liberal,do not attend church,somewhat,"Racially, I am white. I am a man. I am 27 years old. Ideologically, I am liberal. I do not attend church. I am somewhat interested in politics. ",Kamala Harris
2,2,1,63,4,2,2,white,woman,63,moderate,do not attend church,somewhat,"Racially, I am white. I am a woman. I am 63 years old. Ideologically, I am moderate. I do not attend church. I am somewhat interested in politics. ",Donald Trump
1,2,3,45,2,2,2,hispanic,woman,45,liberal,do not attend church,somewhat,"Racially, I am hispanic. I am a woman. I am 45 years old. Ideologically, I am liberal. I do not attend church. I am somewhat interested in politics. ",Kamala Harris
2,1,1,57,5,2,1,white,man,57,slightly conservative,attend church,somewhat,"Racially, I am white. I am a man. I am 57 years old. Ideologically, I am slightly conservative. I attend church. I am somewhat interested in politics. ",Donald Trump
2,2,1,45,6,2,1,white,woman,45,conservative,attend church,somewhat,"Racially, I am white. I am a woman. I am 45 years old. Ideologically, I am conservative. I attend church. I am somewhat interested in politics. ",Donald Trump
1,2,1,80,4,1,1,white,woman,80,moderate,attend church,very,"Racially, I am white. I am a woman. I am 80 years old. Ideologically, I am moderate. I attend church. I am very interested in politics. ",Kamala Harris
1,1,4,51,6,2,2,asian,man,51,conservative,do not attend church,somewhat,"Racially, I am asian. I am a man. I am 51 years old. Ideologically, I am conservative. I do not attend church. I am somewhat interested in politics. ",Kamala Harris
1,1,1,61,4,1,1,white,man,61,moderate,attend church,very,"Racially, I am white. I am a man. I am 61 years old. Ideologically, I am moderate. I attend church. I am very interested in politics. ",Kamala Harris
2,1,1,30,6,1,1,white,man,30,conservative,attend church,very,"Racially, I am white. I am a man. I am 30 years old. Ideologically, I am conservative. I attend church. I am very interested in politics. ",Donald Trump
1,1,1,80,4,3,1,white,man,80,moderate,attend church,not very,"Racially, I am white. I am a man. I am 80 years old. Ideologically, I am moderate. I attend church. I am not very interested in politics. ",Kamala Harris
2,1,1,63,6,2,2,white,man,63,conservative,do not attend church,somewhat,"Racially, I am white. I am a man. I am 63 years old. Ideologically, I am conservative. I do not attend church. I am somewhat interested in politics. ",Donald Trump
2,1,1,59,7,2,1,white,man,59,extremely conservative,attend church,somewhat,"Racially, I am white. I am a man. I am 59 years old. Ideologically, I am extremely conservative. I attend church. I am somewhat interested in politics. ",Donald Trump
1,2,3,40,2,2,2,hispanic,woman,40,liberal,do not attend church,somewhat,"Racially, I am hispanic. I am a woman. I am 40 years old. Ideologically, I am liberal. I do not attend church. I am somewhat interested in politics. ",Kamala Harris
2,1,3,53,2,2,1,hispanic,man,53,liberal,attend church,somewhat,"Racially, I am hispanic. I am a man. I am 53 years old. Ideologically, I am liberal. I attend church. I am somewhat interested in politics. ",Donald Trump
1,2,1,71,4,2,1,white,woman,71,moderate,attend church,somewhat,"Racially, I am white. I am a woman. I am 71 years old. Ideologically, I am moderate. I attend church. I am somewhat interested in politics. ",Kamala Harris
1,1,1,64,3,1,2,white,man,64,slightly liberal,do not attend church,very,"Racially, I am white. I am a man. I am 64 years old. Ideologically, I am slightly liberal. I do not attend church. I am very interested in politics. ",Kamala Harris
2,1,1,80,7,1,1,white,man,80,extremely conservative,attend church,very,"Racially, I am white. I am a man. I am 80 years old. Ideologically, I am extremely conservative. I attend church. I am very interested in politics. ",Donald Trump
1,1,1,69,3,1,2,white,man,69,slightly liberal,do not attend church,very,"Racially, I am white. I am a man. I am 69 years old. Ideologically, I am slightly liberal. I do not attend church. I am very interested in politics. ",Kamala Harris
2,1,1,54,5,2,1,white,man,54,slightly conservative,attend church,somewhat,"Racially, I am white. I am a man. I am 54 years old. Ideologically, I am slightly conservative. I attend church. I am somewhat interested in politics. ",Donald Trump
1,2,1,40,1,1,2,white,woman,40,extremely liberal,do not attend church,very,"Racially, I am white. I am a woman. I am 40 years old. Ideologically, I am extremely liberal. I do not attend church. I am very interested in politics. ",Kamala Harris
2,2,1,39,6,1,1,white,woman,39,conservative,attend church,very,"Racially, I am white. I am a woman. I am 39 years old. Ideologically, I am conservative. I attend church. I am very interested in politics. ",Donald Trump
2,2,1,41,6,3,1,white,woman,41,conservative,attend church,not very,"Racially, I am white. I am a woman. I am 41 years old. Ideologically, I am conservative. I attend church. I am not very interested in politics. ",Donald Trump
2,2,1,73,6,2,1,white,woman,73,conservative,attend church,somewhat,"Racially, I am white. I am a woman. I am 73 years old. Ideologically, I am conservative. I attend church. I am somewhat interested in politics. ",Donald Trump
2,1,1,35,6,2,1,white,man,35,conservative,attend church,somewhat,"Racially, I am white. I am a man. I am 35 years old. Ideologically, I am conservative. I attend church. I am somewhat interested in politics. ",Donald Trump
1,1,1,73,3,2,2,white,man,73,slightly liberal,do not attend church,somewhat,"Racially, I am white. I am a man. I am 73 years old. Ideologically, I am slightly liberal. I do not attend church. I am somewhat interested in politics. ",Kamala Harris
2,1,3,32,6,2,1,hispanic,man,32,conservative,attend church,somewhat,"Racially, I am hispanic. I am a man. I am 32 years old. Ideologically, I am conservative. I attend church. I am somewhat interested in politics. ",Donald Trump
2,1,1,60,7,2,2,white,man,60,extremely conservative,do not attend church,somewhat,"Racially, I am white. I am a man. I am 60 years old. Ideologically, I am extremely conservative. I do not attend church. I am somewhat interested in politics. ",Donald Trump
2,2,1,46,4,2,1,white,woman,46,moderate,attend church,somewhat,"Racially, I am white. I am a woman. I am 46 years old. Ideologically, I am moderate. I attend church. I am somewhat interested in politics. ",Donald Trump
2,2,1,59,4,2,1,white,woman,59,moderate,attend church,somewhat,"Racially, I am white. I am a woman. I am 59 years old. Ideologically, I am moderate. I attend church. I am somewhat interested in politics. ",Donald Trump
2,1,1,65,6,2,2,white,man,65,conservative,do not attend church,somewhat,"Racially, I am white. I am a man. I am 65 years old. Ideologically, I am conservative. I do not attend church. I am somewhat interested in politics. ",Donald Trump
1,1,1,38,2,1,2,white,man,38,liberal,do not attend church,very,"Racially, I am white. I am a man. I am 38 years old. Ideologically, I am liberal. I do not attend church. I am very interested in politics. ",Kamala Harris
1,2,1,75,2,1,1,white,woman,75,liberal,attend church,very,"Racially, I am white. I am a woman. I am 75 years old. Ideologically, I am liberal. I attend church. I am very interested in politics. ",Kamala Harris
2,1,1,49,6,2,1,white,man,49,conservative,attend church,somewhat,"Racially, I am white. I am a man. I am 49 years old. Ideologically, I am conservative. I attend church. I am somewhat interested in politics. ",Donald Trump
1,2,1,49,3,3,1,white,woman,49,slightly liberal,attend church,not very,"Racially, I am white. I am a woman. I am 49 years old. Ideologically, I am slightly liberal. I attend church. I am not very interested in politics. ",Kamala Harris
1,1,1,77,4,1,2,white,man,77,moderate,do not attend church,very,"Racially, I am white. I am a man. I am 77 years old. Ideologically, I am moderate. I do not attend church. I am very interested in politics. ",Kamala Harris
1,1,1,75,2,1,1,white,man,75,liberal,attend church,very,"Racially, I am white. I am a man. I am 75 years old. Ideologically, I am liberal. I attend church. I am very interested in politics. ",Kamala Harris
2,1,1,41,5,2,1,white,man,41,slightly conservative,attend church,somewhat,"Racially, I am white. I am a man. I am 41 years old. Ideologically, I am slightly conservative. I attend church. I am somewhat interested in politics. ",Donald Trump
2,2,1,50,5,2,1,white,woman,50,slightly conservative,attend church,somewhat,"Racially, I am white. I am a woman. I am 50 years old. Ideologically, I am slightly conservative. I attend church. I am somewhat interested in politics. ",Donald Trump
1,2,3,42,2,2,2,hispanic,woman,42,liberal,do not attend church,somewhat,"Racially, I am hispanic. I am a woman. I am 42 years old. Ideologically, I am liberal. I do not attend church. I am somewhat interested in politics. ",Kamala Harris
2,1,1,60,6,2,2,white,man,60,conservative,do not attend church,somewhat,"Racially, I am white. I am a man. I am 60 years old. Ideologically, I am conservative. I do not attend church. I am somewhat interested in politics. ",Donald Trump
1,1,3,58,4,1,2,hispanic,man,58,moderate,do not attend church,very,"Racially, I am hispanic. I am a man. I am 58 years old. Ideologically, I am moderate. I do not attend church. I am very interested in politics. ",Kamala Harris
2,2,1,76,6,2,2,white,woman,76,conservative,do not attend church,somewhat,"Racially, I am white. I am a woman. I am 76 years old. Ideologically, I am conservative. I do not attend church. I am somewhat interested in politics. ",Donald Trump
1,1,1,77,2,2,2,white,man,77,liberal,do not attend church,somewhat,"Racially, I am white. I am a man. I am 77 years old. Ideologically, I am liberal. I do not attend church. I am somewhat interested in politics. ",Kamala Harris
1,1,1,80,2,1,2,white,man,80,liberal,do not attend church,very,"Racially, I am white. I am a man. I am 80 years old. Ideologically, I am liberal. I do not attend church. I am very interested in politics. ",Kamala Harris
2,2,4,60,6,2,1,asian,woman,60,conservative,attend church,somewhat,"Racially, I am asian. I am a woman. I am 60 years old. Ideologically, I am conservative. I attend church. I am somewhat interested in politics. ",Donald Trump
2,2,4,55,4,2,1,asian,woman,55,moderate,attend church,somewhat,"Racially, I am asian. I am a woman. I am 55 years old. Ideologically, I am moderate. I attend church. I am somewhat interested in politics. ",Donald Trump
1,1,1,62,6,2,2,white,man,62,conservative,do not attend church,somewhat,"Racially, I am white. I am a man. I am 62 years old. Ideologically, I am conservative. I do not attend church. I am somewhat interested in politics. ",Kamala Harris
2,1,1,40,5,2,2,white,man,40,slightly conservative,do not attend church,somewhat,"Racially, I am white. I am a man. I am 40 years old. Ideologically, I am slightly conservative. I do not attend church. I am somewhat interested in politics. ",Donald Trump
1,2,1,62,4,1,1,white,woman,62,moderate,attend church,very,"Racially, I am white. I am a woman. I am 62 years old. Ideologically, I am moderate. I attend church. I am very interested in politics. ",Kamala Harris
1,1,1,50,2,2,2,white,man,50,liberal,do not attend church,somewhat,"Racially, I am white. I am a man. I am 50 years old. Ideologically, I am liberal. I do not attend church. I am somewhat interested in politics. ",Kamala Harris
1,1,6,76,3,2,1,mixed race,man,76,slightly liberal,attend church,somewhat,"Racially, I am mixed race. I am a man. I am 76 years old. Ideologically, I am slightly liberal. I attend church. I am somewhat interested in politics. ",Kamala Harris
1,2,1,40,4,3,2,white,woman,40,moderate,do not attend church,not very,"Racially, I am white. I am a woman. I am 40 years old. Ideologically, I am moderate. I do not attend church. I am not very interested in politics. ",Kamala Harris
1,2,2,40,2,2,2,black,woman,40,liberal,do not attend church,somewhat,"Racially, I am black. I am a woman. I am 40 years old. Ideologically, I am liberal. I do not attend church. I am somewhat interested in politics. ",Kamala Harris
1,1,1,52,3,3,1,white,man,52,slightly liberal,attend church,not very,"Racially, I am white. I am a man. I am 52 years old. Ideologically, I am slightly liberal. I attend church. I am not very interested in politics. ",Kamala Harris
2,1,1,61,6,1,1,white,man,61,conservative,attend church,very,"Racially, I am white. I am a man. I am 61 years old. Ideologically, I am conservative. I attend church. I am very interested in politics. ",Donald Trump
1,2,1,36,1,1,2,white,woman,36,extremely liberal,do not attend church,very,"Racially, I am white. I am a woman. I am 36 years old. Ideologically, I am extremely liberal. I do not attend church. I am very interested in politics. ",Kamala Harris
1,2,1,66,4,1,2,white,woman,66,moderate,do not attend church,very,"Racially, I am white. I am a woman. I am 66 years old. Ideologically, I am moderate. I do not attend church. I am very interested in politics. ",Kamala Harris
2,1,1,36,6,1,2,white,man,36,conservative,do not attend church,very,"Racially, I am white. I am a man. I am 36 years old. Ideologically, I am conservative. I do not attend church. I am very interested in politics. ",Donald Trump
2,1,1,69,6,3,2,white,man,69,conservative,do not attend church,not very,"Racially, I am white. I am a man. I am 69 years old. Ideologically, I am conservative. I do not attend church. I am not very interested in politics. ",Donald Trump
2,1,1,60,4,2,2,white,man,60,moderate,do not attend church,somewhat,"Racially, I am white. I am a man. I am 60 years old. Ideologically, I am moderate. I do not attend church. I am somewhat interested in politics. ",Donald Trump
2,2,1,47,4,3,2,white,woman,47,moderate,do not attend church,not very,"Racially, I am white. I am a woman. I am 47 years old. Ideologically, I am moderate. I do not attend church. I am not very interested in politics. ",Donald Trump
1,1,1,80,4,2,1,white,man,80,moderate,attend church,somewhat,"Racially, I am white. I am a man. I am 80 years old. Ideologically, I am moderate. I attend church. I am somewhat interested in politics. ",Kamala Harris
1,1,1,55,6,2,2,white,man,55,conservative,do not attend church,somewhat,"Racially, I am white. I am a man. I am 55 years old. Ideologically, I am conservative. I do not attend church. I am somewhat interested in politics. ",Kamala Harris
1,2,1,66,5,2,2,white,woman,66,slightly conservative,do not attend church,somewhat,"Racially, I am white. I am a woman. I am 66 years old. Ideologically, I am slightly conservative. I do not attend church. I am somewhat interested in politics. ",Kamala Harris
1,2,1,79,3,2,2,white,woman,79,slightly liberal,do not attend church,somewhat,"Racially, I am white. I am a woman. I am 79 years old. Ideologically, I am slightly liberal. I do not attend church. I am somewhat interested in politics. ",Kamala Harris
1,1,4,64,2,2,2,asian,man,64,liberal,do not attend church,somewhat,"Racially, I am asian. I am a man. I am 64 years old. Ideologically, I am liberal. I do not attend church. I am somewhat interested in politics. ",Kamala Harris
2,2,1,62,4,1,2,white,woman,62,moderate,do not attend church,very,"Racially, I am white. I am a woman. I am 62 years old. Ideologically, I am moderate. I do not attend church. I am very interested in politics. ",Donald Trump
1,1,1,44,4,4,1,white,man,44,moderate,attend church,not at all,"Racially, I am white. I am a man. I am 44 years old. Ideologically, I am moderate. I attend church. I am not at all interested in politics. ",Kamala Harris
2,2,1,50,7,2,1,white,woman,50,extremely conservative,attend church,somewhat,"Racially, I am white. I am a woman. I am 50 years old. Ideologically, I am extremely conservative. I attend church. I am somewhat interested in politics. ",Donald Trump
1,2,1,64,3,2,1,white,woman,64,slightly liberal,attend church,somewhat,"Racially, I am white. I am a woman. I am 64 years old. Ideologically, I am slightly liberal. I attend church. I am somewhat interested in politics. ",Kamala Harris
1,2,1,51,3,4,2,white,woman,51,slightly liberal,do not attend church,not at all,"Racially, I am white. I am a woman. I am 51 years old. Ideologically, I am slightly liberal. I do not attend church. I am not at all interested in politics. ",Kamala Harris
2,2,1,63,6,2,1,white,woman,63,conservative,attend church,somewhat,"Racially, I am white. I am a woman. I am 63 years old. Ideologically, I am conservative. I attend church. I am somewhat interested in politics. ",Donald Trump
2,1,1,43,3,2,1,white,man,43,slightly liberal,attend church,somewhat,"Racially, I am white. I am a man. I am 43 years old. Ideologically, I am slightly liberal. I attend church. I am somewhat interested in politics. ",Donald Trump
1,2,6,61,4,1,2,mixed race,woman,61,moderate,do not attend church,very,"Racially, I am mixed race. I am a woman. I am 61 years old. Ideologically, I am moderate. I do not attend church. I am very interested in politics. ",Kamala Harris
1,2,1,50,3,1,1,white,woman,50,slightly liberal,attend church,very,"Racially, I am white. I am a woman. I am 50 years old. Ideologically, I am slightly liberal. I attend church. I am very interested in politics. ",Kamala Harris
2,2,1,73,6,2,1,white,woman,73,conservative,attend church,somewhat,"Racially, I am white. I am a woman. I am 73 years old. Ideologically, I am conservative. I attend church. I am somewhat interested in politics. ",Donald Trump
1,2,1,80,4,2,1,white,woman,80,moderate,attend church,somewhat,"Racially, I am white. I am a woman. I am 80 years old. Ideologically, I am moderate. I attend church. I am somewhat interested in politics. ",Kamala Harris
2,2,1,69,6,1,1,white,woman,69,conservative,attend church,very,"Racially, I am white. I am a woman. I am 69 years old. Ideologically, I am conservative. I attend church. I am very interested in politics. ",Donald Trump
1,2,1,43,1,2,2,white,woman,43,extremely liberal,do not attend church,somewhat,"Racially, I am white. I am a woman. I am 43 years old. Ideologically, I am extremely liberal. I do not attend church. I am somewhat interested in politics. ",Kamala Harris
1,2,1,79,2,1,2,white,woman,79,liberal,do not attend church,very,"Racially, I am white. I am a woman. I am 79 years old. Ideologically, I am liberal. I do not attend church. I am very interested in politics. ",Kamala Harris
1,2,1,27,4,2,2,white,woman,27,moderate,do not attend church,somewhat,"Racially, I am white. I am a woman. I am 27 years old. Ideologically, I am moderate. I do not attend church. I am somewhat interested in politics. ",Kamala Harris
2,1,1,35,6,4,1,white,man,35,conservative,attend church,not at all,"Racially, I am white. I am a man. I am 35 years old. Ideologically, I am conservative. I attend church. I am not at all interested in politics. ",Donald Trump
2,2,1,80,6,2,1,white,woman,80,conservative,attend church,somewhat,"Racially, I am white. I am a woman. I am 80 years old. Ideologically, I am conservative. I attend church. I am somewhat interested in politics. ",Donald Trump
1,2,1,76,4,3,1,white,woman,76,moderate,attend church,not very,"Racially, I am white. I am a woman. I am 76 years old. Ideologically, I am moderate. I attend church. I am not very interested in politics. ",Kamala Harris
2,1,1,47,5,2,1,white,man,47,slightly conservative,attend church,somewhat,"Racially, I am white. I am a man. I am 47 years old. Ideologically, I am slightly conservative. I attend church. I am somewhat interested in politics. ",Donald Trump
2,1,1,80,6,2,2,white,man,80,conservative,do not attend church,somewhat,"Racially, I am white. I am a man. I am 80 years old. Ideologically, I am conservative. I do not attend church. I am somewhat interested in politics. ",Donald Trump
2,1,1,45,5,2,2,white,man,45,slightly conservative,do not attend church,somewhat,"Racially, I am white. I am a man. I am 45 years old. Ideologically, I am slightly conservative. I do not attend church. I am somewhat interested in politics. ",Donald Trump
2,2,1,39,7,2,2,white,woman,39,extremely conservative,do not attend church,somewhat,"Racially, I am white. I am a woman. I am 39 years old. Ideologically, I am extremely conservative. I do not attend church. I am somewhat interested in politics. ",Donald Trump
1,2,1,66,4,3,2,white,woman,66,moderate,do not attend church,not very,"Racially, I am white. I am a woman. I am 66 years old. Ideologically, I am moderate. I do not attend church. I am not very interested in politics. ",Kamala Harris
